--------------------------------------------------------
--  File created - Monday-May-02-2016   
--------------------------------------------------------
DROP TABLE "CSADMIN"."TBL_ACAD_ORG" cascade constraints;
DROP TABLE "CSADMIN"."TBL_CAREER" cascade constraints;
DROP TABLE "CSADMIN"."TBL_COMMENTS" cascade constraints;
DROP TABLE "CSADMIN"."TBL_COURSE_STATUS" cascade constraints;
DROP TABLE "CSADMIN"."TBL_FACULTY_TYPE" cascade constraints;
DROP TABLE "CSADMIN"."TBL_INSTITUTION" cascade constraints;
DROP TABLE "CSADMIN"."TBL_LOGIN" cascade constraints;
DROP TABLE "CSADMIN"."TBL_OFFER_STATUS" cascade constraints;
DROP TABLE "CSADMIN"."TBL_PROPOSAL" cascade constraints;
DROP TABLE "CSADMIN"."TBL_PROP_FACULTY" cascade constraints;
DROP TABLE "CSADMIN"."TBL_PROP_PRI_COURSES" cascade constraints;
DROP TABLE "CSADMIN"."TBL_PROP_SEC_COURSES" cascade constraints;
DROP TABLE "CSADMIN"."TBL_SHARED_PRI_COURSES" cascade constraints;
DROP TABLE "CSADMIN"."TBL_SHARED_SEC_COURSES" cascade constraints;
DROP TABLE "CSADMIN"."TBL_TERM" cascade constraints;
DROP TABLE "CSADMIN"."TBL_USERS" cascade constraints;
DROP SEQUENCE "CSADMIN"."PROPOSAL_SEQ";
DROP SEQUENCE "CSADMIN"."TBL_COMMENTS_SEQ";
DROP SEQUENCE "CSADMIN"."TBL_LOGIN_SEQ";
DROP SEQUENCE "CSADMIN"."TBL_PROPOSAL_SEQ";
DROP SEQUENCE "CSADMIN"."TBL_PROPOSAL_SEQ1";
DROP SEQUENCE "CSADMIN"."TBL_PROPOSAL_SEQ2";
DROP SEQUENCE "CSADMIN"."TBL_PROPOSAL_SEQ3";
DROP SEQUENCE "CSADMIN"."TBL_PROPOSAL_SEQ4";
DROP SEQUENCE "CSADMIN"."TBL_PROPOSAL_SEQ5";
DROP SEQUENCE "CSADMIN"."TBL_PROP_PRI_COURSES_SEQ";
DROP SEQUENCE "CSADMIN"."TBL_PROP_PRI_COURSES_SEQ1";
DROP SEQUENCE "CSADMIN"."TBL_PROP_PRI_COURSES_SEQ2";
DROP SEQUENCE "CSADMIN"."TBL_PROP_PRI_COURSES_SEQ3";
DROP SEQUENCE "CSADMIN"."TBL_PROP_SEC_COURSES_SEQ";
DROP SEQUENCE "CSADMIN"."TBL_PROP_SEC_COURSES_SEQ1";
DROP SEQUENCE "CSADMIN"."TBL_PROP_SEC_COURSES_SEQ2";
DROP SEQUENCE "CSADMIN"."TBL_PROP_SEC_COURSES_SEQ3";
DROP SEQUENCE "CSADMIN"."TEST_SEQ";
--------------------------------------------------------
--  DDL for Sequence PROPOSAL_SEQ
--------------------------------------------------------

   CREATE SEQUENCE  "CSADMIN"."PROPOSAL_SEQ"  MINVALUE 1 MAXVALUE 9999999999999999999999999999 INCREMENT BY 1 START WITH 1 CACHE 20 NOORDER  NOCYCLE ;
--------------------------------------------------------
--  DDL for Sequence TBL_COMMENTS_SEQ
--------------------------------------------------------

   CREATE SEQUENCE  "CSADMIN"."TBL_COMMENTS_SEQ"  MINVALUE 1 MAXVALUE 9999999999999999999999999999 INCREMENT BY 1 START WITH 1 CACHE 20 NOORDER  NOCYCLE ;
--------------------------------------------------------
--  DDL for Sequence TBL_LOGIN_SEQ
--------------------------------------------------------

   CREATE SEQUENCE  "CSADMIN"."TBL_LOGIN_SEQ"  MINVALUE 1 MAXVALUE 9999999999999999999999999999 INCREMENT BY 1 START WITH 1 CACHE 20 NOORDER  NOCYCLE ;
--------------------------------------------------------
--  DDL for Sequence TBL_PROPOSAL_SEQ
--------------------------------------------------------

   CREATE SEQUENCE  "CSADMIN"."TBL_PROPOSAL_SEQ"  MINVALUE 1 MAXVALUE 9999999999999999999999999999 INCREMENT BY 1 START WITH 1 CACHE 20 NOORDER  NOCYCLE ;
--------------------------------------------------------
--  DDL for Sequence TBL_PROPOSAL_SEQ1
--------------------------------------------------------

   CREATE SEQUENCE  "CSADMIN"."TBL_PROPOSAL_SEQ1"  MINVALUE 1 MAXVALUE 9999999999999999999999999999 INCREMENT BY 1 START WITH 1 CACHE 20 NOORDER  NOCYCLE ;
--------------------------------------------------------
--  DDL for Sequence TBL_PROPOSAL_SEQ2
--------------------------------------------------------

   CREATE SEQUENCE  "CSADMIN"."TBL_PROPOSAL_SEQ2"  MINVALUE 1 MAXVALUE 9999999999999999999999999999 INCREMENT BY 1 START WITH 21 CACHE 20 NOORDER  NOCYCLE ;
--------------------------------------------------------
--  DDL for Sequence TBL_PROPOSAL_SEQ3
--------------------------------------------------------

   CREATE SEQUENCE  "CSADMIN"."TBL_PROPOSAL_SEQ3"  MINVALUE 1 MAXVALUE 9999999999999999999999999999 INCREMENT BY 1 START WITH 21 CACHE 20 NOORDER  NOCYCLE ;
--------------------------------------------------------
--  DDL for Sequence TBL_PROPOSAL_SEQ4
--------------------------------------------------------

   CREATE SEQUENCE  "CSADMIN"."TBL_PROPOSAL_SEQ4"  MINVALUE 1 MAXVALUE 9999999999999999999999999999 INCREMENT BY 1 START WITH 21 CACHE 20 NOORDER  NOCYCLE ;
--------------------------------------------------------
--  DDL for Sequence TBL_PROPOSAL_SEQ5
--------------------------------------------------------

   CREATE SEQUENCE  "CSADMIN"."TBL_PROPOSAL_SEQ5"  MINVALUE 1 MAXVALUE 9999999999999999999999999999 INCREMENT BY 1 START WITH 121 CACHE 20 NOORDER  NOCYCLE ;
--------------------------------------------------------
--  DDL for Sequence TBL_PROP_PRI_COURSES_SEQ
--------------------------------------------------------

   CREATE SEQUENCE  "CSADMIN"."TBL_PROP_PRI_COURSES_SEQ"  MINVALUE 1 MAXVALUE 9999999999999999999999999999 INCREMENT BY 1 START WITH 1 CACHE 20 NOORDER  NOCYCLE ;
--------------------------------------------------------
--  DDL for Sequence TBL_PROP_PRI_COURSES_SEQ1
--------------------------------------------------------

   CREATE SEQUENCE  "CSADMIN"."TBL_PROP_PRI_COURSES_SEQ1"  MINVALUE 1 MAXVALUE 9999999999999999999999999999 INCREMENT BY 1 START WITH 1 CACHE 20 NOORDER  NOCYCLE ;
--------------------------------------------------------
--  DDL for Sequence TBL_PROP_PRI_COURSES_SEQ2
--------------------------------------------------------

   CREATE SEQUENCE  "CSADMIN"."TBL_PROP_PRI_COURSES_SEQ2"  MINVALUE 1 MAXVALUE 9999999999999999999999999999 INCREMENT BY 1 START WITH 21 CACHE 20 NOORDER  NOCYCLE ;
--------------------------------------------------------
--  DDL for Sequence TBL_PROP_PRI_COURSES_SEQ3
--------------------------------------------------------

   CREATE SEQUENCE  "CSADMIN"."TBL_PROP_PRI_COURSES_SEQ3"  MINVALUE 1 MAXVALUE 9999999999999999999999999999 INCREMENT BY 1 START WITH 61 CACHE 20 NOORDER  NOCYCLE ;
--------------------------------------------------------
--  DDL for Sequence TBL_PROP_SEC_COURSES_SEQ
--------------------------------------------------------

   CREATE SEQUENCE  "CSADMIN"."TBL_PROP_SEC_COURSES_SEQ"  MINVALUE 1 MAXVALUE 9999999999999999999999999999 INCREMENT BY 1 START WITH 1 CACHE 20 NOORDER  NOCYCLE ;
--------------------------------------------------------
--  DDL for Sequence TBL_PROP_SEC_COURSES_SEQ1
--------------------------------------------------------

   CREATE SEQUENCE  "CSADMIN"."TBL_PROP_SEC_COURSES_SEQ1"  MINVALUE 1 MAXVALUE 9999999999999999999999999999 INCREMENT BY 1 START WITH 1 CACHE 20 NOORDER  NOCYCLE ;
--------------------------------------------------------
--  DDL for Sequence TBL_PROP_SEC_COURSES_SEQ2
--------------------------------------------------------

   CREATE SEQUENCE  "CSADMIN"."TBL_PROP_SEC_COURSES_SEQ2"  MINVALUE 1 MAXVALUE 9999999999999999999999999999 INCREMENT BY 1 START WITH 1 CACHE 20 NOORDER  NOCYCLE ;
--------------------------------------------------------
--  DDL for Sequence TBL_PROP_SEC_COURSES_SEQ3
--------------------------------------------------------

   CREATE SEQUENCE  "CSADMIN"."TBL_PROP_SEC_COURSES_SEQ3"  MINVALUE 1 MAXVALUE 9999999999999999999999999999 INCREMENT BY 1 START WITH 41 CACHE 20 NOORDER  NOCYCLE ;
--------------------------------------------------------
--  DDL for Sequence TEST_SEQ
--------------------------------------------------------

   CREATE SEQUENCE  "CSADMIN"."TEST_SEQ"  MINVALUE 1 MAXVALUE 9999999999999999999999999999 INCREMENT BY 1 START WITH 21 CACHE 20 NOORDER  NOCYCLE ;
--------------------------------------------------------
--  DDL for Table TBL_ACAD_ORG
--------------------------------------------------------

  CREATE TABLE "CSADMIN"."TBL_ACAD_ORG" 
   (	"ACAD_ORG" VARCHAR2(10 BYTE), 
	"EFFDT" DATE, 
	"EFF_STATUS" VARCHAR2(1 BYTE), 
	"DESCR" VARCHAR2(30 BYTE), 
	"DESCRSHORT" VARCHAR2(10 BYTE), 
	"DESCRFORMAL" VARCHAR2(50 BYTE)
   ) SEGMENT CREATION IMMEDIATE 
  PCTFREE 10 PCTUSED 40 INITRANS 1 MAXTRANS 255 NOCOMPRESS NOLOGGING
  STORAGE(INITIAL 65536 NEXT 1048576 MINEXTENTS 1 MAXEXTENTS 2147483645
  PCTINCREASE 0 FREELISTS 1 FREELIST GROUPS 1 BUFFER_POOL DEFAULT FLASH_CACHE DEFAULT CELL_FLASH_CACHE DEFAULT)
  TABLESPACE "COURSE_SHARE" ;
--------------------------------------------------------
--  DDL for Table TBL_CAREER
--------------------------------------------------------

  CREATE TABLE "CSADMIN"."TBL_CAREER" 
   (	"ACAD_CAREER" VARCHAR2(4 BYTE), 
	"DESCR" VARCHAR2(30 BYTE), 
	"DESCR_SHORT" VARCHAR2(10 BYTE)
   ) SEGMENT CREATION IMMEDIATE 
  PCTFREE 10 PCTUSED 40 INITRANS 1 MAXTRANS 255 NOCOMPRESS NOLOGGING
  STORAGE(INITIAL 65536 NEXT 1048576 MINEXTENTS 1 MAXEXTENTS 2147483645
  PCTINCREASE 0 FREELISTS 1 FREELIST GROUPS 1 BUFFER_POOL DEFAULT FLASH_CACHE DEFAULT CELL_FLASH_CACHE DEFAULT)
  TABLESPACE "COURSE_SHARE" ;
--------------------------------------------------------
--  DDL for Table TBL_COMMENTS
--------------------------------------------------------

  CREATE TABLE "CSADMIN"."TBL_COMMENTS" 
   (	"COMMENT_ID" NUMBER(*,0), 
	"PROPID" NUMBER(*,0), 
	"PRI_SEQ_NUM" NUMBER(*,0), 
	"SEC_SEQ_NUM" NUMBER(*,0), 
	"COM_TEXT" CLOB, 
	"USERID" VARCHAR2(20 BYTE), 
	"COM_TIMESTAMP" TIMESTAMP (6) DEFAULT CURRENT_TIMESTAMP(6)
   ) SEGMENT CREATION IMMEDIATE 
  PCTFREE 10 PCTUSED 40 INITRANS 1 MAXTRANS 255 NOCOMPRESS NOLOGGING
  STORAGE(INITIAL 65536 NEXT 1048576 MINEXTENTS 1 MAXEXTENTS 2147483645
  PCTINCREASE 0 FREELISTS 1 FREELIST GROUPS 1 BUFFER_POOL DEFAULT FLASH_CACHE DEFAULT CELL_FLASH_CACHE DEFAULT)
  TABLESPACE "COURSE_SHARE" 
 LOB ("COM_TEXT") STORE AS BASICFILE (
  TABLESPACE "COURSE_SHARE" ENABLE STORAGE IN ROW CHUNK 8192 RETENTION 
  NOCACHE NOLOGGING 
  STORAGE(INITIAL 65536 NEXT 1048576 MINEXTENTS 1 MAXEXTENTS 2147483645
  PCTINCREASE 0 FREELISTS 1 FREELIST GROUPS 1 BUFFER_POOL DEFAULT FLASH_CACHE DEFAULT CELL_FLASH_CACHE DEFAULT)) ;

   COMMENT ON COLUMN "CSADMIN"."TBL_COMMENTS"."COMMENT_ID" IS 'Unique Identifier for comment (Primary Key)';
   COMMENT ON COLUMN "CSADMIN"."TBL_COMMENTS"."PROPID" IS 'Proposal id number. Relates comment to proposal';
   COMMENT ON COLUMN "CSADMIN"."TBL_COMMENTS"."PRI_SEQ_NUM" IS 'Propsal primary sequence number to relate comment if relates to a proposed primary course entry';
   COMMENT ON COLUMN "CSADMIN"."TBL_COMMENTS"."SEC_SEQ_NUM" IS 'Proposal secondary sequence number to relate comment if relates to proposed secondary course entry';
   COMMENT ON COLUMN "CSADMIN"."TBL_COMMENTS"."COM_TEXT" IS 'Comment text (Required)';
   COMMENT ON COLUMN "CSADMIN"."TBL_COMMENTS"."USERID" IS 'User who entered the comment (Required)';
   COMMENT ON COLUMN "CSADMIN"."TBL_COMMENTS"."COM_TIMESTAMP" IS 'Timestamp as to when the comment was entered (Required, auto generated)';
--------------------------------------------------------
--  DDL for Table TBL_COURSE_STATUS
--------------------------------------------------------

  CREATE TABLE "CSADMIN"."TBL_COURSE_STATUS" 
   (	"COURSE_STATUS" VARCHAR2(20 BYTE), 
	"COURSE_STATUS_DESCR" VARCHAR2(100 BYTE)
   ) SEGMENT CREATION IMMEDIATE 
  PCTFREE 10 PCTUSED 40 INITRANS 1 MAXTRANS 255 NOCOMPRESS NOLOGGING
  STORAGE(INITIAL 65536 NEXT 1048576 MINEXTENTS 1 MAXEXTENTS 2147483645
  PCTINCREASE 0 FREELISTS 1 FREELIST GROUPS 1 BUFFER_POOL DEFAULT FLASH_CACHE DEFAULT CELL_FLASH_CACHE DEFAULT)
  TABLESPACE "COURSE_SHARE" ;
--------------------------------------------------------
--  DDL for Table TBL_FACULTY_TYPE
--------------------------------------------------------

  CREATE TABLE "CSADMIN"."TBL_FACULTY_TYPE" 
   (	"FACULTY_TYPE" VARCHAR2(15 BYTE)
   ) SEGMENT CREATION IMMEDIATE 
  PCTFREE 10 PCTUSED 40 INITRANS 1 MAXTRANS 255 NOCOMPRESS NOLOGGING
  STORAGE(INITIAL 65536 NEXT 1048576 MINEXTENTS 1 MAXEXTENTS 2147483645
  PCTINCREASE 0 FREELISTS 1 FREELIST GROUPS 1 BUFFER_POOL DEFAULT FLASH_CACHE DEFAULT CELL_FLASH_CACHE DEFAULT)
  TABLESPACE "COURSE_SHARE" ;
--------------------------------------------------------
--  DDL for Table TBL_INSTITUTION
--------------------------------------------------------

  CREATE TABLE "CSADMIN"."TBL_INSTITUTION" 
   (	"INSTITUTION" VARCHAR2(5 BYTE), 
	"INSTIT_DESCR" VARCHAR2(20 BYTE)
   ) SEGMENT CREATION IMMEDIATE 
  PCTFREE 10 PCTUSED 40 INITRANS 1 MAXTRANS 255 NOCOMPRESS NOLOGGING
  STORAGE(INITIAL 65536 NEXT 1048576 MINEXTENTS 1 MAXEXTENTS 2147483645
  PCTINCREASE 0 FREELISTS 1 FREELIST GROUPS 1 BUFFER_POOL DEFAULT FLASH_CACHE DEFAULT CELL_FLASH_CACHE DEFAULT)
  TABLESPACE "COURSE_SHARE" ;
--------------------------------------------------------
--  DDL for Table TBL_LOGIN
--------------------------------------------------------

  CREATE TABLE "CSADMIN"."TBL_LOGIN" 
   (	"USER_ID" NUMBER(*,0), 
	"SSO" VARCHAR2(20 BYTE), 
	"HASHPASS" VARCHAR2(20 BYTE), 
	"USER_TYPE" VARCHAR2(20 BYTE) DEFAULT USER
   ) SEGMENT CREATION IMMEDIATE 
  PCTFREE 10 PCTUSED 40 INITRANS 1 MAXTRANS 255 NOCOMPRESS NOLOGGING
  STORAGE(INITIAL 65536 NEXT 1048576 MINEXTENTS 1 MAXEXTENTS 2147483645
  PCTINCREASE 0 FREELISTS 1 FREELIST GROUPS 1 BUFFER_POOL DEFAULT FLASH_CACHE DEFAULT CELL_FLASH_CACHE DEFAULT)
  TABLESPACE "COURSE_SHARE" ;
--------------------------------------------------------
--  DDL for Table TBL_OFFER_STATUS
--------------------------------------------------------

  CREATE TABLE "CSADMIN"."TBL_OFFER_STATUS" 
   (	"OFFER_STATUS" VARCHAR2(20 BYTE), 
	"OFFER_DESCR" VARCHAR2(100 BYTE)
   ) SEGMENT CREATION IMMEDIATE 
  PCTFREE 10 PCTUSED 40 INITRANS 1 MAXTRANS 255 NOCOMPRESS NOLOGGING
  STORAGE(INITIAL 65536 NEXT 1048576 MINEXTENTS 1 MAXEXTENTS 2147483645
  PCTINCREASE 0 FREELISTS 1 FREELIST GROUPS 1 BUFFER_POOL DEFAULT FLASH_CACHE DEFAULT CELL_FLASH_CACHE DEFAULT)
  TABLESPACE "COURSE_SHARE" ;

   COMMENT ON TABLE "CSADMIN"."TBL_OFFER_STATUS"  IS 'TBL_AWARD_STATUS: Holds the proposal award status values
VALUES: Pending, Awarded, Denied, Withdrawn, Cancelled';
--------------------------------------------------------
--  DDL for Table TBL_PROPOSAL
--------------------------------------------------------

  CREATE TABLE "CSADMIN"."TBL_PROPOSAL" 
   (	"PROPID" NUMBER(*,0), 
	"PROP_OFFER_TERM" VARCHAR2(4 BYTE), 
	"PROP_BUDGET_REQUESTED" NUMBER(12,2), 
	"PROP_OFFER_STATUS" VARCHAR2(5 BYTE), 
	"PROP_DESCR" CLOB, 
	"SUBMITTED_BY" VARCHAR2(20 BYTE), 
	"SUBMIT_DATE" DATE, 
	"INSERT_BY" VARCHAR2(20 BYTE), 
	"INSERT_DATE" TIMESTAMP (6) WITH LOCAL TIME ZONE, 
	"MOD_BY" VARCHAR2(20 BYTE), 
	"MOD_DATE" TIMESTAMP (6) DEFAULT CURRENT_TIMESTAMP(6), 
	"AWARD_TERM" VARCHAR2(5 BYTE)
   ) SEGMENT CREATION IMMEDIATE 
  PCTFREE 10 PCTUSED 40 INITRANS 1 MAXTRANS 255 NOCOMPRESS NOLOGGING
  STORAGE(INITIAL 65536 NEXT 1048576 MINEXTENTS 1 MAXEXTENTS 2147483645
  PCTINCREASE 0 FREELISTS 1 FREELIST GROUPS 1 BUFFER_POOL DEFAULT FLASH_CACHE DEFAULT CELL_FLASH_CACHE DEFAULT)
  TABLESPACE "COURSE_SHARE" 
 LOB ("PROP_DESCR") STORE AS BASICFILE (
  TABLESPACE "COURSE_SHARE" ENABLE STORAGE IN ROW CHUNK 8192 RETENTION 
  NOCACHE NOLOGGING 
  STORAGE(INITIAL 65536 NEXT 1048576 MINEXTENTS 1 MAXEXTENTS 2147483645
  PCTINCREASE 0 FREELISTS 1 FREELIST GROUPS 1 BUFFER_POOL DEFAULT FLASH_CACHE DEFAULT CELL_FLASH_CACHE DEFAULT)) ;
--------------------------------------------------------
--  DDL for Table TBL_PROP_FACULTY
--------------------------------------------------------

  CREATE TABLE "CSADMIN"."TBL_PROP_FACULTY" 
   (	"PROPID" NUMBER(*,0), 
	"CRSE_SEQ_NUM" NUMBER(*,0), 
	"COURSE_TYPE" VARCHAR2(15 BYTE), 
	"USER_ID" VARCHAR2(10 BYTE), 
	"FACULTY_TYPE" VARCHAR2(20 BYTE)
   ) SEGMENT CREATION IMMEDIATE 
  PCTFREE 10 PCTUSED 40 INITRANS 1 MAXTRANS 255 NOCOMPRESS NOLOGGING
  STORAGE(INITIAL 65536 NEXT 1048576 MINEXTENTS 1 MAXEXTENTS 2147483645
  PCTINCREASE 0 FREELISTS 1 FREELIST GROUPS 1 BUFFER_POOL DEFAULT FLASH_CACHE DEFAULT CELL_FLASH_CACHE DEFAULT)
  TABLESPACE "COURSE_SHARE" ;

   COMMENT ON COLUMN "CSADMIN"."TBL_PROP_FACULTY"."COURSE_TYPE" IS 'Is the course a primary/secondary course';
--------------------------------------------------------
--  DDL for Table TBL_PROP_PRI_COURSES
--------------------------------------------------------

  CREATE TABLE "CSADMIN"."TBL_PROP_PRI_COURSES" 
   (	"PROPID" NUMBER(*,0), 
	"PRI_SEQ_NUM" NUMBER(*,0), 
	"INSTITUTION" VARCHAR2(5 BYTE), 
	"CAREER" VARCHAR2(4 BYTE), 
	"SUBJECT" VARCHAR2(30 BYTE), 
	"CATALOG_NUM" VARCHAR2(30 BYTE), 
	"DESCR" VARCHAR2(50 BYTE), 
	"DESCR_TOPICS" VARCHAR2(50 BYTE), 
	"LONG_DESCR" CLOB, 
	"ACAD_ORG" VARCHAR2(10 BYTE), 
	"COURSE_STATUS" VARCHAR2(5 BYTE), 
	"PRI_CRSE_BUDGET" FLOAT(126), 
	"MOD_BY" VARCHAR2(20 BYTE), 
	"MOD_DATE" TIMESTAMP (6) DEFAULT CURRENT_TIMESTAMP(6)
   ) SEGMENT CREATION IMMEDIATE 
  PCTFREE 10 PCTUSED 40 INITRANS 1 MAXTRANS 255 NOCOMPRESS NOLOGGING
  STORAGE(INITIAL 65536 NEXT 1048576 MINEXTENTS 1 MAXEXTENTS 2147483645
  PCTINCREASE 0 FREELISTS 1 FREELIST GROUPS 1 BUFFER_POOL DEFAULT FLASH_CACHE DEFAULT CELL_FLASH_CACHE DEFAULT)
  TABLESPACE "COURSE_SHARE" 
 LOB ("LONG_DESCR") STORE AS BASICFILE (
  TABLESPACE "COURSE_SHARE" ENABLE STORAGE IN ROW CHUNK 8192 RETENTION 
  NOCACHE NOLOGGING 
  STORAGE(INITIAL 65536 NEXT 1048576 MINEXTENTS 1 MAXEXTENTS 2147483645
  PCTINCREASE 0 FREELISTS 1 FREELIST GROUPS 1 BUFFER_POOL DEFAULT FLASH_CACHE DEFAULT CELL_FLASH_CACHE DEFAULT)) ;

   COMMENT ON COLUMN "CSADMIN"."TBL_PROP_PRI_COURSES"."DESCR" IS 'Title of course';
   COMMENT ON COLUMN "CSADMIN"."TBL_PROP_PRI_COURSES"."DESCR_TOPICS" IS 'Topics of course if applicable';
--------------------------------------------------------
--  DDL for Table TBL_PROP_SEC_COURSES
--------------------------------------------------------

  CREATE TABLE "CSADMIN"."TBL_PROP_SEC_COURSES" 
   (	"PROPID" NUMBER(*,0), 
	"PRI_SEQ_NUM" NUMBER(*,0), 
	"SEC_SEQ_NUM" NUMBER(*,0), 
	"INSTITUTION" VARCHAR2(5 BYTE), 
	"CAREER" VARCHAR2(4 BYTE), 
	"SUBJECT" VARCHAR2(30 BYTE), 
	"CATALOG_NUM" VARCHAR2(30 BYTE), 
	"DESCR" VARCHAR2(50 BYTE), 
	"DESCR_TOPICS" VARCHAR2(50 BYTE), 
	"LONG_DESCR" CLOB, 
	"ACAD_ORG" VARCHAR2(10 BYTE), 
	"COURSE_STATUS" VARCHAR2(5 BYTE), 
	"SEC_CRSE_BUDGET" FLOAT(126), 
	"MOD_BY" VARCHAR2(20 BYTE), 
	"MOD_DATE" TIMESTAMP (6) DEFAULT CURRENT_TIMESTAMP(6)
   ) SEGMENT CREATION IMMEDIATE 
  PCTFREE 10 PCTUSED 40 INITRANS 1 MAXTRANS 255 NOCOMPRESS NOLOGGING
  STORAGE(INITIAL 65536 NEXT 1048576 MINEXTENTS 1 MAXEXTENTS 2147483645
  PCTINCREASE 0 FREELISTS 1 FREELIST GROUPS 1 BUFFER_POOL DEFAULT FLASH_CACHE DEFAULT CELL_FLASH_CACHE DEFAULT)
  TABLESPACE "COURSE_SHARE" 
 LOB ("LONG_DESCR") STORE AS BASICFILE (
  TABLESPACE "COURSE_SHARE" ENABLE STORAGE IN ROW CHUNK 8192 RETENTION 
  NOCACHE NOLOGGING 
  STORAGE(INITIAL 65536 NEXT 1048576 MINEXTENTS 1 MAXEXTENTS 2147483645
  PCTINCREASE 0 FREELISTS 1 FREELIST GROUPS 1 BUFFER_POOL DEFAULT FLASH_CACHE DEFAULT CELL_FLASH_CACHE DEFAULT)) ;

   COMMENT ON COLUMN "CSADMIN"."TBL_PROP_SEC_COURSES"."DESCR" IS 'Secondary course title';
   COMMENT ON COLUMN "CSADMIN"."TBL_PROP_SEC_COURSES"."DESCR_TOPICS" IS 'Secondary course topics';
   COMMENT ON COLUMN "CSADMIN"."TBL_PROP_SEC_COURSES"."LONG_DESCR" IS 'Description of course';
--------------------------------------------------------
--  DDL for Table TBL_SHARED_PRI_COURSES
--------------------------------------------------------

  CREATE TABLE "CSADMIN"."TBL_SHARED_PRI_COURSES" 
   (	"PROPID" NUMBER(*,0), 
	"PRI_COURSE_ID" VARCHAR2(6 BYTE), 
	"INSTITUTION" VARCHAR2(5 BYTE), 
	"CAREER" VARCHAR2(4 BYTE), 
	"SUBJECT" VARCHAR2(8 BYTE), 
	"CATALOG_NUM" VARCHAR2(10 BYTE), 
	"DESCR" VARCHAR2(30 BYTE), 
	"DESCR_TOPICS" VARCHAR2(30 BYTE), 
	"LONG_DESCR" CLOB, 
	"CLASS_NBR" NUMBER(*,0), 
	"STRM" VARCHAR2(4 BYTE), 
	"CLASS_SECTION" VARCHAR2(4 BYTE), 
	"MOD_BY" VARCHAR2(20 BYTE), 
	"MOD_DATE" TIMESTAMP (6) DEFAULT CURRENT_TIMESTAMP(6)
   ) SEGMENT CREATION IMMEDIATE 
  PCTFREE 10 PCTUSED 40 INITRANS 1 MAXTRANS 255 NOCOMPRESS NOLOGGING
  STORAGE(INITIAL 65536 NEXT 1048576 MINEXTENTS 1 MAXEXTENTS 2147483645
  PCTINCREASE 0 FREELISTS 1 FREELIST GROUPS 1 BUFFER_POOL DEFAULT FLASH_CACHE DEFAULT CELL_FLASH_CACHE DEFAULT)
  TABLESPACE "COURSE_SHARE" 
 LOB ("LONG_DESCR") STORE AS BASICFILE (
  TABLESPACE "COURSE_SHARE" ENABLE STORAGE IN ROW CHUNK 8192 RETENTION 
  NOCACHE NOLOGGING 
  STORAGE(INITIAL 65536 NEXT 1048576 MINEXTENTS 1 MAXEXTENTS 2147483645
  PCTINCREASE 0 FREELISTS 1 FREELIST GROUPS 1 BUFFER_POOL DEFAULT FLASH_CACHE DEFAULT CELL_FLASH_CACHE DEFAULT)) ;
--------------------------------------------------------
--  DDL for Table TBL_SHARED_SEC_COURSES
--------------------------------------------------------

  CREATE TABLE "CSADMIN"."TBL_SHARED_SEC_COURSES" 
   (	"PROPID" NUMBER(*,0), 
	"PRI_COURSE_ID" VARCHAR2(6 BYTE), 
	"SEC_COURSE_ID" VARCHAR2(6 BYTE), 
	"INSTITUTION" VARCHAR2(5 BYTE), 
	"CAREER" VARCHAR2(4 BYTE), 
	"SUBJECT" VARCHAR2(8 BYTE), 
	"CATALOG_NUM" VARCHAR2(10 BYTE), 
	"DESCR" VARCHAR2(30 BYTE), 
	"DESCR_TOPICS" VARCHAR2(30 BYTE), 
	"LONG_DESCR" CLOB, 
	"CLASS_NBR" NUMBER(*,0), 
	"STRM" VARCHAR2(4 BYTE), 
	"CLASS_SECTION" VARCHAR2(4 BYTE), 
	"MOD_BY" VARCHAR2(20 BYTE), 
	"MOD_DATE" TIMESTAMP (6) DEFAULT CURRENT_TIMESTAMP(6)
   ) SEGMENT CREATION IMMEDIATE 
  PCTFREE 10 PCTUSED 40 INITRANS 1 MAXTRANS 255 NOCOMPRESS NOLOGGING
  STORAGE(INITIAL 65536 NEXT 1048576 MINEXTENTS 1 MAXEXTENTS 2147483645
  PCTINCREASE 0 FREELISTS 1 FREELIST GROUPS 1 BUFFER_POOL DEFAULT FLASH_CACHE DEFAULT CELL_FLASH_CACHE DEFAULT)
  TABLESPACE "COURSE_SHARE" 
 LOB ("LONG_DESCR") STORE AS BASICFILE (
  TABLESPACE "COURSE_SHARE" ENABLE STORAGE IN ROW CHUNK 8192 RETENTION 
  NOCACHE NOLOGGING 
  STORAGE(INITIAL 65536 NEXT 1048576 MINEXTENTS 1 MAXEXTENTS 2147483645
  PCTINCREASE 0 FREELISTS 1 FREELIST GROUPS 1 BUFFER_POOL DEFAULT FLASH_CACHE DEFAULT CELL_FLASH_CACHE DEFAULT)) ;
--------------------------------------------------------
--  DDL for Table TBL_TERM
--------------------------------------------------------

  CREATE TABLE "CSADMIN"."TBL_TERM" 
   (	"STRM" VARCHAR2(4 BYTE), 
	"DESCR" VARCHAR2(30 BYTE), 
	"DESCRSHORT" VARCHAR2(10 BYTE), 
	"ACAD_YEAR" VARCHAR2(4 BYTE)
   ) SEGMENT CREATION IMMEDIATE 
  PCTFREE 10 PCTUSED 40 INITRANS 1 MAXTRANS 255 NOCOMPRESS NOLOGGING
  STORAGE(INITIAL 65536 NEXT 1048576 MINEXTENTS 1 MAXEXTENTS 2147483645
  PCTINCREASE 0 FREELISTS 1 FREELIST GROUPS 1 BUFFER_POOL DEFAULT FLASH_CACHE DEFAULT CELL_FLASH_CACHE DEFAULT)
  TABLESPACE "COURSE_SHARE" ;
--------------------------------------------------------
--  DDL for Table TBL_USERS
--------------------------------------------------------

  CREATE TABLE "CSADMIN"."TBL_USERS" 
   (	"USER_ID" VARCHAR2(10 BYTE), 
	"LAST_NAME" VARCHAR2(20 BYTE), 
	"FIRST_NAME" VARCHAR2(20 BYTE), 
	"TITLE" VARCHAR2(50 BYTE), 
	"PHONE" VARCHAR2(10 BYTE), 
	"EMAIL" VARCHAR2(50 BYTE), 
	"EMPLID" VARCHAR2(10 BYTE)
   ) SEGMENT CREATION IMMEDIATE 
  PCTFREE 10 PCTUSED 40 INITRANS 1 MAXTRANS 255 NOCOMPRESS NOLOGGING
  STORAGE(INITIAL 65536 NEXT 1048576 MINEXTENTS 1 MAXEXTENTS 2147483645
  PCTINCREASE 0 FREELISTS 1 FREELIST GROUPS 1 BUFFER_POOL DEFAULT FLASH_CACHE DEFAULT CELL_FLASH_CACHE DEFAULT)
  TABLESPACE "COURSE_SHARE" ;
REM INSERTING into CSADMIN.TBL_ACAD_ORG
SET DEFINE OFF;
REM INSERTING into CSADMIN.TBL_CAREER
SET DEFINE OFF;
Insert into CSADMIN.TBL_CAREER (ACAD_CAREER,DESCR,DESCR_SHORT) values ('UGRD','Undergraduate','Undergrad');
Insert into CSADMIN.TBL_CAREER (ACAD_CAREER,DESCR,DESCR_SHORT) values ('GRAD','Graduate','Graduate');
commit;
REM INSERTING into CSADMIN.TBL_COMMENTS
SET DEFINE OFF;
REM INSERTING into CSADMIN.TBL_COURSE_STATUS
SET DEFINE OFF;
Insert into CSADMIN.TBL_COURSE_STATUS (COURSE_STATUS,COURSE_STATUS_DESCR) values ('activ','Active');
Insert into CSADMIN.TBL_COURSE_STATUS (COURSE_STATUS,COURSE_STATUS_DESCR) values ('inact','In Active');
Insert into CSADMIN.TBL_COURSE_STATUS (COURSE_STATUS,COURSE_STATUS_DESCR) values ('indev','In Development');
commit;
REM INSERTING into CSADMIN.TBL_FACULTY_TYPE
SET DEFINE OFF;
Insert into CSADMIN.TBL_FACULTY_TYPE (FACULTY_TYPE) values ('Collaborator');
Insert into CSADMIN.TBL_FACULTY_TYPE (FACULTY_TYPE) values ('Primary');
commit;
REM INSERTING into CSADMIN.TBL_INSTITUTION
SET DEFINE OFF;
Insert into CSADMIN.TBL_INSTITUTION (INSTITUTION,INSTIT_DESCR) values ('COLUM','Columbia');
Insert into CSADMIN.TBL_INSTITUTION (INSTITUTION,INSTIT_DESCR) values ('UMKC','Kansas City');
Insert into CSADMIN.TBL_INSTITUTION (INSTITUTION,INSTIT_DESCR) values ('UMSL','St. Louis');
Insert into CSADMIN.TBL_INSTITUTION (INSTITUTION,INSTIT_DESCR) values ('ROLLA','Rolla');
commit;
REM INSERTING into CSADMIN.TBL_LOGIN
SET DEFINE OFF;
REM INSERTING into CSADMIN.TBL_OFFER_STATUS
SET DEFINE OFF;
Insert into CSADMIN.TBL_OFFER_STATUS (OFFER_STATUS,OFFER_DESCR) values ('pend','Pending');
Insert into CSADMIN.TBL_OFFER_STATUS (OFFER_STATUS,OFFER_DESCR) values ('awrd','Awarded');
Insert into CSADMIN.TBL_OFFER_STATUS (OFFER_STATUS,OFFER_DESCR) values ('deny','Denied');
Insert into CSADMIN.TBL_OFFER_STATUS (OFFER_STATUS,OFFER_DESCR) values ('canc','Cancelled');
Insert into CSADMIN.TBL_OFFER_STATUS (OFFER_STATUS,OFFER_DESCR) values ('Wthd','Withdrawn');
commit;
REM INSERTING into CSADMIN.TBL_PROPOSAL
SET DEFINE OFF;
Insert into CSADMIN.TBL_PROPOSAL (PROPID,PROP_OFFER_TERM,PROP_BUDGET_REQUESTED,PROP_OFFER_STATUS,SUBMITTED_BY,SUBMIT_DATE,INSERT_BY,INSERT_DATE,MOD_BY,MOD_DATE,AWARD_TERM) values (3,'4343',7000,'awrd','FRIELJ',to_date('06-JUN-16','DD-MON-RR'),'TIGERT',to_timestamp('19-APR-16 12.00.00.000000000 AM','DD-MON-RR HH.MI.SSXFF AM'),'FRIELJ',to_timestamp('18-APR-16 08.23.22.244000000 PM','DD-MON-RR HH.MI.SSXFF AM'),'4643');
Insert into CSADMIN.TBL_PROPOSAL (PROPID,PROP_OFFER_TERM,PROP_BUDGET_REQUESTED,PROP_OFFER_STATUS,SUBMITTED_BY,SUBMIT_DATE,INSERT_BY,INSERT_DATE,MOD_BY,MOD_DATE,AWARD_TERM) values (4,'4243',null,'awrd','TIGERT',to_date('06-JUN-16','DD-MON-RR'),'TIGERT',to_timestamp('19-APR-16 12.00.00.000000000 AM','DD-MON-RR HH.MI.SSXFF AM'),'FRIELJ',to_timestamp('18-APR-16 08.40.48.808000000 PM','DD-MON-RR HH.MI.SSXFF AM'),null);
Insert into CSADMIN.TBL_PROPOSAL (PROPID,PROP_OFFER_TERM,PROP_BUDGET_REQUESTED,PROP_OFFER_STATUS,SUBMITTED_BY,SUBMIT_DATE,INSERT_BY,INSERT_DATE,MOD_BY,MOD_DATE,AWARD_TERM) values (5,'4335',8000,'awrd','TIGERT',to_date('01-JUN-15','DD-MON-RR'),'TIGERT',to_timestamp('19-APR-16 12.00.00.000000000 AM','DD-MON-RR HH.MI.SSXFF AM'),'FRIELJ',to_timestamp('18-APR-16 08.43.28.037000000 PM','DD-MON-RR HH.MI.SSXFF AM'),null);
Insert into CSADMIN.TBL_PROPOSAL (PROPID,PROP_OFFER_TERM,PROP_BUDGET_REQUESTED,PROP_OFFER_STATUS,SUBMITTED_BY,SUBMIT_DATE,INSERT_BY,INSERT_DATE,MOD_BY,MOD_DATE,AWARD_TERM) values (6,'4443',12.33,'pend','TIGERT',to_date('06-JUN-16','DD-MON-RR'),'TIGERT',to_timestamp('19-APR-16 12.00.00.000000000 AM','DD-MON-RR HH.MI.SSXFF AM'),'FRIELJ',to_timestamp('18-APR-16 09.01.29.038000000 PM','DD-MON-RR HH.MI.SSXFF AM'),null);
Insert into CSADMIN.TBL_PROPOSAL (PROPID,PROP_OFFER_TERM,PROP_BUDGET_REQUESTED,PROP_OFFER_STATUS,SUBMITTED_BY,SUBMIT_DATE,INSERT_BY,INSERT_DATE,MOD_BY,MOD_DATE,AWARD_TERM) values (7,'4443',12.33,'pend','TIGERT',to_date('06-JUN-16','DD-MON-RR'),'TIGERT',to_timestamp('19-APR-16 12.00.00.000000000 AM','DD-MON-RR HH.MI.SSXFF AM'),'FRIELJ',to_timestamp('18-APR-16 09.02.09.662000000 PM','DD-MON-RR HH.MI.SSXFF AM'),null);
Insert into CSADMIN.TBL_PROPOSAL (PROPID,PROP_OFFER_TERM,PROP_BUDGET_REQUESTED,PROP_OFFER_STATUS,SUBMITTED_BY,SUBMIT_DATE,INSERT_BY,INSERT_DATE,MOD_BY,MOD_DATE,AWARD_TERM) values (8,'4443',12.33,'pend','TIGERT',to_date('06-JUN-16','DD-MON-RR'),'TIGERT',to_timestamp('19-APR-16 12.00.00.000000000 AM','DD-MON-RR HH.MI.SSXFF AM'),'FRIELJ',to_timestamp('18-APR-16 09.04.54.276000000 PM','DD-MON-RR HH.MI.SSXFF AM'),null);
Insert into CSADMIN.TBL_PROPOSAL (PROPID,PROP_OFFER_TERM,PROP_BUDGET_REQUESTED,PROP_OFFER_STATUS,SUBMITTED_BY,SUBMIT_DATE,INSERT_BY,INSERT_DATE,MOD_BY,MOD_DATE,AWARD_TERM) values (10,'4443',12.33,'pend','TIGERT',to_date('06-JUN-16','DD-MON-RR'),'TIGERT',to_timestamp('19-APR-16 12.00.00.000000000 AM','DD-MON-RR HH.MI.SSXFF AM'),'FRIELJ',to_timestamp('18-APR-16 09.16.35.074000000 PM','DD-MON-RR HH.MI.SSXFF AM'),null);
Insert into CSADMIN.TBL_PROPOSAL (PROPID,PROP_OFFER_TERM,PROP_BUDGET_REQUESTED,PROP_OFFER_STATUS,SUBMITTED_BY,SUBMIT_DATE,INSERT_BY,INSERT_DATE,MOD_BY,MOD_DATE,AWARD_TERM) values (11,'4443',12.33,'pend','TIGERT',to_date('06-JUN-16','DD-MON-RR'),'TIGERT',to_timestamp('19-APR-16 12.00.00.000000000 AM','DD-MON-RR HH.MI.SSXFF AM'),'FRIELJ',to_timestamp('18-APR-16 09.18.18.140000000 PM','DD-MON-RR HH.MI.SSXFF AM'),null);
Insert into CSADMIN.TBL_PROPOSAL (PROPID,PROP_OFFER_TERM,PROP_BUDGET_REQUESTED,PROP_OFFER_STATUS,SUBMITTED_BY,SUBMIT_DATE,INSERT_BY,INSERT_DATE,MOD_BY,MOD_DATE,AWARD_TERM) values (12,'4443',12.33,'pend','TIGERT',to_date('06-JUN-16','DD-MON-RR'),'TIGERT',to_timestamp('19-APR-16 12.00.00.000000000 AM','DD-MON-RR HH.MI.SSXFF AM'),'FRIELJ',to_timestamp('18-APR-16 09.23.01.625000000 PM','DD-MON-RR HH.MI.SSXFF AM'),null);
Insert into CSADMIN.TBL_PROPOSAL (PROPID,PROP_OFFER_TERM,PROP_BUDGET_REQUESTED,PROP_OFFER_STATUS,SUBMITTED_BY,SUBMIT_DATE,INSERT_BY,INSERT_DATE,MOD_BY,MOD_DATE,AWARD_TERM) values (13,'4443',12.33,'pend','TIGERT',to_date('06-JUN-16','DD-MON-RR'),'TIGERT',to_timestamp('19-APR-16 12.00.00.000000000 AM','DD-MON-RR HH.MI.SSXFF AM'),'FRIELJ',to_timestamp('18-APR-16 09.23.15.666000000 PM','DD-MON-RR HH.MI.SSXFF AM'),null);
Insert into CSADMIN.TBL_PROPOSAL (PROPID,PROP_OFFER_TERM,PROP_BUDGET_REQUESTED,PROP_OFFER_STATUS,SUBMITTED_BY,SUBMIT_DATE,INSERT_BY,INSERT_DATE,MOD_BY,MOD_DATE,AWARD_TERM) values (14,'4427',2345,'pend','FRIELJ',to_date('06-JUN-16','DD-MON-RR'),'TIGERT',to_timestamp('19-APR-16 12.00.00.000000000 AM','DD-MON-RR HH.MI.SSXFF AM'),'FRIELJ',to_timestamp('19-APR-16 09.23.56.792000000 AM','DD-MON-RR HH.MI.SSXFF AM'),null);
Insert into CSADMIN.TBL_PROPOSAL (PROPID,PROP_OFFER_TERM,PROP_BUDGET_REQUESTED,PROP_OFFER_STATUS,SUBMITTED_BY,SUBMIT_DATE,INSERT_BY,INSERT_DATE,MOD_BY,MOD_DATE,AWARD_TERM) values (15,'4427',2345,'pend','FRIELJ',to_date('06-JUN-16','DD-MON-RR'),'TIGERT',to_timestamp('19-APR-16 12.00.00.000000000 AM','DD-MON-RR HH.MI.SSXFF AM'),'FRIELJ',to_timestamp('19-APR-16 09.24.42.708000000 AM','DD-MON-RR HH.MI.SSXFF AM'),null);
Insert into CSADMIN.TBL_PROPOSAL (PROPID,PROP_OFFER_TERM,PROP_BUDGET_REQUESTED,PROP_OFFER_STATUS,SUBMITTED_BY,SUBMIT_DATE,INSERT_BY,INSERT_DATE,MOD_BY,MOD_DATE,AWARD_TERM) values (16,'4427',1224,'pend','TIGERT',to_date('08-MAY-16','DD-MON-RR'),'TIGERT',to_timestamp('19-APR-16 12.00.00.000000000 AM','DD-MON-RR HH.MI.SSXFF AM'),'FRIELJ',to_timestamp('19-APR-16 09.26.53.794000000 AM','DD-MON-RR HH.MI.SSXFF AM'),null);
Insert into CSADMIN.TBL_PROPOSAL (PROPID,PROP_OFFER_TERM,PROP_BUDGET_REQUESTED,PROP_OFFER_STATUS,SUBMITTED_BY,SUBMIT_DATE,INSERT_BY,INSERT_DATE,MOD_BY,MOD_DATE,AWARD_TERM) values (17,'4427',1224,'pend','TIGERT',to_date('08-MAY-16','DD-MON-RR'),'TIGERT',to_timestamp('19-APR-16 12.00.00.000000000 AM','DD-MON-RR HH.MI.SSXFF AM'),'FRIELJ',to_timestamp('19-APR-16 09.31.19.030000000 AM','DD-MON-RR HH.MI.SSXFF AM'),null);
Insert into CSADMIN.TBL_PROPOSAL (PROPID,PROP_OFFER_TERM,PROP_BUDGET_REQUESTED,PROP_OFFER_STATUS,SUBMITTED_BY,SUBMIT_DATE,INSERT_BY,INSERT_DATE,MOD_BY,MOD_DATE,AWARD_TERM) values (18,'4335',123,'pend','TIGERT',to_date('08-MAY-16','DD-MON-RR'),'TIGERT',to_timestamp('20-APR-16 12.00.00.000000000 AM','DD-MON-RR HH.MI.SSXFF AM'),'FRIELJ',to_timestamp('19-APR-16 07.54.10.543000000 PM','DD-MON-RR HH.MI.SSXFF AM'),null);
Insert into CSADMIN.TBL_PROPOSAL (PROPID,PROP_OFFER_TERM,PROP_BUDGET_REQUESTED,PROP_OFFER_STATUS,SUBMITTED_BY,SUBMIT_DATE,INSERT_BY,INSERT_DATE,MOD_BY,MOD_DATE,AWARD_TERM) values (19,null,null,'pend','TIGERT',to_date('06-JUN-16','DD-MON-RR'),'TIGERT',to_timestamp('20-APR-16 12.00.00.000000000 AM','DD-MON-RR HH.MI.SSXFF AM'),'FRIELJ',to_timestamp('20-APR-16 02.53.11.646000000 PM','DD-MON-RR HH.MI.SSXFF AM'),null);
Insert into CSADMIN.TBL_PROPOSAL (PROPID,PROP_OFFER_TERM,PROP_BUDGET_REQUESTED,PROP_OFFER_STATUS,SUBMITTED_BY,SUBMIT_DATE,INSERT_BY,INSERT_DATE,MOD_BY,MOD_DATE,AWARD_TERM) values (72,'4335',null,'pend','TIGERT',to_date('08-MAY-16','DD-MON-RR'),'FRIELJ',to_timestamp('21-APR-16 01.00.00.000000000 AM','DD-MON-RR HH.MI.SSXFF AM'),'FRIELJ',to_timestamp('21-APR-16 04.45.29.339000000 PM','DD-MON-RR HH.MI.SSXFF AM'),null);
Insert into CSADMIN.TBL_PROPOSAL (PROPID,PROP_OFFER_TERM,PROP_BUDGET_REQUESTED,PROP_OFFER_STATUS,SUBMITTED_BY,SUBMIT_DATE,INSERT_BY,INSERT_DATE,MOD_BY,MOD_DATE,AWARD_TERM) values (102,'4727',12000.32,'awrd','FRIELJ',to_date('01-JUN-15','DD-MON-RR'),'FRIELJ',to_timestamp('28-APR-16 01.00.00.000000000 AM','DD-MON-RR HH.MI.SSXFF AM'),'FRIELJ',to_timestamp('28-APR-16 04.09.42.946000000 PM','DD-MON-RR HH.MI.SSXFF AM'),'4343');
Insert into CSADMIN.TBL_PROPOSAL (PROPID,PROP_OFFER_TERM,PROP_BUDGET_REQUESTED,PROP_OFFER_STATUS,SUBMITTED_BY,SUBMIT_DATE,INSERT_BY,INSERT_DATE,MOD_BY,MOD_DATE,AWARD_TERM) values (1,'4727',10000,'awrd','TIGERT',to_date('08-MAY-16','DD-MON-RR'),'TIGERT',to_timestamp('19-APR-16 12.00.00.000000000 AM','DD-MON-RR HH.MI.SSXFF AM'),'FRIELJ',to_timestamp('18-APR-16 07.18.25.735000000 PM','DD-MON-RR HH.MI.SSXFF AM'),null);
Insert into CSADMIN.TBL_PROPOSAL (PROPID,PROP_OFFER_TERM,PROP_BUDGET_REQUESTED,PROP_OFFER_STATUS,SUBMITTED_BY,SUBMIT_DATE,INSERT_BY,INSERT_DATE,MOD_BY,MOD_DATE,AWARD_TERM) values (2,'4635',5000,'pend','TIGERT',to_date('06-JUN-16','DD-MON-RR'),'TIGERT',to_timestamp('19-APR-16 12.00.00.000000000 AM','DD-MON-RR HH.MI.SSXFF AM'),'FRIELJ',to_timestamp('18-APR-16 07.21.51.058000000 PM','DD-MON-RR HH.MI.SSXFF AM'),null);
Insert into CSADMIN.TBL_PROPOSAL (PROPID,PROP_OFFER_TERM,PROP_BUDGET_REQUESTED,PROP_OFFER_STATUS,SUBMITTED_BY,SUBMIT_DATE,INSERT_BY,INSERT_DATE,MOD_BY,MOD_DATE,AWARD_TERM) values (39,'4643',10000,'pend','FRIELJ',to_date('06-JUN-16','DD-MON-RR'),'FRIELJ',to_timestamp('21-APR-16 04.41.55.000000000 AM','DD-MON-RR HH.MI.SSXFF AM'),'FRIELJ',to_timestamp('20-APR-16 09.41.55.185000000 PM','DD-MON-RR HH.MI.SSXFF AM'),null);
Insert into CSADMIN.TBL_PROPOSAL (PROPID,PROP_OFFER_TERM,PROP_BUDGET_REQUESTED,PROP_OFFER_STATUS,SUBMITTED_BY,SUBMIT_DATE,INSERT_BY,INSERT_DATE,MOD_BY,MOD_DATE,AWARD_TERM) values (40,'4643',10000,'pend','FRIELJ',to_date('06-JUN-16','DD-MON-RR'),'FRIELJ',to_timestamp('21-APR-16 04.43.26.000000000 AM','DD-MON-RR HH.MI.SSXFF AM'),'FRIELJ',to_timestamp('20-APR-16 09.43.26.631000000 PM','DD-MON-RR HH.MI.SSXFF AM'),null);
Insert into CSADMIN.TBL_PROPOSAL (PROPID,PROP_OFFER_TERM,PROP_BUDGET_REQUESTED,PROP_OFFER_STATUS,SUBMITTED_BY,SUBMIT_DATE,INSERT_BY,INSERT_DATE,MOD_BY,MOD_DATE,AWARD_TERM) values (63,'4735',10000,'pend','TIGERT',to_date('06-JUN-16','DD-MON-RR'),'FRIELJ',to_timestamp('21-APR-16 01.00.00.000000000 AM','DD-MON-RR HH.MI.SSXFF AM'),'FRIELJ',to_timestamp('21-APR-16 10.09.47.814000000 AM','DD-MON-RR HH.MI.SSXFF AM'),null);
Insert into CSADMIN.TBL_PROPOSAL (PROPID,PROP_OFFER_TERM,PROP_BUDGET_REQUESTED,PROP_OFFER_STATUS,SUBMITTED_BY,SUBMIT_DATE,INSERT_BY,INSERT_DATE,MOD_BY,MOD_DATE,AWARD_TERM) values (78,null,null,'pend','FRIELJ',to_date('01-JUN-15','DD-MON-RR'),'FRIELJ',to_timestamp('25-APR-16 01.00.00.000000000 AM','DD-MON-RR HH.MI.SSXFF AM'),'FRIELJ',to_timestamp('24-APR-16 06.33.13.958000000 PM','DD-MON-RR HH.MI.SSXFF AM'),null);
Insert into CSADMIN.TBL_PROPOSAL (PROPID,PROP_OFFER_TERM,PROP_BUDGET_REQUESTED,PROP_OFFER_STATUS,SUBMITTED_BY,SUBMIT_DATE,INSERT_BY,INSERT_DATE,MOD_BY,MOD_DATE,AWARD_TERM) values (9,'4443',12.33,'pend','TIGERT',to_date('06-JUN-16','DD-MON-RR'),'TIGERT',to_timestamp('19-APR-16 12.00.00.000000000 AM','DD-MON-RR HH.MI.SSXFF AM'),'FRIELJ',to_timestamp('18-APR-16 09.15.17.055000000 PM','DD-MON-RR HH.MI.SSXFF AM'),null);
Insert into CSADMIN.TBL_PROPOSAL (PROPID,PROP_OFFER_TERM,PROP_BUDGET_REQUESTED,PROP_OFFER_STATUS,SUBMITTED_BY,SUBMIT_DATE,INSERT_BY,INSERT_DATE,MOD_BY,MOD_DATE,AWARD_TERM) values (22,'4543',10000,'pend','TIGERT',to_date('08-MAY-16','DD-MON-RR'),'FRIELJ',to_timestamp('21-APR-16 03.25.25.000000000 AM','DD-MON-RR HH.MI.SSXFF AM'),'FRIELJ',to_timestamp('20-APR-16 08.25.25.792000000 PM','DD-MON-RR HH.MI.SSXFF AM'),null);
Insert into CSADMIN.TBL_PROPOSAL (PROPID,PROP_OFFER_TERM,PROP_BUDGET_REQUESTED,PROP_OFFER_STATUS,SUBMITTED_BY,SUBMIT_DATE,INSERT_BY,INSERT_DATE,MOD_BY,MOD_DATE,AWARD_TERM) values (25,'4543',10000,'pend','TIGERT',to_date('08-MAY-16','DD-MON-RR'),'FRIELJ',to_timestamp('21-APR-16 03.30.29.000000000 AM','DD-MON-RR HH.MI.SSXFF AM'),'FRIELJ',to_timestamp('20-APR-16 08.30.29.625000000 PM','DD-MON-RR HH.MI.SSXFF AM'),null);
Insert into CSADMIN.TBL_PROPOSAL (PROPID,PROP_OFFER_TERM,PROP_BUDGET_REQUESTED,PROP_OFFER_STATUS,SUBMITTED_BY,SUBMIT_DATE,INSERT_BY,INSERT_DATE,MOD_BY,MOD_DATE,AWARD_TERM) values (30,'4543',10000,'pend','TIGERT',to_date('08-MAY-16','DD-MON-RR'),'FRIELJ',to_timestamp('21-APR-16 03.35.01.000000000 AM','DD-MON-RR HH.MI.SSXFF AM'),'FRIELJ',to_timestamp('20-APR-16 08.35.01.799000000 PM','DD-MON-RR HH.MI.SSXFF AM'),null);
Insert into CSADMIN.TBL_PROPOSAL (PROPID,PROP_OFFER_TERM,PROP_BUDGET_REQUESTED,PROP_OFFER_STATUS,SUBMITTED_BY,SUBMIT_DATE,INSERT_BY,INSERT_DATE,MOD_BY,MOD_DATE,AWARD_TERM) values (48,'4727',2345,'pend','FRIELJ',to_date('08-MAY-16','DD-MON-RR'),'FRIELJ',to_timestamp('21-APR-16 05.20.02.000000000 AM','DD-MON-RR HH.MI.SSXFF AM'),'FRIELJ',to_timestamp('20-APR-16 10.20.02.372000000 PM','DD-MON-RR HH.MI.SSXFF AM'),null);
Insert into CSADMIN.TBL_PROPOSAL (PROPID,PROP_OFFER_TERM,PROP_BUDGET_REQUESTED,PROP_OFFER_STATUS,SUBMITTED_BY,SUBMIT_DATE,INSERT_BY,INSERT_DATE,MOD_BY,MOD_DATE,AWARD_TERM) values (52,'4727',2345,'pend','FRIELJ',to_date('08-MAY-16','DD-MON-RR'),'FRIELJ',to_timestamp('21-APR-16 05.25.27.000000000 AM','DD-MON-RR HH.MI.SSXFF AM'),'FRIELJ',to_timestamp('20-APR-16 10.25.27.414000000 PM','DD-MON-RR HH.MI.SSXFF AM'),null);
Insert into CSADMIN.TBL_PROPOSAL (PROPID,PROP_OFFER_TERM,PROP_BUDGET_REQUESTED,PROP_OFFER_STATUS,SUBMITTED_BY,SUBMIT_DATE,INSERT_BY,INSERT_DATE,MOD_BY,MOD_DATE,AWARD_TERM) values (76,null,null,'pend','TIGERT',to_date('08-MAY-16','DD-MON-RR'),'FRIELJ',to_timestamp('22-APR-16 01.00.00.000000000 AM','DD-MON-RR HH.MI.SSXFF AM'),'FRIELJ',to_timestamp('22-APR-16 09.52.46.011000000 AM','DD-MON-RR HH.MI.SSXFF AM'),null);
Insert into CSADMIN.TBL_PROPOSAL (PROPID,PROP_OFFER_TERM,PROP_BUDGET_REQUESTED,PROP_OFFER_STATUS,SUBMITTED_BY,SUBMIT_DATE,INSERT_BY,INSERT_DATE,MOD_BY,MOD_DATE,AWARD_TERM) values (77,'4327',null,'pend','FRIELJ',to_date('06-JUN-16','DD-MON-RR'),'FRIELJ',to_timestamp('22-APR-16 01.00.00.000000000 AM','DD-MON-RR HH.MI.SSXFF AM'),'FRIELJ',to_timestamp('22-APR-16 10.08.34.245000000 AM','DD-MON-RR HH.MI.SSXFF AM'),null);
Insert into CSADMIN.TBL_PROPOSAL (PROPID,PROP_OFFER_TERM,PROP_BUDGET_REQUESTED,PROP_OFFER_STATUS,SUBMITTED_BY,SUBMIT_DATE,INSERT_BY,INSERT_DATE,MOD_BY,MOD_DATE,AWARD_TERM) values (79,'4327',null,'pend','TIGERT',to_date('01-JUN-15','DD-MON-RR'),'FRIELJ',to_timestamp('25-APR-16 01.00.00.000000000 AM','DD-MON-RR HH.MI.SSXFF AM'),'FRIELJ',to_timestamp('24-APR-16 08.02.58.211000000 PM','DD-MON-RR HH.MI.SSXFF AM'),null);
Insert into CSADMIN.TBL_PROPOSAL (PROPID,PROP_OFFER_TERM,PROP_BUDGET_REQUESTED,PROP_OFFER_STATUS,SUBMITTED_BY,SUBMIT_DATE,INSERT_BY,INSERT_DATE,MOD_BY,MOD_DATE,AWARD_TERM) values (81,null,null,'pend','FRIELJ',to_date('06-JUN-16','DD-MON-RR'),'FRIELJ',to_timestamp('25-APR-16 01.00.00.000000000 AM','DD-MON-RR HH.MI.SSXFF AM'),'FRIELJ',to_timestamp('25-APR-16 02.59.12.127000000 PM','DD-MON-RR HH.MI.SSXFF AM'),null);
Insert into CSADMIN.TBL_PROPOSAL (PROPID,PROP_OFFER_TERM,PROP_BUDGET_REQUESTED,PROP_OFFER_STATUS,SUBMITTED_BY,SUBMIT_DATE,INSERT_BY,INSERT_DATE,MOD_BY,MOD_DATE,AWARD_TERM) values (101,'4643',12000,'pend','FRIELJ',to_date('06-JUN-16','DD-MON-RR'),'FRIELJ',to_timestamp('28-APR-16 01.00.00.000000000 AM','DD-MON-RR HH.MI.SSXFF AM'),'FRIELJ',to_timestamp('28-APR-16 03.53.26.552000000 PM','DD-MON-RR HH.MI.SSXFF AM'),null);
Insert into CSADMIN.TBL_PROPOSAL (PROPID,PROP_OFFER_TERM,PROP_BUDGET_REQUESTED,PROP_OFFER_STATUS,SUBMITTED_BY,SUBMIT_DATE,INSERT_BY,INSERT_DATE,MOD_BY,MOD_DATE,AWARD_TERM) values (38,'4643',10000,'pend','FRIELJ',to_date('06-JUN-16','DD-MON-RR'),'FRIELJ',to_timestamp('21-APR-16 04.40.07.000000000 AM','DD-MON-RR HH.MI.SSXFF AM'),'FRIELJ',to_timestamp('20-APR-16 09.40.07.300000000 PM','DD-MON-RR HH.MI.SSXFF AM'),null);
Insert into CSADMIN.TBL_PROPOSAL (PROPID,PROP_OFFER_TERM,PROP_BUDGET_REQUESTED,PROP_OFFER_STATUS,SUBMITTED_BY,SUBMIT_DATE,INSERT_BY,INSERT_DATE,MOD_BY,MOD_DATE,AWARD_TERM) values (64,'4735',10000,'pend','TIGERT',to_date('06-JUN-16','DD-MON-RR'),'FRIELJ',to_timestamp('21-APR-16 01.00.00.000000000 AM','DD-MON-RR HH.MI.SSXFF AM'),'FRIELJ',to_timestamp('21-APR-16 10.10.28.284000000 AM','DD-MON-RR HH.MI.SSXFF AM'),null);
Insert into CSADMIN.TBL_PROPOSAL (PROPID,PROP_OFFER_TERM,PROP_BUDGET_REQUESTED,PROP_OFFER_STATUS,SUBMITTED_BY,SUBMIT_DATE,INSERT_BY,INSERT_DATE,MOD_BY,MOD_DATE,AWARD_TERM) values (71,'4435',null,'pend','FRIELJ',to_date('06-JUN-16','DD-MON-RR'),'TIGERT',to_timestamp('21-APR-16 12.00.00.000000000 AM','DD-MON-RR HH.MI.SSXFF AM'),'FRIELJ',to_timestamp('21-APR-16 12.42.33.752000000 PM','DD-MON-RR HH.MI.SSXFF AM'),null);
Insert into CSADMIN.TBL_PROPOSAL (PROPID,PROP_OFFER_TERM,PROP_BUDGET_REQUESTED,PROP_OFFER_STATUS,SUBMITTED_BY,SUBMIT_DATE,INSERT_BY,INSERT_DATE,MOD_BY,MOD_DATE,AWARD_TERM) values (73,null,null,'pend','FRIELJ',to_date('01-JUN-15','DD-MON-RR'),'FRIELJ',to_timestamp('21-APR-16 01.00.00.000000000 AM','DD-MON-RR HH.MI.SSXFF AM'),'FRIELJ',to_timestamp('21-APR-16 04.48.35.760000000 PM','DD-MON-RR HH.MI.SSXFF AM'),null);
Insert into CSADMIN.TBL_PROPOSAL (PROPID,PROP_OFFER_TERM,PROP_BUDGET_REQUESTED,PROP_OFFER_STATUS,SUBMITTED_BY,SUBMIT_DATE,INSERT_BY,INSERT_DATE,MOD_BY,MOD_DATE,AWARD_TERM) values (74,'4427',null,'pend','TIGERT',to_date('01-AUG-16','DD-MON-RR'),'FRIELJ',to_timestamp('21-APR-16 01.00.00.000000000 AM','DD-MON-RR HH.MI.SSXFF AM'),'FRIELJ',to_timestamp('21-APR-16 04.49.22.944000000 PM','DD-MON-RR HH.MI.SSXFF AM'),null);
Insert into CSADMIN.TBL_PROPOSAL (PROPID,PROP_OFFER_TERM,PROP_BUDGET_REQUESTED,PROP_OFFER_STATUS,SUBMITTED_BY,SUBMIT_DATE,INSERT_BY,INSERT_DATE,MOD_BY,MOD_DATE,AWARD_TERM) values (75,null,null,'pend','FRIELJ',to_date('01-JUN-15','DD-MON-RR'),'FRIELJ',to_timestamp('21-APR-16 01.00.00.000000000 AM','DD-MON-RR HH.MI.SSXFF AM'),'FRIELJ',to_timestamp('21-APR-16 04.54.45.101000000 PM','DD-MON-RR HH.MI.SSXFF AM'),null);
Insert into CSADMIN.TBL_PROPOSAL (PROPID,PROP_OFFER_TERM,PROP_BUDGET_REQUESTED,PROP_OFFER_STATUS,SUBMITTED_BY,SUBMIT_DATE,INSERT_BY,INSERT_DATE,MOD_BY,MOD_DATE,AWARD_TERM) values (21,'4543',10000,'pend','TIGERT',to_date('08-MAY-16','DD-MON-RR'),'FRIELJ',to_timestamp('21-APR-16 03.24.20.000000000 AM','DD-MON-RR HH.MI.SSXFF AM'),'FRIELJ',to_timestamp('20-APR-16 08.24.20.946000000 PM','DD-MON-RR HH.MI.SSXFF AM'),null);
Insert into CSADMIN.TBL_PROPOSAL (PROPID,PROP_OFFER_TERM,PROP_BUDGET_REQUESTED,PROP_OFFER_STATUS,SUBMITTED_BY,SUBMIT_DATE,INSERT_BY,INSERT_DATE,MOD_BY,MOD_DATE,AWARD_TERM) values (23,'4543',10000,'pend','TIGERT',to_date('08-MAY-16','DD-MON-RR'),'FRIELJ',to_timestamp('21-APR-16 03.26.20.000000000 AM','DD-MON-RR HH.MI.SSXFF AM'),'FRIELJ',to_timestamp('20-APR-16 08.26.20.770000000 PM','DD-MON-RR HH.MI.SSXFF AM'),null);
Insert into CSADMIN.TBL_PROPOSAL (PROPID,PROP_OFFER_TERM,PROP_BUDGET_REQUESTED,PROP_OFFER_STATUS,SUBMITTED_BY,SUBMIT_DATE,INSERT_BY,INSERT_DATE,MOD_BY,MOD_DATE,AWARD_TERM) values (24,'4543',10000,'pend','TIGERT',to_date('08-MAY-16','DD-MON-RR'),'FRIELJ',to_timestamp('21-APR-16 03.29.12.000000000 AM','DD-MON-RR HH.MI.SSXFF AM'),'FRIELJ',to_timestamp('20-APR-16 08.29.12.431000000 PM','DD-MON-RR HH.MI.SSXFF AM'),null);
Insert into CSADMIN.TBL_PROPOSAL (PROPID,PROP_OFFER_TERM,PROP_BUDGET_REQUESTED,PROP_OFFER_STATUS,SUBMITTED_BY,SUBMIT_DATE,INSERT_BY,INSERT_DATE,MOD_BY,MOD_DATE,AWARD_TERM) values (26,'4543',10000,'pend','TIGERT',to_date('08-MAY-16','DD-MON-RR'),'FRIELJ',to_timestamp('21-APR-16 03.31.29.000000000 AM','DD-MON-RR HH.MI.SSXFF AM'),'FRIELJ',to_timestamp('20-APR-16 08.31.30.002000000 PM','DD-MON-RR HH.MI.SSXFF AM'),null);
Insert into CSADMIN.TBL_PROPOSAL (PROPID,PROP_OFFER_TERM,PROP_BUDGET_REQUESTED,PROP_OFFER_STATUS,SUBMITTED_BY,SUBMIT_DATE,INSERT_BY,INSERT_DATE,MOD_BY,MOD_DATE,AWARD_TERM) values (27,'4543',10000,'pend','TIGERT',to_date('08-MAY-16','DD-MON-RR'),'FRIELJ',to_timestamp('21-APR-16 03.31.30.000000000 AM','DD-MON-RR HH.MI.SSXFF AM'),'FRIELJ',to_timestamp('20-APR-16 08.31.30.555000000 PM','DD-MON-RR HH.MI.SSXFF AM'),null);
Insert into CSADMIN.TBL_PROPOSAL (PROPID,PROP_OFFER_TERM,PROP_BUDGET_REQUESTED,PROP_OFFER_STATUS,SUBMITTED_BY,SUBMIT_DATE,INSERT_BY,INSERT_DATE,MOD_BY,MOD_DATE,AWARD_TERM) values (28,'4543',10000,'pend','TIGERT',to_date('08-MAY-16','DD-MON-RR'),'FRIELJ',to_timestamp('21-APR-16 03.31.31.000000000 AM','DD-MON-RR HH.MI.SSXFF AM'),'FRIELJ',to_timestamp('20-APR-16 08.31.31.737000000 PM','DD-MON-RR HH.MI.SSXFF AM'),null);
Insert into CSADMIN.TBL_PROPOSAL (PROPID,PROP_OFFER_TERM,PROP_BUDGET_REQUESTED,PROP_OFFER_STATUS,SUBMITTED_BY,SUBMIT_DATE,INSERT_BY,INSERT_DATE,MOD_BY,MOD_DATE,AWARD_TERM) values (29,'4543',10000,'pend','TIGERT',to_date('08-MAY-16','DD-MON-RR'),'FRIELJ',to_timestamp('21-APR-16 03.33.09.000000000 AM','DD-MON-RR HH.MI.SSXFF AM'),'FRIELJ',to_timestamp('20-APR-16 08.33.09.776000000 PM','DD-MON-RR HH.MI.SSXFF AM'),null);
Insert into CSADMIN.TBL_PROPOSAL (PROPID,PROP_OFFER_TERM,PROP_BUDGET_REQUESTED,PROP_OFFER_STATUS,SUBMITTED_BY,SUBMIT_DATE,INSERT_BY,INSERT_DATE,MOD_BY,MOD_DATE,AWARD_TERM) values (31,'4543',10000,'pend','TIGERT',to_date('08-MAY-16','DD-MON-RR'),'FRIELJ',to_timestamp('21-APR-16 03.36.13.000000000 AM','DD-MON-RR HH.MI.SSXFF AM'),'FRIELJ',to_timestamp('20-APR-16 08.36.13.830000000 PM','DD-MON-RR HH.MI.SSXFF AM'),null);
Insert into CSADMIN.TBL_PROPOSAL (PROPID,PROP_OFFER_TERM,PROP_BUDGET_REQUESTED,PROP_OFFER_STATUS,SUBMITTED_BY,SUBMIT_DATE,INSERT_BY,INSERT_DATE,MOD_BY,MOD_DATE,AWARD_TERM) values (32,'4543',10000,'pend','TIGERT',to_date('08-MAY-16','DD-MON-RR'),'FRIELJ',to_timestamp('21-APR-16 03.38.55.000000000 AM','DD-MON-RR HH.MI.SSXFF AM'),'FRIELJ',to_timestamp('20-APR-16 08.38.55.858000000 PM','DD-MON-RR HH.MI.SSXFF AM'),null);
Insert into CSADMIN.TBL_PROPOSAL (PROPID,PROP_OFFER_TERM,PROP_BUDGET_REQUESTED,PROP_OFFER_STATUS,SUBMITTED_BY,SUBMIT_DATE,INSERT_BY,INSERT_DATE,MOD_BY,MOD_DATE,AWARD_TERM) values (33,'4327',null,'pend','TIGERT',to_date('01-JUN-15','DD-MON-RR'),'TIGERT',to_timestamp('21-APR-16 12.00.00.000000000 AM','DD-MON-RR HH.MI.SSXFF AM'),'FRIELJ',to_timestamp('20-APR-16 09.18.41.571000000 PM','DD-MON-RR HH.MI.SSXFF AM'),null);
Insert into CSADMIN.TBL_PROPOSAL (PROPID,PROP_OFFER_TERM,PROP_BUDGET_REQUESTED,PROP_OFFER_STATUS,SUBMITTED_BY,SUBMIT_DATE,INSERT_BY,INSERT_DATE,MOD_BY,MOD_DATE,AWARD_TERM) values (34,'4635',1000,'pend','FRIELJ',to_date('08-MAY-16','DD-MON-RR'),'FRIELJ',to_timestamp('21-APR-16 04.19.39.000000000 AM','DD-MON-RR HH.MI.SSXFF AM'),'FRIELJ',to_timestamp('20-APR-16 09.19.39.437000000 PM','DD-MON-RR HH.MI.SSXFF AM'),null);
Insert into CSADMIN.TBL_PROPOSAL (PROPID,PROP_OFFER_TERM,PROP_BUDGET_REQUESTED,PROP_OFFER_STATUS,SUBMITTED_BY,SUBMIT_DATE,INSERT_BY,INSERT_DATE,MOD_BY,MOD_DATE,AWARD_TERM) values (35,'4635',1000,'pend','FRIELJ',to_date('08-MAY-16','DD-MON-RR'),'FRIELJ',to_timestamp('21-APR-16 04.20.59.000000000 AM','DD-MON-RR HH.MI.SSXFF AM'),'FRIELJ',to_timestamp('20-APR-16 09.20.59.699000000 PM','DD-MON-RR HH.MI.SSXFF AM'),null);
Insert into CSADMIN.TBL_PROPOSAL (PROPID,PROP_OFFER_TERM,PROP_BUDGET_REQUESTED,PROP_OFFER_STATUS,SUBMITTED_BY,SUBMIT_DATE,INSERT_BY,INSERT_DATE,MOD_BY,MOD_DATE,AWARD_TERM) values (36,'4643',10000,'pend','FRIELJ',to_date('06-JUN-16','DD-MON-RR'),'FRIELJ',to_timestamp('21-APR-16 04.21.25.000000000 AM','DD-MON-RR HH.MI.SSXFF AM'),'FRIELJ',to_timestamp('20-APR-16 09.21.25.380000000 PM','DD-MON-RR HH.MI.SSXFF AM'),null);
Insert into CSADMIN.TBL_PROPOSAL (PROPID,PROP_OFFER_TERM,PROP_BUDGET_REQUESTED,PROP_OFFER_STATUS,SUBMITTED_BY,SUBMIT_DATE,INSERT_BY,INSERT_DATE,MOD_BY,MOD_DATE,AWARD_TERM) values (37,'4643',10000,'pend','FRIELJ',to_date('06-JUN-16','DD-MON-RR'),'FRIELJ',to_timestamp('21-APR-16 04.22.17.000000000 AM','DD-MON-RR HH.MI.SSXFF AM'),'FRIELJ',to_timestamp('20-APR-16 09.22.17.843000000 PM','DD-MON-RR HH.MI.SSXFF AM'),null);
Insert into CSADMIN.TBL_PROPOSAL (PROPID,PROP_OFFER_TERM,PROP_BUDGET_REQUESTED,PROP_OFFER_STATUS,SUBMITTED_BY,SUBMIT_DATE,INSERT_BY,INSERT_DATE,MOD_BY,MOD_DATE,AWARD_TERM) values (41,'4643',10000,'pend','FRIELJ',to_date('06-JUN-16','DD-MON-RR'),'FRIELJ',to_timestamp('21-APR-16 04.47.21.000000000 AM','DD-MON-RR HH.MI.SSXFF AM'),'FRIELJ',to_timestamp('20-APR-16 09.47.21.964000000 PM','DD-MON-RR HH.MI.SSXFF AM'),null);
Insert into CSADMIN.TBL_PROPOSAL (PROPID,PROP_OFFER_TERM,PROP_BUDGET_REQUESTED,PROP_OFFER_STATUS,SUBMITTED_BY,SUBMIT_DATE,INSERT_BY,INSERT_DATE,MOD_BY,MOD_DATE,AWARD_TERM) values (42,'4643',10000,'pend','FRIELJ',to_date('06-JUN-16','DD-MON-RR'),'FRIELJ',to_timestamp('21-APR-16 04.48.23.000000000 AM','DD-MON-RR HH.MI.SSXFF AM'),'FRIELJ',to_timestamp('20-APR-16 09.48.23.464000000 PM','DD-MON-RR HH.MI.SSXFF AM'),null);
Insert into CSADMIN.TBL_PROPOSAL (PROPID,PROP_OFFER_TERM,PROP_BUDGET_REQUESTED,PROP_OFFER_STATUS,SUBMITTED_BY,SUBMIT_DATE,INSERT_BY,INSERT_DATE,MOD_BY,MOD_DATE,AWARD_TERM) values (43,'4643',10000,'pend','FRIELJ',to_date('06-JUN-16','DD-MON-RR'),'FRIELJ',to_timestamp('21-APR-16 04.52.13.000000000 AM','DD-MON-RR HH.MI.SSXFF AM'),'FRIELJ',to_timestamp('20-APR-16 09.52.13.499000000 PM','DD-MON-RR HH.MI.SSXFF AM'),null);
Insert into CSADMIN.TBL_PROPOSAL (PROPID,PROP_OFFER_TERM,PROP_BUDGET_REQUESTED,PROP_OFFER_STATUS,SUBMITTED_BY,SUBMIT_DATE,INSERT_BY,INSERT_DATE,MOD_BY,MOD_DATE,AWARD_TERM) values (44,'4643',10000,'pend','FRIELJ',to_date('06-JUN-16','DD-MON-RR'),'FRIELJ',to_timestamp('21-APR-16 04.53.15.000000000 AM','DD-MON-RR HH.MI.SSXFF AM'),'FRIELJ',to_timestamp('20-APR-16 09.53.15.592000000 PM','DD-MON-RR HH.MI.SSXFF AM'),null);
Insert into CSADMIN.TBL_PROPOSAL (PROPID,PROP_OFFER_TERM,PROP_BUDGET_REQUESTED,PROP_OFFER_STATUS,SUBMITTED_BY,SUBMIT_DATE,INSERT_BY,INSERT_DATE,MOD_BY,MOD_DATE,AWARD_TERM) values (45,'4643',10000,'pend','FRIELJ',to_date('06-JUN-16','DD-MON-RR'),'FRIELJ',to_timestamp('21-APR-16 04.54.03.000000000 AM','DD-MON-RR HH.MI.SSXFF AM'),'FRIELJ',to_timestamp('20-APR-16 09.54.03.318000000 PM','DD-MON-RR HH.MI.SSXFF AM'),null);
Insert into CSADMIN.TBL_PROPOSAL (PROPID,PROP_OFFER_TERM,PROP_BUDGET_REQUESTED,PROP_OFFER_STATUS,SUBMITTED_BY,SUBMIT_DATE,INSERT_BY,INSERT_DATE,MOD_BY,MOD_DATE,AWARD_TERM) values (46,'4643',10000,'pend','FRIELJ',to_date('06-JUN-16','DD-MON-RR'),'FRIELJ',to_timestamp('21-APR-16 04.56.14.000000000 AM','DD-MON-RR HH.MI.SSXFF AM'),'FRIELJ',to_timestamp('20-APR-16 09.56.14.554000000 PM','DD-MON-RR HH.MI.SSXFF AM'),null);
Insert into CSADMIN.TBL_PROPOSAL (PROPID,PROP_OFFER_TERM,PROP_BUDGET_REQUESTED,PROP_OFFER_STATUS,SUBMITTED_BY,SUBMIT_DATE,INSERT_BY,INSERT_DATE,MOD_BY,MOD_DATE,AWARD_TERM) values (47,'4727',2345,'pend','FRIELJ',to_date('08-MAY-16','DD-MON-RR'),'FRIELJ',to_timestamp('21-APR-16 05.18.21.000000000 AM','DD-MON-RR HH.MI.SSXFF AM'),'FRIELJ',to_timestamp('20-APR-16 10.18.21.819000000 PM','DD-MON-RR HH.MI.SSXFF AM'),null);
Insert into CSADMIN.TBL_PROPOSAL (PROPID,PROP_OFFER_TERM,PROP_BUDGET_REQUESTED,PROP_OFFER_STATUS,SUBMITTED_BY,SUBMIT_DATE,INSERT_BY,INSERT_DATE,MOD_BY,MOD_DATE,AWARD_TERM) values (49,'4727',2345,'pend','FRIELJ',to_date('08-MAY-16','DD-MON-RR'),'FRIELJ',to_timestamp('21-APR-16 05.22.41.000000000 AM','DD-MON-RR HH.MI.SSXFF AM'),'FRIELJ',to_timestamp('20-APR-16 10.22.41.808000000 PM','DD-MON-RR HH.MI.SSXFF AM'),null);
Insert into CSADMIN.TBL_PROPOSAL (PROPID,PROP_OFFER_TERM,PROP_BUDGET_REQUESTED,PROP_OFFER_STATUS,SUBMITTED_BY,SUBMIT_DATE,INSERT_BY,INSERT_DATE,MOD_BY,MOD_DATE,AWARD_TERM) values (50,'4727',2345,'pend','FRIELJ',to_date('08-MAY-16','DD-MON-RR'),'FRIELJ',to_timestamp('21-APR-16 05.23.33.000000000 AM','DD-MON-RR HH.MI.SSXFF AM'),'FRIELJ',to_timestamp('20-APR-16 10.23.33.708000000 PM','DD-MON-RR HH.MI.SSXFF AM'),null);
Insert into CSADMIN.TBL_PROPOSAL (PROPID,PROP_OFFER_TERM,PROP_BUDGET_REQUESTED,PROP_OFFER_STATUS,SUBMITTED_BY,SUBMIT_DATE,INSERT_BY,INSERT_DATE,MOD_BY,MOD_DATE,AWARD_TERM) values (51,'4727',2345,'pend','FRIELJ',to_date('08-MAY-16','DD-MON-RR'),'FRIELJ',to_timestamp('21-APR-16 05.24.09.000000000 AM','DD-MON-RR HH.MI.SSXFF AM'),'FRIELJ',to_timestamp('20-APR-16 10.24.09.015000000 PM','DD-MON-RR HH.MI.SSXFF AM'),null);
Insert into CSADMIN.TBL_PROPOSAL (PROPID,PROP_OFFER_TERM,PROP_BUDGET_REQUESTED,PROP_OFFER_STATUS,SUBMITTED_BY,SUBMIT_DATE,INSERT_BY,INSERT_DATE,MOD_BY,MOD_DATE,AWARD_TERM) values (53,'4727',2345,'pend','FRIELJ',to_date('08-MAY-16','DD-MON-RR'),'FRIELJ',to_timestamp('21-APR-16 05.26.32.000000000 AM','DD-MON-RR HH.MI.SSXFF AM'),'FRIELJ',to_timestamp('20-APR-16 10.26.32.649000000 PM','DD-MON-RR HH.MI.SSXFF AM'),null);
Insert into CSADMIN.TBL_PROPOSAL (PROPID,PROP_OFFER_TERM,PROP_BUDGET_REQUESTED,PROP_OFFER_STATUS,SUBMITTED_BY,SUBMIT_DATE,INSERT_BY,INSERT_DATE,MOD_BY,MOD_DATE,AWARD_TERM) values (54,'4727',2345,'pend','FRIELJ',to_date('08-MAY-16','DD-MON-RR'),'FRIELJ',to_timestamp('21-APR-16 05.27.24.000000000 AM','DD-MON-RR HH.MI.SSXFF AM'),'FRIELJ',to_timestamp('20-APR-16 10.27.24.463000000 PM','DD-MON-RR HH.MI.SSXFF AM'),null);
Insert into CSADMIN.TBL_PROPOSAL (PROPID,PROP_OFFER_TERM,PROP_BUDGET_REQUESTED,PROP_OFFER_STATUS,SUBMITTED_BY,SUBMIT_DATE,INSERT_BY,INSERT_DATE,MOD_BY,MOD_DATE,AWARD_TERM) values (55,'4727',2345,'pend','FRIELJ',to_date('08-MAY-16','DD-MON-RR'),'FRIELJ',to_timestamp('21-APR-16 05.28.58.000000000 AM','DD-MON-RR HH.MI.SSXFF AM'),'FRIELJ',to_timestamp('20-APR-16 10.28.58.076000000 PM','DD-MON-RR HH.MI.SSXFF AM'),null);
Insert into CSADMIN.TBL_PROPOSAL (PROPID,PROP_OFFER_TERM,PROP_BUDGET_REQUESTED,PROP_OFFER_STATUS,SUBMITTED_BY,SUBMIT_DATE,INSERT_BY,INSERT_DATE,MOD_BY,MOD_DATE,AWARD_TERM) values (56,'4727',2345,'pend','FRIELJ',to_date('08-MAY-16','DD-MON-RR'),'FRIELJ',to_timestamp('21-APR-16 05.31.55.000000000 AM','DD-MON-RR HH.MI.SSXFF AM'),'FRIELJ',to_timestamp('20-APR-16 10.31.55.164000000 PM','DD-MON-RR HH.MI.SSXFF AM'),null);
Insert into CSADMIN.TBL_PROPOSAL (PROPID,PROP_OFFER_TERM,PROP_BUDGET_REQUESTED,PROP_OFFER_STATUS,SUBMITTED_BY,SUBMIT_DATE,INSERT_BY,INSERT_DATE,MOD_BY,MOD_DATE,AWARD_TERM) values (57,'4443',15000,'pend','FRIELJ',to_date('06-JUN-16','DD-MON-RR'),'FRIELJ',to_timestamp('21-APR-16 05.34.04.000000000 AM','DD-MON-RR HH.MI.SSXFF AM'),'FRIELJ',to_timestamp('20-APR-16 10.34.04.166000000 PM','DD-MON-RR HH.MI.SSXFF AM'),null);
Insert into CSADMIN.TBL_PROPOSAL (PROPID,PROP_OFFER_TERM,PROP_BUDGET_REQUESTED,PROP_OFFER_STATUS,SUBMITTED_BY,SUBMIT_DATE,INSERT_BY,INSERT_DATE,MOD_BY,MOD_DATE,AWARD_TERM) values (58,'4327',1000,'pend','TIGERT',to_date('01-AUG-16','DD-MON-RR'),'FRIELJ',to_timestamp('21-APR-16 05.36.40.000000000 AM','DD-MON-RR HH.MI.SSXFF AM'),'FRIELJ',to_timestamp('20-APR-16 10.36.40.907000000 PM','DD-MON-RR HH.MI.SSXFF AM'),null);
Insert into CSADMIN.TBL_PROPOSAL (PROPID,PROP_OFFER_TERM,PROP_BUDGET_REQUESTED,PROP_OFFER_STATUS,SUBMITTED_BY,SUBMIT_DATE,INSERT_BY,INSERT_DATE,MOD_BY,MOD_DATE,AWARD_TERM) values (59,'4327',1000,'pend','TIGERT',to_date('01-AUG-16','DD-MON-RR'),'FRIELJ',to_timestamp('21-APR-16 05.41.03.000000000 AM','DD-MON-RR HH.MI.SSXFF AM'),'FRIELJ',to_timestamp('20-APR-16 10.41.03.025000000 PM','DD-MON-RR HH.MI.SSXFF AM'),null);
Insert into CSADMIN.TBL_PROPOSAL (PROPID,PROP_OFFER_TERM,PROP_BUDGET_REQUESTED,PROP_OFFER_STATUS,SUBMITTED_BY,SUBMIT_DATE,INSERT_BY,INSERT_DATE,MOD_BY,MOD_DATE,AWARD_TERM) values (60,'4327',1000,'pend','TIGERT',to_date('01-AUG-16','DD-MON-RR'),'FRIELJ',to_timestamp('21-APR-16 05.41.56.000000000 AM','DD-MON-RR HH.MI.SSXFF AM'),'FRIELJ',to_timestamp('20-APR-16 10.41.56.094000000 PM','DD-MON-RR HH.MI.SSXFF AM'),null);
Insert into CSADMIN.TBL_PROPOSAL (PROPID,PROP_OFFER_TERM,PROP_BUDGET_REQUESTED,PROP_OFFER_STATUS,SUBMITTED_BY,SUBMIT_DATE,INSERT_BY,INSERT_DATE,MOD_BY,MOD_DATE,AWARD_TERM) values (61,'4327',1000,'pend','TIGERT',to_date('01-AUG-16','DD-MON-RR'),'FRIELJ',to_timestamp('21-APR-16 05.42.30.000000000 AM','DD-MON-RR HH.MI.SSXFF AM'),'FRIELJ',to_timestamp('20-APR-16 10.42.30.558000000 PM','DD-MON-RR HH.MI.SSXFF AM'),null);
Insert into CSADMIN.TBL_PROPOSAL (PROPID,PROP_OFFER_TERM,PROP_BUDGET_REQUESTED,PROP_OFFER_STATUS,SUBMITTED_BY,SUBMIT_DATE,INSERT_BY,INSERT_DATE,MOD_BY,MOD_DATE,AWARD_TERM) values (62,'4327',1000,'pend','TIGERT',to_date('01-AUG-16','DD-MON-RR'),'FRIELJ',to_timestamp('21-APR-16 05.43.19.000000000 AM','DD-MON-RR HH.MI.SSXFF AM'),'FRIELJ',to_timestamp('20-APR-16 10.43.19.930000000 PM','DD-MON-RR HH.MI.SSXFF AM'),null);
Insert into CSADMIN.TBL_PROPOSAL (PROPID,PROP_OFFER_TERM,PROP_BUDGET_REQUESTED,PROP_OFFER_STATUS,SUBMITTED_BY,SUBMIT_DATE,INSERT_BY,INSERT_DATE,MOD_BY,MOD_DATE,AWARD_TERM) values (65,'4735',10000,'pend','TIGERT',to_date('06-JUN-16','DD-MON-RR'),'FRIELJ',to_timestamp('21-APR-16 01.00.00.000000000 AM','DD-MON-RR HH.MI.SSXFF AM'),'FRIELJ',to_timestamp('21-APR-16 10.17.32.856000000 AM','DD-MON-RR HH.MI.SSXFF AM'),null);
Insert into CSADMIN.TBL_PROPOSAL (PROPID,PROP_OFFER_TERM,PROP_BUDGET_REQUESTED,PROP_OFFER_STATUS,SUBMITTED_BY,SUBMIT_DATE,INSERT_BY,INSERT_DATE,MOD_BY,MOD_DATE,AWARD_TERM) values (66,'4735',10000,'pend','TIGERT',to_date('06-JUN-16','DD-MON-RR'),'FRIELJ',to_timestamp('21-APR-16 01.00.00.000000000 AM','DD-MON-RR HH.MI.SSXFF AM'),'FRIELJ',to_timestamp('21-APR-16 10.20.50.489000000 AM','DD-MON-RR HH.MI.SSXFF AM'),null);
Insert into CSADMIN.TBL_PROPOSAL (PROPID,PROP_OFFER_TERM,PROP_BUDGET_REQUESTED,PROP_OFFER_STATUS,SUBMITTED_BY,SUBMIT_DATE,INSERT_BY,INSERT_DATE,MOD_BY,MOD_DATE,AWARD_TERM) values (67,'4735',10000,'pend','TIGERT',to_date('06-JUN-16','DD-MON-RR'),'FRIELJ',to_timestamp('21-APR-16 01.00.00.000000000 AM','DD-MON-RR HH.MI.SSXFF AM'),'FRIELJ',to_timestamp('21-APR-16 10.21.22.857000000 AM','DD-MON-RR HH.MI.SSXFF AM'),null);
Insert into CSADMIN.TBL_PROPOSAL (PROPID,PROP_OFFER_TERM,PROP_BUDGET_REQUESTED,PROP_OFFER_STATUS,SUBMITTED_BY,SUBMIT_DATE,INSERT_BY,INSERT_DATE,MOD_BY,MOD_DATE,AWARD_TERM) values (68,'4735',10000,'pend','TIGERT',to_date('06-JUN-16','DD-MON-RR'),'FRIELJ',to_timestamp('21-APR-16 01.00.00.000000000 AM','DD-MON-RR HH.MI.SSXFF AM'),'FRIELJ',to_timestamp('21-APR-16 10.22.26.099000000 AM','DD-MON-RR HH.MI.SSXFF AM'),null);
Insert into CSADMIN.TBL_PROPOSAL (PROPID,PROP_OFFER_TERM,PROP_BUDGET_REQUESTED,PROP_OFFER_STATUS,SUBMITTED_BY,SUBMIT_DATE,INSERT_BY,INSERT_DATE,MOD_BY,MOD_DATE,AWARD_TERM) values (69,'4735',10000,'pend','TIGERT',to_date('06-JUN-16','DD-MON-RR'),'FRIELJ',to_timestamp('21-APR-16 01.00.00.000000000 AM','DD-MON-RR HH.MI.SSXFF AM'),'FRIELJ',to_timestamp('21-APR-16 10.24.15.806000000 AM','DD-MON-RR HH.MI.SSXFF AM'),null);
Insert into CSADMIN.TBL_PROPOSAL (PROPID,PROP_OFFER_TERM,PROP_BUDGET_REQUESTED,PROP_OFFER_STATUS,SUBMITTED_BY,SUBMIT_DATE,INSERT_BY,INSERT_DATE,MOD_BY,MOD_DATE,AWARD_TERM) values (70,'4735',10000,'pend','TIGERT',to_date('06-JUN-16','DD-MON-RR'),'FRIELJ',to_timestamp('21-APR-16 01.00.00.000000000 AM','DD-MON-RR HH.MI.SSXFF AM'),'FRIELJ',to_timestamp('21-APR-16 10.25.53.787000000 AM','DD-MON-RR HH.MI.SSXFF AM'),null);
commit;
REM INSERTING into CSADMIN.TBL_PROP_FACULTY
SET DEFINE OFF;
REM INSERTING into CSADMIN.TBL_PROP_PRI_COURSES
SET DEFINE OFF;
Insert into CSADMIN.TBL_PROP_PRI_COURSES (PROPID,PRI_SEQ_NUM,INSTITUTION,CAREER,SUBJECT,CATALOG_NUM,DESCR,DESCR_TOPICS,ACAD_ORG,COURSE_STATUS,PRI_CRSE_BUDGET,MOD_BY,MOD_DATE) values (13,1,'COLUM','UGRD','Biology','5678','Test biology',null,null,null,null,'FRIELJ',to_timestamp('18-APR-16 09.26.44.206000000 PM','DD-MON-RR HH.MI.SSXFF AM'));
Insert into CSADMIN.TBL_PROP_PRI_COURSES (PROPID,PRI_SEQ_NUM,INSTITUTION,CAREER,SUBJECT,CATALOG_NUM,DESCR,DESCR_TOPICS,ACAD_ORG,COURSE_STATUS,PRI_CRSE_BUDGET,MOD_BY,MOD_DATE) values (14,3,'COLUM','UGRD','fjfjfjf','fjfjfjf','adskdskjdsfk;jlsdfkjl;dsf',null,null,null,null,'FRIELJ',to_timestamp('19-APR-16 09.24.18.667000000 AM','DD-MON-RR HH.MI.SSXFF AM'));
Insert into CSADMIN.TBL_PROP_PRI_COURSES (PROPID,PRI_SEQ_NUM,INSTITUTION,CAREER,SUBJECT,CATALOG_NUM,DESCR,DESCR_TOPICS,ACAD_ORG,COURSE_STATUS,PRI_CRSE_BUDGET,MOD_BY,MOD_DATE) values (102,23,'UMKC','UGRD','Engineering',null,'Test biology',null,null,'inact',null,'FRIELJ',to_timestamp('28-APR-16 04.13.15.176000000 PM','DD-MON-RR HH.MI.SSXFF AM'));
Insert into CSADMIN.TBL_PROP_PRI_COURSES (PROPID,PRI_SEQ_NUM,INSTITUTION,CAREER,SUBJECT,CATALOG_NUM,DESCR,DESCR_TOPICS,ACAD_ORG,COURSE_STATUS,PRI_CRSE_BUDGET,MOD_BY,MOD_DATE) values (102,24,'ROLLA','UGRD','adfdfsfdsa','adffdd','adsasdf','afasddf',null,'activ',null,'FRIELJ',to_timestamp('28-APR-16 04.13.49.037000000 PM','DD-MON-RR HH.MI.SSXFF AM'));
Insert into CSADMIN.TBL_PROP_PRI_COURSES (PROPID,PRI_SEQ_NUM,INSTITUTION,CAREER,SUBJECT,CATALOG_NUM,DESCR,DESCR_TOPICS,ACAD_ORG,COURSE_STATUS,PRI_CRSE_BUDGET,MOD_BY,MOD_DATE) values (2,41,'COLUM','UGRD','fgfdgdfsg',null,null,null,null,'activ',null,'FRIELJ',to_timestamp('01-MAY-16 12.56.58.989000000 PM','DD-MON-RR HH.MI.SSXFF AM'));
Insert into CSADMIN.TBL_PROP_PRI_COURSES (PROPID,PRI_SEQ_NUM,INSTITUTION,CAREER,SUBJECT,CATALOG_NUM,DESCR,DESCR_TOPICS,ACAD_ORG,COURSE_STATUS,PRI_CRSE_BUDGET,MOD_BY,MOD_DATE) values (2,42,'COLUM','UGRD','fgfdgdfsg',null,null,null,null,'activ',null,'FRIELJ',to_timestamp('01-MAY-16 02.14.26.110000000 PM','DD-MON-RR HH.MI.SSXFF AM'));
Insert into CSADMIN.TBL_PROP_PRI_COURSES (PROPID,PRI_SEQ_NUM,INSTITUTION,CAREER,SUBJECT,CATALOG_NUM,DESCR,DESCR_TOPICS,ACAD_ORG,COURSE_STATUS,PRI_CRSE_BUDGET,MOD_BY,MOD_DATE) values (13,2,'COLUM','UGRD','Biology','5678','Test biology',null,null,null,null,'FRIELJ',to_timestamp('18-APR-16 09.30.16.548000000 PM','DD-MON-RR HH.MI.SSXFF AM'));
Insert into CSADMIN.TBL_PROP_PRI_COURSES (PROPID,PRI_SEQ_NUM,INSTITUTION,CAREER,SUBJECT,CATALOG_NUM,DESCR,DESCR_TOPICS,ACAD_ORG,COURSE_STATUS,PRI_CRSE_BUDGET,MOD_BY,MOD_DATE) values (77,11,'COLUM','UGRD','ggggg','ggggg','hjjj','ffff',null,'activ',null,'FRIELJ',to_timestamp('22-APR-16 10.09.10.506000000 AM','DD-MON-RR HH.MI.SSXFF AM'));
Insert into CSADMIN.TBL_PROP_PRI_COURSES (PROPID,PRI_SEQ_NUM,INSTITUTION,CAREER,SUBJECT,CATALOG_NUM,DESCR,DESCR_TOPICS,ACAD_ORG,COURSE_STATUS,PRI_CRSE_BUDGET,MOD_BY,MOD_DATE) values (77,12,'COLUM','UGRD','ggggg','ggggg','hjjj','ffff',null,'activ',null,'FRIELJ',to_timestamp('22-APR-16 10.10.44.086000000 AM','DD-MON-RR HH.MI.SSXFF AM'));
Insert into CSADMIN.TBL_PROP_PRI_COURSES (PROPID,PRI_SEQ_NUM,INSTITUTION,CAREER,SUBJECT,CATALOG_NUM,DESCR,DESCR_TOPICS,ACAD_ORG,COURSE_STATUS,PRI_CRSE_BUDGET,MOD_BY,MOD_DATE) values (79,13,'COLUM','UGRD','gfdgfg','fgdfgdf',null,null,null,'activ',null,'FRIELJ',to_timestamp('24-APR-16 08.03.18.790000000 PM','DD-MON-RR HH.MI.SSXFF AM'));
Insert into CSADMIN.TBL_PROP_PRI_COURSES (PROPID,PRI_SEQ_NUM,INSTITUTION,CAREER,SUBJECT,CATALOG_NUM,DESCR,DESCR_TOPICS,ACAD_ORG,COURSE_STATUS,PRI_CRSE_BUDGET,MOD_BY,MOD_DATE) values (18,4,'COLUM','UGRD','English/History','1200/2300','This is english in the western world',null,null,null,null,'FRIELJ',to_timestamp('19-APR-16 07.55.30.605000000 PM','DD-MON-RR HH.MI.SSXFF AM'));
Insert into CSADMIN.TBL_PROP_PRI_COURSES (PROPID,PRI_SEQ_NUM,INSTITUTION,CAREER,SUBJECT,CATALOG_NUM,DESCR,DESCR_TOPICS,ACAD_ORG,COURSE_STATUS,PRI_CRSE_BUDGET,MOD_BY,MOD_DATE) values (18,5,'UMKC','UGRD','Math','1000','Math for dummies','Dummies for math',null,null,null,'FRIELJ',to_timestamp('19-APR-16 07.55.30.636000000 PM','DD-MON-RR HH.MI.SSXFF AM'));
Insert into CSADMIN.TBL_PROP_PRI_COURSES (PROPID,PRI_SEQ_NUM,INSTITUTION,CAREER,SUBJECT,CATALOG_NUM,DESCR,DESCR_TOPICS,ACAD_ORG,COURSE_STATUS,PRI_CRSE_BUDGET,MOD_BY,MOD_DATE) values (70,8,'COLUM','UGRD','dsffdff','fdffss','dkfjdsklffkj','dfkjdsfkl',null,'activ',null,'FRIELJ',to_timestamp('21-APR-16 11.46.01.633000000 AM','DD-MON-RR HH.MI.SSXFF AM'));
Insert into CSADMIN.TBL_PROP_PRI_COURSES (PROPID,PRI_SEQ_NUM,INSTITUTION,CAREER,SUBJECT,CATALOG_NUM,DESCR,DESCR_TOPICS,ACAD_ORG,COURSE_STATUS,PRI_CRSE_BUDGET,MOD_BY,MOD_DATE) values (70,9,'COLUM','UGRD','dsffdff','fdffss','dkfjdsklffkj','dfkjdsfkl',null,'activ',null,'FRIELJ',to_timestamp('21-APR-16 11.48.55.961000000 AM','DD-MON-RR HH.MI.SSXFF AM'));
Insert into CSADMIN.TBL_PROP_PRI_COURSES (PROPID,PRI_SEQ_NUM,INSTITUTION,CAREER,SUBJECT,CATALOG_NUM,DESCR,DESCR_TOPICS,ACAD_ORG,COURSE_STATUS,PRI_CRSE_BUDGET,MOD_BY,MOD_DATE) values (70,10,'COLUM','UGRD','dsffdff','fdffss','dkfjdsklffkj','dfkjdsfkl',null,'activ',null,'FRIELJ',to_timestamp('21-APR-16 12.41.52.515000000 PM','DD-MON-RR HH.MI.SSXFF AM'));
Insert into CSADMIN.TBL_PROP_PRI_COURSES (PROPID,PRI_SEQ_NUM,INSTITUTION,CAREER,SUBJECT,CATALOG_NUM,DESCR,DESCR_TOPICS,ACAD_ORG,COURSE_STATUS,PRI_CRSE_BUDGET,MOD_BY,MOD_DATE) values (101,21,'UMKC','GRAD','Engineering','1234','Test biology','ffff',null,'activ',null,'FRIELJ',to_timestamp('28-APR-16 03.54.55.500000000 PM','DD-MON-RR HH.MI.SSXFF AM'));
Insert into CSADMIN.TBL_PROP_PRI_COURSES (PROPID,PRI_SEQ_NUM,INSTITUTION,CAREER,SUBJECT,CATALOG_NUM,DESCR,DESCR_TOPICS,ACAD_ORG,COURSE_STATUS,PRI_CRSE_BUDGET,MOD_BY,MOD_DATE) values (3,22,'COLUM','UGRD',null,null,'fvfdsafdsf','addsfdsfd',null,'activ',null,'FRIELJ',to_timestamp('28-APR-16 03.56.47.906000000 PM','DD-MON-RR HH.MI.SSXFF AM'));
commit;
REM INSERTING into CSADMIN.TBL_PROP_SEC_COURSES
SET DEFINE OFF;
Insert into CSADMIN.TBL_PROP_SEC_COURSES (PROPID,PRI_SEQ_NUM,SEC_SEQ_NUM,INSTITUTION,CAREER,SUBJECT,CATALOG_NUM,DESCR,DESCR_TOPICS,ACAD_ORG,COURSE_STATUS,SEC_CRSE_BUDGET,MOD_BY,MOD_DATE) values (3,22,1,'COLUM','GRAD','afasdfdsa','sdadsfdsaf','cxvzcxvcxcxv',null,null,'activ',null,'FRIELJ',to_timestamp('28-APR-16 04.00.09.856000000 PM','DD-MON-RR HH.MI.SSXFF AM'));
Insert into CSADMIN.TBL_PROP_SEC_COURSES (PROPID,PRI_SEQ_NUM,SEC_SEQ_NUM,INSTITUTION,CAREER,SUBJECT,CATALOG_NUM,DESCR,DESCR_TOPICS,ACAD_ORG,COURSE_STATUS,SEC_CRSE_BUDGET,MOD_BY,MOD_DATE) values (102,23,2,'COLUM','UGRD','dsfasfdf','adafdsf','dsadsfdsfdsf',null,null,'activ',null,'FRIELJ',to_timestamp('28-APR-16 04.16.28.818000000 PM','DD-MON-RR HH.MI.SSXFF AM'));
Insert into CSADMIN.TBL_PROP_SEC_COURSES (PROPID,PRI_SEQ_NUM,SEC_SEQ_NUM,INSTITUTION,CAREER,SUBJECT,CATALOG_NUM,DESCR,DESCR_TOPICS,ACAD_ORG,COURSE_STATUS,SEC_CRSE_BUDGET,MOD_BY,MOD_DATE) values (102,23,3,'UMSL','UGRD','adsfadsfdsf','asdfsdafsf','asdfdsafdsf','asfdsaf',null,'activ',null,'FRIELJ',to_timestamp('28-APR-16 04.17.20.441000000 PM','DD-MON-RR HH.MI.SSXFF AM'));
Insert into CSADMIN.TBL_PROP_SEC_COURSES (PROPID,PRI_SEQ_NUM,SEC_SEQ_NUM,INSTITUTION,CAREER,SUBJECT,CATALOG_NUM,DESCR,DESCR_TOPICS,ACAD_ORG,COURSE_STATUS,SEC_CRSE_BUDGET,MOD_BY,MOD_DATE) values (2,41,21,'COLUM','UGRD','asdfsdfd','asdfdsf','asdfdsfd',null,null,'activ',null,'FRIELJ',to_timestamp('02-MAY-16 01.21.50.992000000 PM','DD-MON-RR HH.MI.SSXFF AM'));
commit;
REM INSERTING into CSADMIN.TBL_SHARED_PRI_COURSES
SET DEFINE OFF;
REM INSERTING into CSADMIN.TBL_SHARED_SEC_COURSES
SET DEFINE OFF;
REM INSERTING into CSADMIN.TBL_TERM
SET DEFINE OFF;
Insert into CSADMIN.TBL_TERM (STRM,DESCR,DESCRSHORT,ACAD_YEAR) values ('4227','2014 Spring Semester','SP2014','2014');
Insert into CSADMIN.TBL_TERM (STRM,DESCR,DESCRSHORT,ACAD_YEAR) values ('4235','2014 Summer Semester','SS2014','2015');
Insert into CSADMIN.TBL_TERM (STRM,DESCR,DESCRSHORT,ACAD_YEAR) values ('4243','2014 Fall Semester','FS2014','2015');
Insert into CSADMIN.TBL_TERM (STRM,DESCR,DESCRSHORT,ACAD_YEAR) values ('4427','2016 Spring Semester','SP2016','2016');
Insert into CSADMIN.TBL_TERM (STRM,DESCR,DESCRSHORT,ACAD_YEAR) values ('4527','2017 Spring Semester','SP2017','2017');
Insert into CSADMIN.TBL_TERM (STRM,DESCR,DESCRSHORT,ACAD_YEAR) values ('4327','2015 Spring Semester','SP2015','2015');
Insert into CSADMIN.TBL_TERM (STRM,DESCR,DESCRSHORT,ACAD_YEAR) values ('4335','2015 Summer Semester','SS2015','2016');
Insert into CSADMIN.TBL_TERM (STRM,DESCR,DESCRSHORT,ACAD_YEAR) values ('4343','2015 Fall Semester','FS2015','2016');
Insert into CSADMIN.TBL_TERM (STRM,DESCR,DESCRSHORT,ACAD_YEAR) values ('4435','2016 Summer Semester','SS2016','2017');
Insert into CSADMIN.TBL_TERM (STRM,DESCR,DESCRSHORT,ACAD_YEAR) values ('4443','2016 Fall Semester','FS2016','2017');
Insert into CSADMIN.TBL_TERM (STRM,DESCR,DESCRSHORT,ACAD_YEAR) values ('4535','2017 Summer Semester','SS2017','2018');
Insert into CSADMIN.TBL_TERM (STRM,DESCR,DESCRSHORT,ACAD_YEAR) values ('4543','2017 Fall Semester','FS2017','2018');
Insert into CSADMIN.TBL_TERM (STRM,DESCR,DESCRSHORT,ACAD_YEAR) values ('4627','2018 Spring Semester','SP2018','2018');
Insert into CSADMIN.TBL_TERM (STRM,DESCR,DESCRSHORT,ACAD_YEAR) values ('4735','2019 Summer Semester','SS2019','2020');
Insert into CSADMIN.TBL_TERM (STRM,DESCR,DESCRSHORT,ACAD_YEAR) values ('4635','2018 Summer Semester','SS2018','2019');
Insert into CSADMIN.TBL_TERM (STRM,DESCR,DESCRSHORT,ACAD_YEAR) values ('4643','2018 Fall Semester','FS2018','2019');
Insert into CSADMIN.TBL_TERM (STRM,DESCR,DESCRSHORT,ACAD_YEAR) values ('4727','2019 Spring Semester','SP2019','2019');
Insert into CSADMIN.TBL_TERM (STRM,DESCR,DESCRSHORT,ACAD_YEAR) values ('4743','2019 Fall Semester','FS2019','2020');
commit;
REM INSERTING into CSADMIN.TBL_USERS
SET DEFINE OFF;
Insert into CSADMIN.TBL_USERS (USER_ID,LAST_NAME,FIRST_NAME,TITLE,PHONE,EMAIL,EMPLID) values ('FRIELJ','Friel','Jeffrey','Faculty','5738829464','frielj@missouri.edu','12345678');
Insert into CSADMIN.TBL_USERS (USER_ID,LAST_NAME,FIRST_NAME,TITLE,PHONE,EMAIL,EMPLID) values ('TIGERT','Tiger','Truman','Course Coordinator','5738829464','tigert@missouri.edu','23456789');
commit;
--------------------------------------------------------
--  DDL for Index TBL_USERS_PK
--------------------------------------------------------

  CREATE UNIQUE INDEX "CSADMIN"."TBL_USERS_PK" ON "CSADMIN"."TBL_USERS" ("USER_ID") 
  PCTFREE 10 INITRANS 2 MAXTRANS 255 COMPUTE STATISTICS NOLOGGING 
  STORAGE(INITIAL 65536 NEXT 1048576 MINEXTENTS 1 MAXEXTENTS 2147483645
  PCTINCREASE 0 FREELISTS 1 FREELIST GROUPS 1 BUFFER_POOL DEFAULT FLASH_CACHE DEFAULT CELL_FLASH_CACHE DEFAULT)
  TABLESPACE "COURSE_SHARE" ;
--------------------------------------------------------
--  DDL for Index TBL_PROPOSAL_PK
--------------------------------------------------------

  CREATE UNIQUE INDEX "CSADMIN"."TBL_PROPOSAL_PK" ON "CSADMIN"."TBL_PROPOSAL" ("PROPID") 
  PCTFREE 10 INITRANS 2 MAXTRANS 255 COMPUTE STATISTICS NOLOGGING 
  STORAGE(INITIAL 65536 NEXT 1048576 MINEXTENTS 1 MAXEXTENTS 2147483645
  PCTINCREASE 0 FREELISTS 1 FREELIST GROUPS 1 BUFFER_POOL DEFAULT FLASH_CACHE DEFAULT CELL_FLASH_CACHE DEFAULT)
  TABLESPACE "COURSE_SHARE" ;
--------------------------------------------------------
--  DDL for Index TBL_PROP_PRI_COURSES_PK
--------------------------------------------------------

  CREATE UNIQUE INDEX "CSADMIN"."TBL_PROP_PRI_COURSES_PK" ON "CSADMIN"."TBL_PROP_PRI_COURSES" ("PROPID", "PRI_SEQ_NUM") 
  PCTFREE 10 INITRANS 2 MAXTRANS 255 COMPUTE STATISTICS NOLOGGING 
  STORAGE(INITIAL 65536 NEXT 1048576 MINEXTENTS 1 MAXEXTENTS 2147483645
  PCTINCREASE 0 FREELISTS 1 FREELIST GROUPS 1 BUFFER_POOL DEFAULT FLASH_CACHE DEFAULT CELL_FLASH_CACHE DEFAULT)
  TABLESPACE "COURSE_SHARE" ;
--------------------------------------------------------
--  DDL for Index TBL_TERM_PK
--------------------------------------------------------

  CREATE UNIQUE INDEX "CSADMIN"."TBL_TERM_PK" ON "CSADMIN"."TBL_TERM" ("STRM") 
  PCTFREE 10 INITRANS 2 MAXTRANS 255 COMPUTE STATISTICS NOLOGGING 
  STORAGE(INITIAL 65536 NEXT 1048576 MINEXTENTS 1 MAXEXTENTS 2147483645
  PCTINCREASE 0 FREELISTS 1 FREELIST GROUPS 1 BUFFER_POOL DEFAULT FLASH_CACHE DEFAULT CELL_FLASH_CACHE DEFAULT)
  TABLESPACE "COURSE_SHARE" ;
--------------------------------------------------------
--  DDL for Index TBL_COMMENTS_PK
--------------------------------------------------------

  CREATE UNIQUE INDEX "CSADMIN"."TBL_COMMENTS_PK" ON "CSADMIN"."TBL_COMMENTS" ("COMMENT_ID") 
  PCTFREE 10 INITRANS 2 MAXTRANS 255 COMPUTE STATISTICS NOLOGGING 
  STORAGE(INITIAL 65536 NEXT 1048576 MINEXTENTS 1 MAXEXTENTS 2147483645
  PCTINCREASE 0 FREELISTS 1 FREELIST GROUPS 1 BUFFER_POOL DEFAULT FLASH_CACHE DEFAULT CELL_FLASH_CACHE DEFAULT)
  TABLESPACE "COURSE_SHARE" ;
--------------------------------------------------------
--  DDL for Index TBL_SHARED_SEC_COURSES_PK
--------------------------------------------------------

  CREATE UNIQUE INDEX "CSADMIN"."TBL_SHARED_SEC_COURSES_PK" ON "CSADMIN"."TBL_SHARED_SEC_COURSES" ("PROPID", "PRI_COURSE_ID", "SEC_COURSE_ID") 
  PCTFREE 10 INITRANS 2 MAXTRANS 255 COMPUTE STATISTICS NOLOGGING 
  STORAGE(INITIAL 65536 NEXT 1048576 MINEXTENTS 1 MAXEXTENTS 2147483645
  PCTINCREASE 0 FREELISTS 1 FREELIST GROUPS 1 BUFFER_POOL DEFAULT FLASH_CACHE DEFAULT CELL_FLASH_CACHE DEFAULT)
  TABLESPACE "COURSE_SHARE" ;
--------------------------------------------------------
--  DDL for Index TBL_PROP_FACULTY_PK
--------------------------------------------------------

  CREATE UNIQUE INDEX "CSADMIN"."TBL_PROP_FACULTY_PK" ON "CSADMIN"."TBL_PROP_FACULTY" ("PROPID", "CRSE_SEQ_NUM", "COURSE_TYPE", "USER_ID") 
  PCTFREE 10 INITRANS 2 MAXTRANS 255 COMPUTE STATISTICS NOLOGGING 
  STORAGE(INITIAL 65536 NEXT 1048576 MINEXTENTS 1 MAXEXTENTS 2147483645
  PCTINCREASE 0 FREELISTS 1 FREELIST GROUPS 1 BUFFER_POOL DEFAULT FLASH_CACHE DEFAULT CELL_FLASH_CACHE DEFAULT)
  TABLESPACE "COURSE_SHARE" ;
--------------------------------------------------------
--  DDL for Index TBL_PROP_SEC_COURSES_PK
--------------------------------------------------------

  CREATE UNIQUE INDEX "CSADMIN"."TBL_PROP_SEC_COURSES_PK" ON "CSADMIN"."TBL_PROP_SEC_COURSES" ("PROPID", "PRI_SEQ_NUM", "SEC_SEQ_NUM") 
  PCTFREE 10 INITRANS 2 MAXTRANS 255 COMPUTE STATISTICS NOLOGGING 
  STORAGE(INITIAL 65536 NEXT 1048576 MINEXTENTS 1 MAXEXTENTS 2147483645
  PCTINCREASE 0 FREELISTS 1 FREELIST GROUPS 1 BUFFER_POOL DEFAULT FLASH_CACHE DEFAULT CELL_FLASH_CACHE DEFAULT)
  TABLESPACE "COURSE_SHARE" ;
--------------------------------------------------------
--  DDL for Index TBL_LOGIN_PK
--------------------------------------------------------

  CREATE UNIQUE INDEX "CSADMIN"."TBL_LOGIN_PK" ON "CSADMIN"."TBL_LOGIN" ("SSO") 
  PCTFREE 10 INITRANS 2 MAXTRANS 255 COMPUTE STATISTICS NOLOGGING 
  STORAGE(INITIAL 65536 NEXT 1048576 MINEXTENTS 1 MAXEXTENTS 2147483645
  PCTINCREASE 0 FREELISTS 1 FREELIST GROUPS 1 BUFFER_POOL DEFAULT FLASH_CACHE DEFAULT CELL_FLASH_CACHE DEFAULT)
  TABLESPACE "COURSE_SHARE" ;
--------------------------------------------------------
--  DDL for Index TBL_ACAD_ORG_PK
--------------------------------------------------------

  CREATE UNIQUE INDEX "CSADMIN"."TBL_ACAD_ORG_PK" ON "CSADMIN"."TBL_ACAD_ORG" ("ACAD_ORG") 
  PCTFREE 10 INITRANS 2 MAXTRANS 255 COMPUTE STATISTICS NOLOGGING 
  STORAGE(INITIAL 65536 NEXT 1048576 MINEXTENTS 1 MAXEXTENTS 2147483645
  PCTINCREASE 0 FREELISTS 1 FREELIST GROUPS 1 BUFFER_POOL DEFAULT FLASH_CACHE DEFAULT CELL_FLASH_CACHE DEFAULT)
  TABLESPACE "COURSE_SHARE" ;
--------------------------------------------------------
--  DDL for Index TBL_SHARED_PRI_COURSES_PK
--------------------------------------------------------

  CREATE UNIQUE INDEX "CSADMIN"."TBL_SHARED_PRI_COURSES_PK" ON "CSADMIN"."TBL_SHARED_PRI_COURSES" ("PROPID", "PRI_COURSE_ID") 
  PCTFREE 10 INITRANS 2 MAXTRANS 255 COMPUTE STATISTICS NOLOGGING 
  STORAGE(INITIAL 65536 NEXT 1048576 MINEXTENTS 1 MAXEXTENTS 2147483645
  PCTINCREASE 0 FREELISTS 1 FREELIST GROUPS 1 BUFFER_POOL DEFAULT FLASH_CACHE DEFAULT CELL_FLASH_CACHE DEFAULT)
  TABLESPACE "COURSE_SHARE" ;
--------------------------------------------------------
--  DDL for Index TABLE1_PK
--------------------------------------------------------

  CREATE UNIQUE INDEX "CSADMIN"."TABLE1_PK" ON "CSADMIN"."TBL_OFFER_STATUS" ("OFFER_STATUS") 
  PCTFREE 10 INITRANS 2 MAXTRANS 255 COMPUTE STATISTICS NOLOGGING 
  STORAGE(INITIAL 65536 NEXT 1048576 MINEXTENTS 1 MAXEXTENTS 2147483645
  PCTINCREASE 0 FREELISTS 1 FREELIST GROUPS 1 BUFFER_POOL DEFAULT FLASH_CACHE DEFAULT CELL_FLASH_CACHE DEFAULT)
  TABLESPACE "COURSE_SHARE" ;
--------------------------------------------------------
--  DDL for Index TBL_LOGIN_UK1
--------------------------------------------------------

  CREATE UNIQUE INDEX "CSADMIN"."TBL_LOGIN_UK1" ON "CSADMIN"."TBL_LOGIN" ("USER_ID") 
  PCTFREE 10 INITRANS 2 MAXTRANS 255 COMPUTE STATISTICS NOLOGGING 
  STORAGE(INITIAL 65536 NEXT 1048576 MINEXTENTS 1 MAXEXTENTS 2147483645
  PCTINCREASE 0 FREELISTS 1 FREELIST GROUPS 1 BUFFER_POOL DEFAULT FLASH_CACHE DEFAULT CELL_FLASH_CACHE DEFAULT)
  TABLESPACE "COURSE_SHARE" ;
--------------------------------------------------------
--  DDL for Index TBL_FACULTY_TYPE_PK
--------------------------------------------------------

  CREATE UNIQUE INDEX "CSADMIN"."TBL_FACULTY_TYPE_PK" ON "CSADMIN"."TBL_FACULTY_TYPE" ("FACULTY_TYPE") 
  PCTFREE 10 INITRANS 2 MAXTRANS 255 COMPUTE STATISTICS NOLOGGING 
  STORAGE(INITIAL 65536 NEXT 1048576 MINEXTENTS 1 MAXEXTENTS 2147483645
  PCTINCREASE 0 FREELISTS 1 FREELIST GROUPS 1 BUFFER_POOL DEFAULT FLASH_CACHE DEFAULT CELL_FLASH_CACHE DEFAULT)
  TABLESPACE "COURSE_SHARE" ;
--------------------------------------------------------
--  DDL for Index TBL_COURSE_STATUS_PK
--------------------------------------------------------

  CREATE UNIQUE INDEX "CSADMIN"."TBL_COURSE_STATUS_PK" ON "CSADMIN"."TBL_COURSE_STATUS" ("COURSE_STATUS") 
  PCTFREE 10 INITRANS 2 MAXTRANS 255 COMPUTE STATISTICS NOLOGGING 
  STORAGE(INITIAL 65536 NEXT 1048576 MINEXTENTS 1 MAXEXTENTS 2147483645
  PCTINCREASE 0 FREELISTS 1 FREELIST GROUPS 1 BUFFER_POOL DEFAULT FLASH_CACHE DEFAULT CELL_FLASH_CACHE DEFAULT)
  TABLESPACE "COURSE_SHARE" ;
--------------------------------------------------------
--  DDL for Index TBL_CAREER_PK
--------------------------------------------------------

  CREATE UNIQUE INDEX "CSADMIN"."TBL_CAREER_PK" ON "CSADMIN"."TBL_CAREER" ("ACAD_CAREER") 
  PCTFREE 10 INITRANS 2 MAXTRANS 255 COMPUTE STATISTICS NOLOGGING 
  STORAGE(INITIAL 65536 NEXT 1048576 MINEXTENTS 1 MAXEXTENTS 2147483645
  PCTINCREASE 0 FREELISTS 1 FREELIST GROUPS 1 BUFFER_POOL DEFAULT FLASH_CACHE DEFAULT CELL_FLASH_CACHE DEFAULT)
  TABLESPACE "COURSE_SHARE" ;
--------------------------------------------------------
--  DDL for Index TBL_INSTITUTION_PK
--------------------------------------------------------

  CREATE UNIQUE INDEX "CSADMIN"."TBL_INSTITUTION_PK" ON "CSADMIN"."TBL_INSTITUTION" ("INSTITUTION") 
  PCTFREE 10 INITRANS 2 MAXTRANS 255 COMPUTE STATISTICS NOLOGGING 
  STORAGE(INITIAL 65536 NEXT 1048576 MINEXTENTS 1 MAXEXTENTS 2147483645
  PCTINCREASE 0 FREELISTS 1 FREELIST GROUPS 1 BUFFER_POOL DEFAULT FLASH_CACHE DEFAULT CELL_FLASH_CACHE DEFAULT)
  TABLESPACE "COURSE_SHARE" ;
--------------------------------------------------------
--  Constraints for Table TBL_PROP_FACULTY
--------------------------------------------------------

  ALTER TABLE "CSADMIN"."TBL_PROP_FACULTY" ADD CONSTRAINT "TBL_PROP_FACULTY_PK" PRIMARY KEY ("PROPID", "CRSE_SEQ_NUM", "COURSE_TYPE", "USER_ID")
  USING INDEX PCTFREE 10 INITRANS 2 MAXTRANS 255 COMPUTE STATISTICS NOLOGGING 
  STORAGE(INITIAL 65536 NEXT 1048576 MINEXTENTS 1 MAXEXTENTS 2147483645
  PCTINCREASE 0 FREELISTS 1 FREELIST GROUPS 1 BUFFER_POOL DEFAULT FLASH_CACHE DEFAULT CELL_FLASH_CACHE DEFAULT)
  TABLESPACE "COURSE_SHARE"  ENABLE;
  ALTER TABLE "CSADMIN"."TBL_PROP_FACULTY" MODIFY ("USER_ID" NOT NULL ENABLE);
  ALTER TABLE "CSADMIN"."TBL_PROP_FACULTY" MODIFY ("COURSE_TYPE" NOT NULL ENABLE);
  ALTER TABLE "CSADMIN"."TBL_PROP_FACULTY" MODIFY ("CRSE_SEQ_NUM" NOT NULL ENABLE);
  ALTER TABLE "CSADMIN"."TBL_PROP_FACULTY" MODIFY ("PROPID" NOT NULL ENABLE);
--------------------------------------------------------
--  Constraints for Table TBL_PROPOSAL
--------------------------------------------------------

  ALTER TABLE "CSADMIN"."TBL_PROPOSAL" MODIFY ("PROPID" NOT NULL ENABLE);
  ALTER TABLE "CSADMIN"."TBL_PROPOSAL" ADD CONSTRAINT "TBL_PROPOSAL_PK" PRIMARY KEY ("PROPID")
  USING INDEX PCTFREE 10 INITRANS 2 MAXTRANS 255 COMPUTE STATISTICS NOLOGGING 
  STORAGE(INITIAL 65536 NEXT 1048576 MINEXTENTS 1 MAXEXTENTS 2147483645
  PCTINCREASE 0 FREELISTS 1 FREELIST GROUPS 1 BUFFER_POOL DEFAULT FLASH_CACHE DEFAULT CELL_FLASH_CACHE DEFAULT)
  TABLESPACE "COURSE_SHARE"  ENABLE;
  ALTER TABLE "CSADMIN"."TBL_PROPOSAL" MODIFY ("PROP_OFFER_STATUS" NOT NULL ENABLE);
  ALTER TABLE "CSADMIN"."TBL_PROPOSAL" MODIFY ("SUBMITTED_BY" NOT NULL ENABLE);
  ALTER TABLE "CSADMIN"."TBL_PROPOSAL" MODIFY ("SUBMIT_DATE" NOT NULL ENABLE);
  ALTER TABLE "CSADMIN"."TBL_PROPOSAL" MODIFY ("INSERT_BY" NOT NULL ENABLE);
  ALTER TABLE "CSADMIN"."TBL_PROPOSAL" MODIFY ("INSERT_DATE" NOT NULL ENABLE);
  ALTER TABLE "CSADMIN"."TBL_PROPOSAL" MODIFY ("MOD_BY" NOT NULL ENABLE);
  ALTER TABLE "CSADMIN"."TBL_PROPOSAL" MODIFY ("MOD_DATE" NOT NULL ENABLE);
--------------------------------------------------------
--  Constraints for Table TBL_INSTITUTION
--------------------------------------------------------

  ALTER TABLE "CSADMIN"."TBL_INSTITUTION" MODIFY ("INSTITUTION" NOT NULL ENABLE);
  ALTER TABLE "CSADMIN"."TBL_INSTITUTION" MODIFY ("INSTIT_DESCR" NOT NULL ENABLE);
  ALTER TABLE "CSADMIN"."TBL_INSTITUTION" ADD CONSTRAINT "TBL_INSTITUTION_PK" PRIMARY KEY ("INSTITUTION")
  USING INDEX PCTFREE 10 INITRANS 2 MAXTRANS 255 COMPUTE STATISTICS NOLOGGING 
  STORAGE(INITIAL 65536 NEXT 1048576 MINEXTENTS 1 MAXEXTENTS 2147483645
  PCTINCREASE 0 FREELISTS 1 FREELIST GROUPS 1 BUFFER_POOL DEFAULT FLASH_CACHE DEFAULT CELL_FLASH_CACHE DEFAULT)
  TABLESPACE "COURSE_SHARE"  ENABLE;
--------------------------------------------------------
--  Constraints for Table TBL_COMMENTS
--------------------------------------------------------

  ALTER TABLE "CSADMIN"."TBL_COMMENTS" MODIFY ("PROPID" NOT NULL ENABLE);
  ALTER TABLE "CSADMIN"."TBL_COMMENTS" MODIFY ("COM_TIMESTAMP" NOT NULL ENABLE);
  ALTER TABLE "CSADMIN"."TBL_COMMENTS" MODIFY ("USERID" NOT NULL ENABLE);
  ALTER TABLE "CSADMIN"."TBL_COMMENTS" MODIFY ("COM_TEXT" NOT NULL ENABLE);
  ALTER TABLE "CSADMIN"."TBL_COMMENTS" ADD CONSTRAINT "TBL_COMMENTS_PK" PRIMARY KEY ("COMMENT_ID")
  USING INDEX PCTFREE 10 INITRANS 2 MAXTRANS 255 COMPUTE STATISTICS NOLOGGING 
  STORAGE(INITIAL 65536 NEXT 1048576 MINEXTENTS 1 MAXEXTENTS 2147483645
  PCTINCREASE 0 FREELISTS 1 FREELIST GROUPS 1 BUFFER_POOL DEFAULT FLASH_CACHE DEFAULT CELL_FLASH_CACHE DEFAULT)
  TABLESPACE "COURSE_SHARE"  ENABLE;
  ALTER TABLE "CSADMIN"."TBL_COMMENTS" MODIFY ("COMMENT_ID" NOT NULL ENABLE);
--------------------------------------------------------
--  Constraints for Table TBL_OFFER_STATUS
--------------------------------------------------------

  ALTER TABLE "CSADMIN"."TBL_OFFER_STATUS" MODIFY ("OFFER_STATUS" NOT NULL ENABLE);
  ALTER TABLE "CSADMIN"."TBL_OFFER_STATUS" ADD CONSTRAINT "TABLE1_PK" PRIMARY KEY ("OFFER_STATUS")
  USING INDEX PCTFREE 10 INITRANS 2 MAXTRANS 255 COMPUTE STATISTICS NOLOGGING 
  STORAGE(INITIAL 65536 NEXT 1048576 MINEXTENTS 1 MAXEXTENTS 2147483645
  PCTINCREASE 0 FREELISTS 1 FREELIST GROUPS 1 BUFFER_POOL DEFAULT FLASH_CACHE DEFAULT CELL_FLASH_CACHE DEFAULT)
  TABLESPACE "COURSE_SHARE"  ENABLE;
--------------------------------------------------------
--  Constraints for Table TBL_SHARED_PRI_COURSES
--------------------------------------------------------

  ALTER TABLE "CSADMIN"."TBL_SHARED_PRI_COURSES" MODIFY ("MOD_DATE" NOT NULL ENABLE);
  ALTER TABLE "CSADMIN"."TBL_SHARED_PRI_COURSES" MODIFY ("MOD_BY" NOT NULL ENABLE);
  ALTER TABLE "CSADMIN"."TBL_SHARED_PRI_COURSES" MODIFY ("CLASS_SECTION" NOT NULL ENABLE);
  ALTER TABLE "CSADMIN"."TBL_SHARED_PRI_COURSES" MODIFY ("LONG_DESCR" NOT NULL ENABLE);
  ALTER TABLE "CSADMIN"."TBL_SHARED_PRI_COURSES" MODIFY ("DESCR" NOT NULL ENABLE);
  ALTER TABLE "CSADMIN"."TBL_SHARED_PRI_COURSES" MODIFY ("CATALOG_NUM" NOT NULL ENABLE);
  ALTER TABLE "CSADMIN"."TBL_SHARED_PRI_COURSES" MODIFY ("SUBJECT" NOT NULL ENABLE);
  ALTER TABLE "CSADMIN"."TBL_SHARED_PRI_COURSES" MODIFY ("CAREER" NOT NULL ENABLE);
  ALTER TABLE "CSADMIN"."TBL_SHARED_PRI_COURSES" MODIFY ("INSTITUTION" NOT NULL ENABLE);
  ALTER TABLE "CSADMIN"."TBL_SHARED_PRI_COURSES" ADD CONSTRAINT "TBL_SHARED_PRI_COURSES_PK" PRIMARY KEY ("PROPID", "PRI_COURSE_ID")
  USING INDEX PCTFREE 10 INITRANS 2 MAXTRANS 255 COMPUTE STATISTICS NOLOGGING 
  STORAGE(INITIAL 65536 NEXT 1048576 MINEXTENTS 1 MAXEXTENTS 2147483645
  PCTINCREASE 0 FREELISTS 1 FREELIST GROUPS 1 BUFFER_POOL DEFAULT FLASH_CACHE DEFAULT CELL_FLASH_CACHE DEFAULT)
  TABLESPACE "COURSE_SHARE"  ENABLE;
  ALTER TABLE "CSADMIN"."TBL_SHARED_PRI_COURSES" MODIFY ("PRI_COURSE_ID" NOT NULL ENABLE);
  ALTER TABLE "CSADMIN"."TBL_SHARED_PRI_COURSES" MODIFY ("PROPID" NOT NULL ENABLE);
--------------------------------------------------------
--  Constraints for Table TBL_USERS
--------------------------------------------------------

  ALTER TABLE "CSADMIN"."TBL_USERS" ADD CONSTRAINT "TBL_USERS_PK" PRIMARY KEY ("USER_ID")
  USING INDEX PCTFREE 10 INITRANS 2 MAXTRANS 255 COMPUTE STATISTICS NOLOGGING 
  STORAGE(INITIAL 65536 NEXT 1048576 MINEXTENTS 1 MAXEXTENTS 2147483645
  PCTINCREASE 0 FREELISTS 1 FREELIST GROUPS 1 BUFFER_POOL DEFAULT FLASH_CACHE DEFAULT CELL_FLASH_CACHE DEFAULT)
  TABLESPACE "COURSE_SHARE"  ENABLE;
  ALTER TABLE "CSADMIN"."TBL_USERS" MODIFY ("EMAIL" NOT NULL ENABLE);
  ALTER TABLE "CSADMIN"."TBL_USERS" MODIFY ("PHONE" NOT NULL ENABLE);
  ALTER TABLE "CSADMIN"."TBL_USERS" MODIFY ("TITLE" NOT NULL ENABLE);
  ALTER TABLE "CSADMIN"."TBL_USERS" MODIFY ("FIRST_NAME" NOT NULL ENABLE);
  ALTER TABLE "CSADMIN"."TBL_USERS" MODIFY ("LAST_NAME" NOT NULL ENABLE);
  ALTER TABLE "CSADMIN"."TBL_USERS" MODIFY ("USER_ID" NOT NULL ENABLE);
--------------------------------------------------------
--  Constraints for Table TBL_ACAD_ORG
--------------------------------------------------------

  ALTER TABLE "CSADMIN"."TBL_ACAD_ORG" MODIFY ("ACAD_ORG" NOT NULL ENABLE);
  ALTER TABLE "CSADMIN"."TBL_ACAD_ORG" MODIFY ("EFF_STATUS" NOT NULL ENABLE);
  ALTER TABLE "CSADMIN"."TBL_ACAD_ORG" MODIFY ("DESCR" NOT NULL ENABLE);
  ALTER TABLE "CSADMIN"."TBL_ACAD_ORG" MODIFY ("DESCRSHORT" NOT NULL ENABLE);
  ALTER TABLE "CSADMIN"."TBL_ACAD_ORG" MODIFY ("DESCRFORMAL" NOT NULL ENABLE);
  ALTER TABLE "CSADMIN"."TBL_ACAD_ORG" ADD CONSTRAINT "TBL_ACAD_ORG_PK" PRIMARY KEY ("ACAD_ORG")
  USING INDEX PCTFREE 10 INITRANS 2 MAXTRANS 255 COMPUTE STATISTICS NOLOGGING 
  STORAGE(INITIAL 65536 NEXT 1048576 MINEXTENTS 1 MAXEXTENTS 2147483645
  PCTINCREASE 0 FREELISTS 1 FREELIST GROUPS 1 BUFFER_POOL DEFAULT FLASH_CACHE DEFAULT CELL_FLASH_CACHE DEFAULT)
  TABLESPACE "COURSE_SHARE"  ENABLE;
--------------------------------------------------------
--  Constraints for Table TBL_PROP_SEC_COURSES
--------------------------------------------------------

  ALTER TABLE "CSADMIN"."TBL_PROP_SEC_COURSES" ADD CONSTRAINT "TBL_PROP_SEC_COURSES_PK" PRIMARY KEY ("PROPID", "PRI_SEQ_NUM", "SEC_SEQ_NUM")
  USING INDEX PCTFREE 10 INITRANS 2 MAXTRANS 255 COMPUTE STATISTICS NOLOGGING 
  STORAGE(INITIAL 65536 NEXT 1048576 MINEXTENTS 1 MAXEXTENTS 2147483645
  PCTINCREASE 0 FREELISTS 1 FREELIST GROUPS 1 BUFFER_POOL DEFAULT FLASH_CACHE DEFAULT CELL_FLASH_CACHE DEFAULT)
  TABLESPACE "COURSE_SHARE"  ENABLE;
  ALTER TABLE "CSADMIN"."TBL_PROP_SEC_COURSES" MODIFY ("SEC_SEQ_NUM" NOT NULL ENABLE);
  ALTER TABLE "CSADMIN"."TBL_PROP_SEC_COURSES" MODIFY ("PRI_SEQ_NUM" NOT NULL ENABLE);
  ALTER TABLE "CSADMIN"."TBL_PROP_SEC_COURSES" MODIFY ("PROPID" NOT NULL ENABLE);
--------------------------------------------------------
--  Constraints for Table TBL_PROP_PRI_COURSES
--------------------------------------------------------

  ALTER TABLE "CSADMIN"."TBL_PROP_PRI_COURSES" ADD CONSTRAINT "TBL_PROP_PRI_COURSES_PK" PRIMARY KEY ("PROPID", "PRI_SEQ_NUM")
  USING INDEX PCTFREE 10 INITRANS 2 MAXTRANS 255 COMPUTE STATISTICS NOLOGGING 
  STORAGE(INITIAL 65536 NEXT 1048576 MINEXTENTS 1 MAXEXTENTS 2147483645
  PCTINCREASE 0 FREELISTS 1 FREELIST GROUPS 1 BUFFER_POOL DEFAULT FLASH_CACHE DEFAULT CELL_FLASH_CACHE DEFAULT)
  TABLESPACE "COURSE_SHARE"  ENABLE;
  ALTER TABLE "CSADMIN"."TBL_PROP_PRI_COURSES" MODIFY ("PRI_SEQ_NUM" NOT NULL ENABLE);
  ALTER TABLE "CSADMIN"."TBL_PROP_PRI_COURSES" MODIFY ("PROPID" NOT NULL ENABLE);
--------------------------------------------------------
--  Constraints for Table TBL_COURSE_STATUS
--------------------------------------------------------

  ALTER TABLE "CSADMIN"."TBL_COURSE_STATUS" MODIFY ("COURSE_STATUS" NOT NULL ENABLE);
  ALTER TABLE "CSADMIN"."TBL_COURSE_STATUS" ADD CONSTRAINT "TBL_COURSE_STATUS_PK" PRIMARY KEY ("COURSE_STATUS")
  USING INDEX PCTFREE 10 INITRANS 2 MAXTRANS 255 COMPUTE STATISTICS NOLOGGING 
  STORAGE(INITIAL 65536 NEXT 1048576 MINEXTENTS 1 MAXEXTENTS 2147483645
  PCTINCREASE 0 FREELISTS 1 FREELIST GROUPS 1 BUFFER_POOL DEFAULT FLASH_CACHE DEFAULT CELL_FLASH_CACHE DEFAULT)
  TABLESPACE "COURSE_SHARE"  ENABLE;
--------------------------------------------------------
--  Constraints for Table TBL_CAREER
--------------------------------------------------------

  ALTER TABLE "CSADMIN"."TBL_CAREER" MODIFY ("ACAD_CAREER" NOT NULL ENABLE);
  ALTER TABLE "CSADMIN"."TBL_CAREER" MODIFY ("DESCR" NOT NULL ENABLE);
  ALTER TABLE "CSADMIN"."TBL_CAREER" MODIFY ("DESCR_SHORT" NOT NULL ENABLE);
  ALTER TABLE "CSADMIN"."TBL_CAREER" ADD CONSTRAINT "TBL_CAREER_PK" PRIMARY KEY ("ACAD_CAREER")
  USING INDEX PCTFREE 10 INITRANS 2 MAXTRANS 255 COMPUTE STATISTICS NOLOGGING 
  STORAGE(INITIAL 65536 NEXT 1048576 MINEXTENTS 1 MAXEXTENTS 2147483645
  PCTINCREASE 0 FREELISTS 1 FREELIST GROUPS 1 BUFFER_POOL DEFAULT FLASH_CACHE DEFAULT CELL_FLASH_CACHE DEFAULT)
  TABLESPACE "COURSE_SHARE"  ENABLE;
--------------------------------------------------------
--  Constraints for Table TBL_LOGIN
--------------------------------------------------------

  ALTER TABLE "CSADMIN"."TBL_LOGIN" MODIFY ("USER_ID" NOT NULL ENABLE);
  ALTER TABLE "CSADMIN"."TBL_LOGIN" ADD CONSTRAINT "TBL_LOGIN_UK1" UNIQUE ("USER_ID")
  USING INDEX PCTFREE 10 INITRANS 2 MAXTRANS 255 COMPUTE STATISTICS NOLOGGING 
  STORAGE(INITIAL 65536 NEXT 1048576 MINEXTENTS 1 MAXEXTENTS 2147483645
  PCTINCREASE 0 FREELISTS 1 FREELIST GROUPS 1 BUFFER_POOL DEFAULT FLASH_CACHE DEFAULT CELL_FLASH_CACHE DEFAULT)
  TABLESPACE "COURSE_SHARE"  ENABLE;
  ALTER TABLE "CSADMIN"."TBL_LOGIN" MODIFY ("SSO" NOT NULL ENABLE);
  ALTER TABLE "CSADMIN"."TBL_LOGIN" MODIFY ("HASHPASS" NOT NULL ENABLE);
  ALTER TABLE "CSADMIN"."TBL_LOGIN" ADD CONSTRAINT "TBL_LOGIN_PK" PRIMARY KEY ("SSO")
  USING INDEX PCTFREE 10 INITRANS 2 MAXTRANS 255 COMPUTE STATISTICS NOLOGGING 
  STORAGE(INITIAL 65536 NEXT 1048576 MINEXTENTS 1 MAXEXTENTS 2147483645
  PCTINCREASE 0 FREELISTS 1 FREELIST GROUPS 1 BUFFER_POOL DEFAULT FLASH_CACHE DEFAULT CELL_FLASH_CACHE DEFAULT)
  TABLESPACE "COURSE_SHARE"  ENABLE;
  ALTER TABLE "CSADMIN"."TBL_LOGIN" MODIFY ("USER_TYPE" NOT NULL ENABLE);
--------------------------------------------------------
--  Constraints for Table TBL_TERM
--------------------------------------------------------

  ALTER TABLE "CSADMIN"."TBL_TERM" MODIFY ("STRM" NOT NULL ENABLE);
  ALTER TABLE "CSADMIN"."TBL_TERM" MODIFY ("DESCR" NOT NULL ENABLE);
  ALTER TABLE "CSADMIN"."TBL_TERM" MODIFY ("DESCRSHORT" NOT NULL ENABLE);
  ALTER TABLE "CSADMIN"."TBL_TERM" ADD CONSTRAINT "TBL_TERM_PK" PRIMARY KEY ("STRM")
  USING INDEX PCTFREE 10 INITRANS 2 MAXTRANS 255 COMPUTE STATISTICS NOLOGGING 
  STORAGE(INITIAL 65536 NEXT 1048576 MINEXTENTS 1 MAXEXTENTS 2147483645
  PCTINCREASE 0 FREELISTS 1 FREELIST GROUPS 1 BUFFER_POOL DEFAULT FLASH_CACHE DEFAULT CELL_FLASH_CACHE DEFAULT)
  TABLESPACE "COURSE_SHARE"  ENABLE;
--------------------------------------------------------
--  Constraints for Table TBL_FACULTY_TYPE
--------------------------------------------------------

  ALTER TABLE "CSADMIN"."TBL_FACULTY_TYPE" ADD CONSTRAINT "TBL_FACULTY_TYPE_PK" PRIMARY KEY ("FACULTY_TYPE")
  USING INDEX PCTFREE 10 INITRANS 2 MAXTRANS 255 COMPUTE STATISTICS NOLOGGING 
  STORAGE(INITIAL 65536 NEXT 1048576 MINEXTENTS 1 MAXEXTENTS 2147483645
  PCTINCREASE 0 FREELISTS 1 FREELIST GROUPS 1 BUFFER_POOL DEFAULT FLASH_CACHE DEFAULT CELL_FLASH_CACHE DEFAULT)
  TABLESPACE "COURSE_SHARE"  ENABLE;
  ALTER TABLE "CSADMIN"."TBL_FACULTY_TYPE" MODIFY ("FACULTY_TYPE" NOT NULL ENABLE);
--------------------------------------------------------
--  Constraints for Table TBL_SHARED_SEC_COURSES
--------------------------------------------------------

  ALTER TABLE "CSADMIN"."TBL_SHARED_SEC_COURSES" MODIFY ("MOD_DATE" NOT NULL ENABLE);
  ALTER TABLE "CSADMIN"."TBL_SHARED_SEC_COURSES" MODIFY ("MOD_BY" NOT NULL ENABLE);
  ALTER TABLE "CSADMIN"."TBL_SHARED_SEC_COURSES" ADD CONSTRAINT "TBL_SHARED_SEC_COURSES_PK" PRIMARY KEY ("PROPID", "PRI_COURSE_ID", "SEC_COURSE_ID")
  USING INDEX PCTFREE 10 INITRANS 2 MAXTRANS 255 COMPUTE STATISTICS NOLOGGING 
  STORAGE(INITIAL 65536 NEXT 1048576 MINEXTENTS 1 MAXEXTENTS 2147483645
  PCTINCREASE 0 FREELISTS 1 FREELIST GROUPS 1 BUFFER_POOL DEFAULT FLASH_CACHE DEFAULT CELL_FLASH_CACHE DEFAULT)
  TABLESPACE "COURSE_SHARE"  ENABLE;
  ALTER TABLE "CSADMIN"."TBL_SHARED_SEC_COURSES" MODIFY ("LONG_DESCR" NOT NULL ENABLE);
  ALTER TABLE "CSADMIN"."TBL_SHARED_SEC_COURSES" MODIFY ("DESCR" NOT NULL ENABLE);
  ALTER TABLE "CSADMIN"."TBL_SHARED_SEC_COURSES" MODIFY ("CATALOG_NUM" NOT NULL ENABLE);
  ALTER TABLE "CSADMIN"."TBL_SHARED_SEC_COURSES" MODIFY ("SUBJECT" NOT NULL ENABLE);
  ALTER TABLE "CSADMIN"."TBL_SHARED_SEC_COURSES" MODIFY ("CAREER" NOT NULL ENABLE);
  ALTER TABLE "CSADMIN"."TBL_SHARED_SEC_COURSES" MODIFY ("INSTITUTION" NOT NULL ENABLE);
  ALTER TABLE "CSADMIN"."TBL_SHARED_SEC_COURSES" MODIFY ("SEC_COURSE_ID" NOT NULL ENABLE);
  ALTER TABLE "CSADMIN"."TBL_SHARED_SEC_COURSES" MODIFY ("PRI_COURSE_ID" NOT NULL ENABLE);
  ALTER TABLE "CSADMIN"."TBL_SHARED_SEC_COURSES" MODIFY ("PROPID" NOT NULL ENABLE);
--------------------------------------------------------
--  Ref Constraints for Table TBL_PROPOSAL
--------------------------------------------------------

  ALTER TABLE "CSADMIN"."TBL_PROPOSAL" ADD CONSTRAINT "TBL_PROPOSAL_FK1" FOREIGN KEY ("PROP_OFFER_TERM")
	  REFERENCES "CSADMIN"."TBL_TERM" ("STRM") ENABLE;
  ALTER TABLE "CSADMIN"."TBL_PROPOSAL" ADD CONSTRAINT "TBL_PROPOSAL_FK2" FOREIGN KEY ("PROP_OFFER_STATUS")
	  REFERENCES "CSADMIN"."TBL_OFFER_STATUS" ("OFFER_STATUS") ENABLE;
--------------------------------------------------------
--  Ref Constraints for Table TBL_PROP_FACULTY
--------------------------------------------------------

  ALTER TABLE "CSADMIN"."TBL_PROP_FACULTY" ADD CONSTRAINT "TBL_PROP_FACULTY_FK1" FOREIGN KEY ("FACULTY_TYPE")
	  REFERENCES "CSADMIN"."TBL_FACULTY_TYPE" ("FACULTY_TYPE") ENABLE;
  ALTER TABLE "CSADMIN"."TBL_PROP_FACULTY" ADD CONSTRAINT "TBL_PROP_FACULTY_FK2" FOREIGN KEY ("USER_ID")
	  REFERENCES "CSADMIN"."TBL_USERS" ("USER_ID") ENABLE;
--------------------------------------------------------
--  Ref Constraints for Table TBL_PROP_PRI_COURSES
--------------------------------------------------------

  ALTER TABLE "CSADMIN"."TBL_PROP_PRI_COURSES" ADD CONSTRAINT "TBL_PROP_PRI_COURSES_FK1" FOREIGN KEY ("PROPID")
	  REFERENCES "CSADMIN"."TBL_PROPOSAL" ("PROPID") ENABLE;
  ALTER TABLE "CSADMIN"."TBL_PROP_PRI_COURSES" ADD CONSTRAINT "TBL_PROP_PRI_COURSES_FK2" FOREIGN KEY ("INSTITUTION")
	  REFERENCES "CSADMIN"."TBL_INSTITUTION" ("INSTITUTION") ENABLE;
  ALTER TABLE "CSADMIN"."TBL_PROP_PRI_COURSES" ADD CONSTRAINT "TBL_PROP_PRI_COURSES_FK3" FOREIGN KEY ("CAREER")
	  REFERENCES "CSADMIN"."TBL_CAREER" ("ACAD_CAREER") ENABLE;
  ALTER TABLE "CSADMIN"."TBL_PROP_PRI_COURSES" ADD CONSTRAINT "TBL_PROP_PRI_COURSES_FK4" FOREIGN KEY ("ACAD_ORG")
	  REFERENCES "CSADMIN"."TBL_ACAD_ORG" ("ACAD_ORG") ENABLE;
  ALTER TABLE "CSADMIN"."TBL_PROP_PRI_COURSES" ADD CONSTRAINT "TBL_PROP_PRI_COURSES_FK5" FOREIGN KEY ("COURSE_STATUS")
	  REFERENCES "CSADMIN"."TBL_COURSE_STATUS" ("COURSE_STATUS") ENABLE;
--------------------------------------------------------
--  Ref Constraints for Table TBL_PROP_SEC_COURSES
--------------------------------------------------------

  ALTER TABLE "CSADMIN"."TBL_PROP_SEC_COURSES" ADD CONSTRAINT "TBL_PROP_SEC_COURSES_FK1" FOREIGN KEY ("PROPID", "PRI_SEQ_NUM")
	  REFERENCES "CSADMIN"."TBL_PROP_PRI_COURSES" ("PROPID", "PRI_SEQ_NUM") ENABLE;
  ALTER TABLE "CSADMIN"."TBL_PROP_SEC_COURSES" ADD CONSTRAINT "TBL_PROP_SEC_COURSES_FK3" FOREIGN KEY ("INSTITUTION")
	  REFERENCES "CSADMIN"."TBL_INSTITUTION" ("INSTITUTION") ENABLE;
  ALTER TABLE "CSADMIN"."TBL_PROP_SEC_COURSES" ADD CONSTRAINT "TBL_PROP_SEC_COURSES_FK4" FOREIGN KEY ("CAREER")
	  REFERENCES "CSADMIN"."TBL_CAREER" ("ACAD_CAREER") ENABLE;
  ALTER TABLE "CSADMIN"."TBL_PROP_SEC_COURSES" ADD CONSTRAINT "TBL_PROP_SEC_COURSES_FK5" FOREIGN KEY ("ACAD_ORG")
	  REFERENCES "CSADMIN"."TBL_ACAD_ORG" ("ACAD_ORG") ENABLE;
  ALTER TABLE "CSADMIN"."TBL_PROP_SEC_COURSES" ADD CONSTRAINT "TBL_PROP_SEC_COURSES_FK6" FOREIGN KEY ("COURSE_STATUS")
	  REFERENCES "CSADMIN"."TBL_COURSE_STATUS" ("COURSE_STATUS") ENABLE;
--------------------------------------------------------
--  Ref Constraints for Table TBL_SHARED_PRI_COURSES
--------------------------------------------------------

  ALTER TABLE "CSADMIN"."TBL_SHARED_PRI_COURSES" ADD CONSTRAINT "TBL_SHARED_PRI_COURSES_FK1" FOREIGN KEY ("PROPID")
	  REFERENCES "CSADMIN"."TBL_PROPOSAL" ("PROPID") ENABLE;
--------------------------------------------------------
--  Ref Constraints for Table TBL_SHARED_SEC_COURSES
--------------------------------------------------------

  ALTER TABLE "CSADMIN"."TBL_SHARED_SEC_COURSES" ADD CONSTRAINT "TBL_SHARED_SEC_COURSES_FK1" FOREIGN KEY ("PROPID", "PRI_COURSE_ID")
	  REFERENCES "CSADMIN"."TBL_SHARED_PRI_COURSES" ("PROPID", "PRI_COURSE_ID") ENABLE;
--------------------------------------------------------
--  DDL for Trigger TBL_COMMENTS_TRG
--------------------------------------------------------

  CREATE OR REPLACE TRIGGER "CSADMIN"."TBL_COMMENTS_TRG" 
BEFORE INSERT ON TBL_COMMENTS 
FOR EACH ROW 
BEGIN
  <<COLUMN_SEQUENCES>>
  BEGIN
    NULL;
  END COLUMN_SEQUENCES;
END;
/
ALTER TRIGGER "CSADMIN"."TBL_COMMENTS_TRG" ENABLE;
--------------------------------------------------------
--  DDL for Trigger TBL_LOGIN_TRG
--------------------------------------------------------

  CREATE OR REPLACE TRIGGER "CSADMIN"."TBL_LOGIN_TRG" 
BEFORE INSERT ON TBL_LOGIN 
FOR EACH ROW 
BEGIN
  <<COLUMN_SEQUENCES>>
  BEGIN
    NULL;
  END COLUMN_SEQUENCES;
END;
/
ALTER TRIGGER "CSADMIN"."TBL_LOGIN_TRG" ENABLE;
--------------------------------------------------------
--  DDL for Trigger TBL_PROPOSAL_TRG
--------------------------------------------------------

  CREATE OR REPLACE TRIGGER "CSADMIN"."TBL_PROPOSAL_TRG" 
BEFORE INSERT ON TBL_PROPOSAL 
FOR EACH ROW 
BEGIN
  <<COLUMN_SEQUENCES>>
  BEGIN
    NULL;
  END COLUMN_SEQUENCES;
END;
/
ALTER TRIGGER "CSADMIN"."TBL_PROPOSAL_TRG" ENABLE;
--------------------------------------------------------
--  DDL for Trigger TBL_PROPOSAL_TRG1
--------------------------------------------------------

  CREATE OR REPLACE TRIGGER "CSADMIN"."TBL_PROPOSAL_TRG1" 
BEFORE INSERT ON TBL_PROPOSAL 
FOR EACH ROW 
BEGIN
  <<COLUMN_SEQUENCES>>
  BEGIN
    IF INSERTING AND :NEW.PROPID IS NULL THEN
      SELECT TBL_PROPOSAL_SEQ5.NEXTVAL INTO :NEW.PROPID FROM SYS.DUAL;
    END IF;
  END COLUMN_SEQUENCES;
END;
/
ALTER TRIGGER "CSADMIN"."TBL_PROPOSAL_TRG1" ENABLE;
--------------------------------------------------------
--  DDL for Trigger TBL_PROP_PRI_COURSES_TRG
--------------------------------------------------------

  CREATE OR REPLACE TRIGGER "CSADMIN"."TBL_PROP_PRI_COURSES_TRG" 
BEFORE INSERT ON TBL_PROP_PRI_COURSES 
FOR EACH ROW 
BEGIN
  <<COLUMN_SEQUENCES>>
  BEGIN
    NULL;
  END COLUMN_SEQUENCES;
END;
/
ALTER TRIGGER "CSADMIN"."TBL_PROP_PRI_COURSES_TRG" ENABLE;
--------------------------------------------------------
--  DDL for Trigger TBL_PROP_PRI_COURSES_TRG1
--------------------------------------------------------

  CREATE OR REPLACE TRIGGER "CSADMIN"."TBL_PROP_PRI_COURSES_TRG1" 
BEFORE INSERT ON TBL_PROP_PRI_COURSES 
FOR EACH ROW 
BEGIN
  <<COLUMN_SEQUENCES>>
  BEGIN
    IF INSERTING AND :NEW.PRI_SEQ_NUM IS NULL THEN
      SELECT TBL_PROP_PRI_COURSES_SEQ3.NEXTVAL INTO :NEW.PRI_SEQ_NUM FROM SYS.DUAL;
    END IF;
  END COLUMN_SEQUENCES;
END;
/
ALTER TRIGGER "CSADMIN"."TBL_PROP_PRI_COURSES_TRG1" ENABLE;
--------------------------------------------------------
--  DDL for Trigger TBL_PROP_SEC_COURSES_TRG
--------------------------------------------------------

  CREATE OR REPLACE TRIGGER "CSADMIN"."TBL_PROP_SEC_COURSES_TRG" 
BEFORE INSERT ON TBL_PROP_SEC_COURSES 
FOR EACH ROW 
BEGIN
  <<COLUMN_SEQUENCES>>
  BEGIN
    NULL;
  END COLUMN_SEQUENCES;
END;
/
ALTER TRIGGER "CSADMIN"."TBL_PROP_SEC_COURSES_TRG" ENABLE;
--------------------------------------------------------
--  DDL for Trigger TBL_PROP_SEC_COURSES_TRG1
--------------------------------------------------------

  CREATE OR REPLACE TRIGGER "CSADMIN"."TBL_PROP_SEC_COURSES_TRG1" 
BEFORE INSERT ON TBL_PROP_SEC_COURSES 
FOR EACH ROW 
BEGIN
  <<COLUMN_SEQUENCES>>
  BEGIN
    NULL;
  END COLUMN_SEQUENCES;
END;
/
ALTER TRIGGER "CSADMIN"."TBL_PROP_SEC_COURSES_TRG1" ENABLE;
--------------------------------------------------------
--  DDL for Trigger TBL_PROP_SEC_COURSES_TRG2
--------------------------------------------------------

  CREATE OR REPLACE TRIGGER "CSADMIN"."TBL_PROP_SEC_COURSES_TRG2" 
BEFORE INSERT ON TBL_PROP_SEC_COURSES 
FOR EACH ROW 
BEGIN
  <<COLUMN_SEQUENCES>>
  BEGIN
    IF INSERTING AND :NEW.PROPID IS NULL THEN
      SELECT TBL_PROP_SEC_COURSES_SEQ2.NEXTVAL INTO :NEW.PROPID FROM SYS.DUAL;
    END IF;
  END COLUMN_SEQUENCES;
END;
/
ALTER TRIGGER "CSADMIN"."TBL_PROP_SEC_COURSES_TRG2" ENABLE;
--------------------------------------------------------
--  DDL for Trigger TBL_PROP_SEC_COURSES_TRG3
--------------------------------------------------------

  CREATE OR REPLACE TRIGGER "CSADMIN"."TBL_PROP_SEC_COURSES_TRG3" 
BEFORE INSERT ON TBL_PROP_SEC_COURSES 
FOR EACH ROW 
BEGIN
  <<COLUMN_SEQUENCES>>
  BEGIN
    IF INSERTING AND :NEW.SEC_SEQ_NUM IS NULL THEN
      SELECT TBL_PROP_SEC_COURSES_SEQ3.NEXTVAL INTO :NEW.SEC_SEQ_NUM FROM SYS.DUAL;
    END IF;
  END COLUMN_SEQUENCES;
END;
/
ALTER TRIGGER "CSADMIN"."TBL_PROP_SEC_COURSES_TRG3" ENABLE;
