--------------------------------------------------------
--  File created - Wednesday-May-04-2016   
--------------------------------------------------------
DROP TABLE "CSADMIN"."TBL_ACAD_ORG" cascade constraints;
DROP TABLE "CSADMIN"."TBL_CAREER" cascade constraints;
DROP TABLE "CSADMIN"."TBL_COMMENTS" cascade constraints;
DROP TABLE "CSADMIN"."TBL_COURSE_STATUS" cascade constraints;
DROP TABLE "CSADMIN"."TBL_FACULTY_TYPE" cascade constraints;
DROP TABLE "CSADMIN"."TBL_INSTITUTION" cascade constraints;
DROP TABLE "CSADMIN"."TBL_LOGIN" cascade constraints;
DROP TABLE "CSADMIN"."TBL_OFFER_STATUS" cascade constraints;
DROP TABLE "CSADMIN"."TBL_PROPOSAL" cascade constraints;
DROP TABLE "CSADMIN"."TBL_PROP_FACULTY" cascade constraints;
DROP TABLE "CSADMIN"."TBL_PROP_PRI_COURSES" cascade constraints;
DROP TABLE "CSADMIN"."TBL_PROP_SEC_COURSES" cascade constraints;
DROP TABLE "CSADMIN"."TBL_SHARED_PRI_COURSES" cascade constraints;
DROP TABLE "CSADMIN"."TBL_SHARED_SEC_COURSES" cascade constraints;
DROP TABLE "CSADMIN"."TBL_TERM" cascade constraints;
DROP TABLE "CSADMIN"."TBL_USERS" cascade constraints;
DROP TABLE "BBCRSSHARE"."CRS_XREF" cascade constraints;
DROP TABLE "BBCRSSHARE"."CS_PRI_CRSE" cascade constraints;
DROP TABLE "BBCRSSHARE"."CS_SEC_CRSE" cascade constraints;
DROP SEQUENCE "CSADMIN"."PROPOSAL_SEQ";
DROP SEQUENCE "CSADMIN"."TBL_COMMENTS_SEQ";
DROP SEQUENCE "CSADMIN"."TBL_LOGIN_SEQ";
DROP SEQUENCE "CSADMIN"."TBL_PROPOSAL_SEQ";
DROP SEQUENCE "CSADMIN"."TBL_PROPOSAL_SEQ1";
DROP SEQUENCE "CSADMIN"."TBL_PROPOSAL_SEQ2";
DROP SEQUENCE "CSADMIN"."TBL_PROPOSAL_SEQ3";
DROP SEQUENCE "CSADMIN"."TBL_PROPOSAL_SEQ4";
DROP SEQUENCE "CSADMIN"."TBL_PROPOSAL_SEQ5";
DROP SEQUENCE "CSADMIN"."TBL_PROP_PRI_COURSES_SEQ";
DROP SEQUENCE "CSADMIN"."TBL_PROP_PRI_COURSES_SEQ1";
DROP SEQUENCE "CSADMIN"."TBL_PROP_PRI_COURSES_SEQ2";
DROP SEQUENCE "CSADMIN"."TBL_PROP_PRI_COURSES_SEQ3";
DROP SEQUENCE "CSADMIN"."TBL_PROP_SEC_COURSES_SEQ";
DROP SEQUENCE "CSADMIN"."TBL_PROP_SEC_COURSES_SEQ1";
DROP SEQUENCE "CSADMIN"."TBL_PROP_SEC_COURSES_SEQ2";
DROP SEQUENCE "CSADMIN"."TBL_PROP_SEC_COURSES_SEQ3";
DROP SEQUENCE "CSADMIN"."TEST_SEQ";
--------------------------------------------------------
--  DDL for Sequence PROPOSAL_SEQ
--------------------------------------------------------

   CREATE SEQUENCE  "CSADMIN"."PROPOSAL_SEQ"  MINVALUE 1 MAXVALUE 9999999999999999999999999999 INCREMENT BY 1 START WITH 1 CACHE 20 NOORDER  NOCYCLE ;
--------------------------------------------------------
--  DDL for Sequence TBL_COMMENTS_SEQ
--------------------------------------------------------

   CREATE SEQUENCE  "CSADMIN"."TBL_COMMENTS_SEQ"  MINVALUE 1 MAXVALUE 9999999999999999999999999999 INCREMENT BY 1 START WITH 1 CACHE 20 NOORDER  NOCYCLE ;
--------------------------------------------------------
--  DDL for Sequence TBL_LOGIN_SEQ
--------------------------------------------------------

   CREATE SEQUENCE  "CSADMIN"."TBL_LOGIN_SEQ"  MINVALUE 1 MAXVALUE 9999999999999999999999999999 INCREMENT BY 1 START WITH 1 CACHE 20 NOORDER  NOCYCLE ;
--------------------------------------------------------
--  DDL for Sequence TBL_PROPOSAL_SEQ
--------------------------------------------------------

   CREATE SEQUENCE  "CSADMIN"."TBL_PROPOSAL_SEQ"  MINVALUE 1 MAXVALUE 9999999999999999999999999999 INCREMENT BY 1 START WITH 1 CACHE 20 NOORDER  NOCYCLE ;
--------------------------------------------------------
--  DDL for Sequence TBL_PROPOSAL_SEQ1
--------------------------------------------------------

   CREATE SEQUENCE  "CSADMIN"."TBL_PROPOSAL_SEQ1"  MINVALUE 1 MAXVALUE 9999999999999999999999999999 INCREMENT BY 1 START WITH 1 CACHE 20 NOORDER  NOCYCLE ;
--------------------------------------------------------
--  DDL for Sequence TBL_PROPOSAL_SEQ2
--------------------------------------------------------

   CREATE SEQUENCE  "CSADMIN"."TBL_PROPOSAL_SEQ2"  MINVALUE 1 MAXVALUE 9999999999999999999999999999 INCREMENT BY 1 START WITH 21 CACHE 20 NOORDER  NOCYCLE ;
--------------------------------------------------------
--  DDL for Sequence TBL_PROPOSAL_SEQ3
--------------------------------------------------------

   CREATE SEQUENCE  "CSADMIN"."TBL_PROPOSAL_SEQ3"  MINVALUE 1 MAXVALUE 9999999999999999999999999999 INCREMENT BY 1 START WITH 21 CACHE 20 NOORDER  NOCYCLE ;
--------------------------------------------------------
--  DDL for Sequence TBL_PROPOSAL_SEQ4
--------------------------------------------------------

   CREATE SEQUENCE  "CSADMIN"."TBL_PROPOSAL_SEQ4"  MINVALUE 1 MAXVALUE 9999999999999999999999999999 INCREMENT BY 1 START WITH 21 CACHE 20 NOORDER  NOCYCLE ;
--------------------------------------------------------
--  DDL for Sequence TBL_PROPOSAL_SEQ5
--------------------------------------------------------

   CREATE SEQUENCE  "CSADMIN"."TBL_PROPOSAL_SEQ5"  MINVALUE 1 MAXVALUE 9999999999999999999999999999 INCREMENT BY 1 START WITH 121 CACHE 20 NOORDER  NOCYCLE ;
--------------------------------------------------------
--  DDL for Sequence TBL_PROP_PRI_COURSES_SEQ
--------------------------------------------------------

   CREATE SEQUENCE  "CSADMIN"."TBL_PROP_PRI_COURSES_SEQ"  MINVALUE 1 MAXVALUE 9999999999999999999999999999 INCREMENT BY 1 START WITH 1 CACHE 20 NOORDER  NOCYCLE ;
--------------------------------------------------------
--  DDL for Sequence TBL_PROP_PRI_COURSES_SEQ1
--------------------------------------------------------

   CREATE SEQUENCE  "CSADMIN"."TBL_PROP_PRI_COURSES_SEQ1"  MINVALUE 1 MAXVALUE 9999999999999999999999999999 INCREMENT BY 1 START WITH 1 CACHE 20 NOORDER  NOCYCLE ;
--------------------------------------------------------
--  DDL for Sequence TBL_PROP_PRI_COURSES_SEQ2
--------------------------------------------------------

   CREATE SEQUENCE  "CSADMIN"."TBL_PROP_PRI_COURSES_SEQ2"  MINVALUE 1 MAXVALUE 9999999999999999999999999999 INCREMENT BY 1 START WITH 21 CACHE 20 NOORDER  NOCYCLE ;
--------------------------------------------------------
--  DDL for Sequence TBL_PROP_PRI_COURSES_SEQ3
--------------------------------------------------------

   CREATE SEQUENCE  "CSADMIN"."TBL_PROP_PRI_COURSES_SEQ3"  MINVALUE 1 MAXVALUE 9999999999999999999999999999 INCREMENT BY 1 START WITH 81 CACHE 20 NOORDER  NOCYCLE ;
--------------------------------------------------------
--  DDL for Sequence TBL_PROP_SEC_COURSES_SEQ
--------------------------------------------------------

   CREATE SEQUENCE  "CSADMIN"."TBL_PROP_SEC_COURSES_SEQ"  MINVALUE 1 MAXVALUE 9999999999999999999999999999 INCREMENT BY 1 START WITH 1 CACHE 20 NOORDER  NOCYCLE ;
--------------------------------------------------------
--  DDL for Sequence TBL_PROP_SEC_COURSES_SEQ1
--------------------------------------------------------

   CREATE SEQUENCE  "CSADMIN"."TBL_PROP_SEC_COURSES_SEQ1"  MINVALUE 1 MAXVALUE 9999999999999999999999999999 INCREMENT BY 1 START WITH 1 CACHE 20 NOORDER  NOCYCLE ;
--------------------------------------------------------
--  DDL for Sequence TBL_PROP_SEC_COURSES_SEQ2
--------------------------------------------------------

   CREATE SEQUENCE  "CSADMIN"."TBL_PROP_SEC_COURSES_SEQ2"  MINVALUE 1 MAXVALUE 9999999999999999999999999999 INCREMENT BY 1 START WITH 1 CACHE 20 NOORDER  NOCYCLE ;
--------------------------------------------------------
--  DDL for Sequence TBL_PROP_SEC_COURSES_SEQ3
--------------------------------------------------------

   CREATE SEQUENCE  "CSADMIN"."TBL_PROP_SEC_COURSES_SEQ3"  MINVALUE 1 MAXVALUE 9999999999999999999999999999 INCREMENT BY 1 START WITH 61 CACHE 20 NOORDER  NOCYCLE ;
--------------------------------------------------------
--  DDL for Sequence TEST_SEQ
--------------------------------------------------------

   CREATE SEQUENCE  "CSADMIN"."TEST_SEQ"  MINVALUE 1 MAXVALUE 9999999999999999999999999999 INCREMENT BY 1 START WITH 21 CACHE 20 NOORDER  NOCYCLE ;
--------------------------------------------------------
--  DDL for Table TBL_ACAD_ORG
--------------------------------------------------------

  CREATE TABLE "CSADMIN"."TBL_ACAD_ORG" 
   (	"ACAD_ORG" VARCHAR2(10 BYTE), 
	"EFFDT" DATE, 
	"EFF_STATUS" VARCHAR2(1 BYTE), 
	"DESCR" VARCHAR2(30 BYTE), 
	"DESCRSHORT" VARCHAR2(10 BYTE), 
	"DESCRFORMAL" VARCHAR2(50 BYTE)
   ) SEGMENT CREATION IMMEDIATE 
  PCTFREE 10 PCTUSED 40 INITRANS 1 MAXTRANS 255 NOCOMPRESS NOLOGGING
  STORAGE(INITIAL 65536 NEXT 1048576 MINEXTENTS 1 MAXEXTENTS 2147483645
  PCTINCREASE 0 FREELISTS 1 FREELIST GROUPS 1 BUFFER_POOL DEFAULT FLASH_CACHE DEFAULT CELL_FLASH_CACHE DEFAULT)
  TABLESPACE "COURSE_SHARE" ;
--------------------------------------------------------
--  DDL for Table TBL_CAREER
--------------------------------------------------------

  CREATE TABLE "CSADMIN"."TBL_CAREER" 
   (	"ACAD_CAREER" VARCHAR2(4 BYTE), 
	"DESCR" VARCHAR2(30 BYTE), 
	"DESCR_SHORT" VARCHAR2(10 BYTE)
   ) SEGMENT CREATION IMMEDIATE 
  PCTFREE 10 PCTUSED 40 INITRANS 1 MAXTRANS 255 NOCOMPRESS NOLOGGING
  STORAGE(INITIAL 65536 NEXT 1048576 MINEXTENTS 1 MAXEXTENTS 2147483645
  PCTINCREASE 0 FREELISTS 1 FREELIST GROUPS 1 BUFFER_POOL DEFAULT FLASH_CACHE DEFAULT CELL_FLASH_CACHE DEFAULT)
  TABLESPACE "COURSE_SHARE" ;
--------------------------------------------------------
--  DDL for Table TBL_COMMENTS
--------------------------------------------------------

  CREATE TABLE "CSADMIN"."TBL_COMMENTS" 
   (	"COMMENT_ID" NUMBER(*,0), 
	"PROPID" NUMBER(*,0), 
	"PRI_SEQ_NUM" NUMBER(*,0), 
	"SEC_SEQ_NUM" NUMBER(*,0), 
	"COM_TEXT" CLOB, 
	"USERID" VARCHAR2(20 BYTE), 
	"COM_TIMESTAMP" TIMESTAMP (6) DEFAULT CURRENT_TIMESTAMP(6)
   ) SEGMENT CREATION IMMEDIATE 
  PCTFREE 10 PCTUSED 40 INITRANS 1 MAXTRANS 255 NOCOMPRESS NOLOGGING
  STORAGE(INITIAL 65536 NEXT 1048576 MINEXTENTS 1 MAXEXTENTS 2147483645
  PCTINCREASE 0 FREELISTS 1 FREELIST GROUPS 1 BUFFER_POOL DEFAULT FLASH_CACHE DEFAULT CELL_FLASH_CACHE DEFAULT)
  TABLESPACE "COURSE_SHARE" 
 LOB ("COM_TEXT") STORE AS BASICFILE (
  TABLESPACE "COURSE_SHARE" ENABLE STORAGE IN ROW CHUNK 8192 RETENTION 
  NOCACHE NOLOGGING 
  STORAGE(INITIAL 65536 NEXT 1048576 MINEXTENTS 1 MAXEXTENTS 2147483645
  PCTINCREASE 0 FREELISTS 1 FREELIST GROUPS 1 BUFFER_POOL DEFAULT FLASH_CACHE DEFAULT CELL_FLASH_CACHE DEFAULT)) ;

   COMMENT ON COLUMN "CSADMIN"."TBL_COMMENTS"."COMMENT_ID" IS 'Unique Identifier for comment (Primary Key)';
   COMMENT ON COLUMN "CSADMIN"."TBL_COMMENTS"."PROPID" IS 'Proposal id number. Relates comment to proposal';
   COMMENT ON COLUMN "CSADMIN"."TBL_COMMENTS"."PRI_SEQ_NUM" IS 'Propsal primary sequence number to relate comment if relates to a proposed primary course entry';
   COMMENT ON COLUMN "CSADMIN"."TBL_COMMENTS"."SEC_SEQ_NUM" IS 'Proposal secondary sequence number to relate comment if relates to proposed secondary course entry';
   COMMENT ON COLUMN "CSADMIN"."TBL_COMMENTS"."COM_TEXT" IS 'Comment text (Required)';
   COMMENT ON COLUMN "CSADMIN"."TBL_COMMENTS"."USERID" IS 'User who entered the comment (Required)';
   COMMENT ON COLUMN "CSADMIN"."TBL_COMMENTS"."COM_TIMESTAMP" IS 'Timestamp as to when the comment was entered (Required, auto generated)';
--------------------------------------------------------
--  DDL for Table TBL_COURSE_STATUS
--------------------------------------------------------

  CREATE TABLE "CSADMIN"."TBL_COURSE_STATUS" 
   (	"COURSE_STATUS" VARCHAR2(20 BYTE), 
	"COURSE_STATUS_DESCR" VARCHAR2(100 BYTE)
   ) SEGMENT CREATION IMMEDIATE 
  PCTFREE 10 PCTUSED 40 INITRANS 1 MAXTRANS 255 NOCOMPRESS NOLOGGING
  STORAGE(INITIAL 65536 NEXT 1048576 MINEXTENTS 1 MAXEXTENTS 2147483645
  PCTINCREASE 0 FREELISTS 1 FREELIST GROUPS 1 BUFFER_POOL DEFAULT FLASH_CACHE DEFAULT CELL_FLASH_CACHE DEFAULT)
  TABLESPACE "COURSE_SHARE" ;
--------------------------------------------------------
--  DDL for Table TBL_FACULTY_TYPE
--------------------------------------------------------

  CREATE TABLE "CSADMIN"."TBL_FACULTY_TYPE" 
   (	"FACULTY_TYPE" VARCHAR2(15 BYTE)
   ) SEGMENT CREATION IMMEDIATE 
  PCTFREE 10 PCTUSED 40 INITRANS 1 MAXTRANS 255 NOCOMPRESS NOLOGGING
  STORAGE(INITIAL 65536 NEXT 1048576 MINEXTENTS 1 MAXEXTENTS 2147483645
  PCTINCREASE 0 FREELISTS 1 FREELIST GROUPS 1 BUFFER_POOL DEFAULT FLASH_CACHE DEFAULT CELL_FLASH_CACHE DEFAULT)
  TABLESPACE "COURSE_SHARE" ;
--------------------------------------------------------
--  DDL for Table TBL_INSTITUTION
--------------------------------------------------------

  CREATE TABLE "CSADMIN"."TBL_INSTITUTION" 
   (	"INSTITUTION" VARCHAR2(5 BYTE), 
	"INSTIT_DESCR" VARCHAR2(20 BYTE)
   ) SEGMENT CREATION IMMEDIATE 
  PCTFREE 10 PCTUSED 40 INITRANS 1 MAXTRANS 255 NOCOMPRESS NOLOGGING
  STORAGE(INITIAL 65536 NEXT 1048576 MINEXTENTS 1 MAXEXTENTS 2147483645
  PCTINCREASE 0 FREELISTS 1 FREELIST GROUPS 1 BUFFER_POOL DEFAULT FLASH_CACHE DEFAULT CELL_FLASH_CACHE DEFAULT)
  TABLESPACE "COURSE_SHARE" ;
--------------------------------------------------------
--  DDL for Table TBL_LOGIN
--------------------------------------------------------

  CREATE TABLE "CSADMIN"."TBL_LOGIN" 
   (	"USER_ID" NUMBER(*,0), 
	"SSO" VARCHAR2(20 BYTE), 
	"HASHPASS" VARCHAR2(20 BYTE), 
	"USER_TYPE" VARCHAR2(20 BYTE) DEFAULT USER
   ) SEGMENT CREATION IMMEDIATE 
  PCTFREE 10 PCTUSED 40 INITRANS 1 MAXTRANS 255 NOCOMPRESS NOLOGGING
  STORAGE(INITIAL 65536 NEXT 1048576 MINEXTENTS 1 MAXEXTENTS 2147483645
  PCTINCREASE 0 FREELISTS 1 FREELIST GROUPS 1 BUFFER_POOL DEFAULT FLASH_CACHE DEFAULT CELL_FLASH_CACHE DEFAULT)
  TABLESPACE "COURSE_SHARE" ;
--------------------------------------------------------
--  DDL for Table TBL_OFFER_STATUS
--------------------------------------------------------

  CREATE TABLE "CSADMIN"."TBL_OFFER_STATUS" 
   (	"OFFER_STATUS" VARCHAR2(20 BYTE), 
	"OFFER_DESCR" VARCHAR2(100 BYTE)
   ) SEGMENT CREATION IMMEDIATE 
  PCTFREE 10 PCTUSED 40 INITRANS 1 MAXTRANS 255 NOCOMPRESS NOLOGGING
  STORAGE(INITIAL 65536 NEXT 1048576 MINEXTENTS 1 MAXEXTENTS 2147483645
  PCTINCREASE 0 FREELISTS 1 FREELIST GROUPS 1 BUFFER_POOL DEFAULT FLASH_CACHE DEFAULT CELL_FLASH_CACHE DEFAULT)
  TABLESPACE "COURSE_SHARE" ;

   COMMENT ON TABLE "CSADMIN"."TBL_OFFER_STATUS"  IS 'TBL_AWARD_STATUS: Holds the proposal award status values
VALUES: Pending, Awarded, Denied, Withdrawn, Cancelled';
--------------------------------------------------------
--  DDL for Table TBL_PROPOSAL
--------------------------------------------------------

  CREATE TABLE "CSADMIN"."TBL_PROPOSAL" 
   (	"PROPID" NUMBER(*,0), 
	"PROP_OFFER_TERM" VARCHAR2(4 BYTE), 
	"PROP_BUDGET_REQUESTED" NUMBER(12,2), 
	"PROP_OFFER_STATUS" VARCHAR2(5 BYTE), 
	"PROP_DESCR" CLOB, 
	"SUBMITTED_BY" VARCHAR2(20 BYTE), 
	"SUBMIT_DATE" DATE, 
	"INSERT_BY" VARCHAR2(20 BYTE), 
	"INSERT_DATE" TIMESTAMP (6) WITH LOCAL TIME ZONE, 
	"MOD_BY" VARCHAR2(20 BYTE), 
	"MOD_DATE" TIMESTAMP (6) DEFAULT CURRENT_TIMESTAMP(6), 
	"AWARD_TERM" VARCHAR2(5 BYTE)
   ) SEGMENT CREATION IMMEDIATE 
  PCTFREE 10 PCTUSED 40 INITRANS 1 MAXTRANS 255 NOCOMPRESS NOLOGGING
  STORAGE(INITIAL 65536 NEXT 1048576 MINEXTENTS 1 MAXEXTENTS 2147483645
  PCTINCREASE 0 FREELISTS 1 FREELIST GROUPS 1 BUFFER_POOL DEFAULT FLASH_CACHE DEFAULT CELL_FLASH_CACHE DEFAULT)
  TABLESPACE "COURSE_SHARE" 
 LOB ("PROP_DESCR") STORE AS BASICFILE (
  TABLESPACE "COURSE_SHARE" ENABLE STORAGE IN ROW CHUNK 8192 RETENTION 
  NOCACHE NOLOGGING 
  STORAGE(INITIAL 65536 NEXT 1048576 MINEXTENTS 1 MAXEXTENTS 2147483645
  PCTINCREASE 0 FREELISTS 1 FREELIST GROUPS 1 BUFFER_POOL DEFAULT FLASH_CACHE DEFAULT CELL_FLASH_CACHE DEFAULT)) ;
--------------------------------------------------------
--  DDL for Table TBL_PROP_FACULTY
--------------------------------------------------------

  CREATE TABLE "CSADMIN"."TBL_PROP_FACULTY" 
   (	"PROPID" NUMBER(*,0), 
	"CRSE_SEQ_NUM" NUMBER(*,0), 
	"COURSE_TYPE" VARCHAR2(15 BYTE), 
	"USER_ID" VARCHAR2(10 BYTE), 
	"FACULTY_TYPE" VARCHAR2(20 BYTE)
   ) SEGMENT CREATION IMMEDIATE 
  PCTFREE 10 PCTUSED 40 INITRANS 1 MAXTRANS 255 NOCOMPRESS NOLOGGING
  STORAGE(INITIAL 65536 NEXT 1048576 MINEXTENTS 1 MAXEXTENTS 2147483645
  PCTINCREASE 0 FREELISTS 1 FREELIST GROUPS 1 BUFFER_POOL DEFAULT FLASH_CACHE DEFAULT CELL_FLASH_CACHE DEFAULT)
  TABLESPACE "COURSE_SHARE" ;

   COMMENT ON COLUMN "CSADMIN"."TBL_PROP_FACULTY"."COURSE_TYPE" IS 'Is the course a primary/secondary course';
--------------------------------------------------------
--  DDL for Table TBL_PROP_PRI_COURSES
--------------------------------------------------------

  CREATE TABLE "CSADMIN"."TBL_PROP_PRI_COURSES" 
   (	"PROPID" NUMBER(*,0), 
	"PRI_SEQ_NUM" NUMBER(*,0), 
	"INSTITUTION" VARCHAR2(5 BYTE), 
	"CAREER" VARCHAR2(4 BYTE), 
	"SUBJECT" VARCHAR2(30 BYTE), 
	"CATALOG_NUM" VARCHAR2(30 BYTE), 
	"DESCR" VARCHAR2(50 BYTE), 
	"DESCR_TOPICS" VARCHAR2(50 BYTE), 
	"LONG_DESCR" CLOB, 
	"ACAD_ORG" VARCHAR2(10 BYTE), 
	"COURSE_STATUS" VARCHAR2(5 BYTE), 
	"PRI_CRSE_BUDGET" FLOAT(126), 
	"MOD_BY" VARCHAR2(20 BYTE), 
	"MOD_DATE" TIMESTAMP (6) DEFAULT CURRENT_TIMESTAMP(6)
   ) SEGMENT CREATION IMMEDIATE 
  PCTFREE 10 PCTUSED 40 INITRANS 1 MAXTRANS 255 NOCOMPRESS NOLOGGING
  STORAGE(INITIAL 65536 NEXT 1048576 MINEXTENTS 1 MAXEXTENTS 2147483645
  PCTINCREASE 0 FREELISTS 1 FREELIST GROUPS 1 BUFFER_POOL DEFAULT FLASH_CACHE DEFAULT CELL_FLASH_CACHE DEFAULT)
  TABLESPACE "COURSE_SHARE" 
 LOB ("LONG_DESCR") STORE AS BASICFILE (
  TABLESPACE "COURSE_SHARE" ENABLE STORAGE IN ROW CHUNK 8192 RETENTION 
  NOCACHE NOLOGGING 
  STORAGE(INITIAL 65536 NEXT 1048576 MINEXTENTS 1 MAXEXTENTS 2147483645
  PCTINCREASE 0 FREELISTS 1 FREELIST GROUPS 1 BUFFER_POOL DEFAULT FLASH_CACHE DEFAULT CELL_FLASH_CACHE DEFAULT)) ;

   COMMENT ON COLUMN "CSADMIN"."TBL_PROP_PRI_COURSES"."DESCR" IS 'Title of course';
   COMMENT ON COLUMN "CSADMIN"."TBL_PROP_PRI_COURSES"."DESCR_TOPICS" IS 'Topics of course if applicable';
--------------------------------------------------------
--  DDL for Table TBL_PROP_SEC_COURSES
--------------------------------------------------------

  CREATE TABLE "CSADMIN"."TBL_PROP_SEC_COURSES" 
   (	"PROPID" NUMBER(*,0), 
	"PRI_SEQ_NUM" NUMBER(*,0), 
	"SEC_SEQ_NUM" NUMBER(*,0), 
	"INSTITUTION" VARCHAR2(5 BYTE), 
	"CAREER" VARCHAR2(4 BYTE), 
	"SUBJECT" VARCHAR2(30 BYTE), 
	"CATALOG_NUM" VARCHAR2(30 BYTE), 
	"DESCR" VARCHAR2(50 BYTE), 
	"DESCR_TOPICS" VARCHAR2(50 BYTE), 
	"LONG_DESCR" CLOB, 
	"ACAD_ORG" VARCHAR2(10 BYTE), 
	"COURSE_STATUS" VARCHAR2(5 BYTE), 
	"SEC_CRSE_BUDGET" FLOAT(126), 
	"MOD_BY" VARCHAR2(20 BYTE), 
	"MOD_DATE" TIMESTAMP (6) DEFAULT CURRENT_TIMESTAMP(6)
   ) SEGMENT CREATION IMMEDIATE 
  PCTFREE 10 PCTUSED 40 INITRANS 1 MAXTRANS 255 NOCOMPRESS NOLOGGING
  STORAGE(INITIAL 65536 NEXT 1048576 MINEXTENTS 1 MAXEXTENTS 2147483645
  PCTINCREASE 0 FREELISTS 1 FREELIST GROUPS 1 BUFFER_POOL DEFAULT FLASH_CACHE DEFAULT CELL_FLASH_CACHE DEFAULT)
  TABLESPACE "COURSE_SHARE" 
 LOB ("LONG_DESCR") STORE AS BASICFILE (
  TABLESPACE "COURSE_SHARE" ENABLE STORAGE IN ROW CHUNK 8192 RETENTION 
  NOCACHE NOLOGGING 
  STORAGE(INITIAL 65536 NEXT 1048576 MINEXTENTS 1 MAXEXTENTS 2147483645
  PCTINCREASE 0 FREELISTS 1 FREELIST GROUPS 1 BUFFER_POOL DEFAULT FLASH_CACHE DEFAULT CELL_FLASH_CACHE DEFAULT)) ;

   COMMENT ON COLUMN "CSADMIN"."TBL_PROP_SEC_COURSES"."DESCR" IS 'Secondary course title';
   COMMENT ON COLUMN "CSADMIN"."TBL_PROP_SEC_COURSES"."DESCR_TOPICS" IS 'Secondary course topics';
   COMMENT ON COLUMN "CSADMIN"."TBL_PROP_SEC_COURSES"."LONG_DESCR" IS 'Description of course';
--------------------------------------------------------
--  DDL for Table TBL_SHARED_PRI_COURSES
--------------------------------------------------------

  CREATE TABLE "CSADMIN"."TBL_SHARED_PRI_COURSES" 
   (	"PROPID" NUMBER(*,0), 
	"PRI_COURSE_ID" VARCHAR2(6 BYTE), 
	"INSTITUTION" VARCHAR2(5 BYTE), 
	"CAREER" VARCHAR2(4 BYTE), 
	"SUBJECT" VARCHAR2(8 BYTE), 
	"CATALOG_NUM" VARCHAR2(10 BYTE), 
	"DESCR" VARCHAR2(30 BYTE), 
	"DESCR_TOPICS" VARCHAR2(30 BYTE), 
	"LONG_DESCR" CLOB, 
	"CLASS_NBR" NUMBER(*,0), 
	"STRM" VARCHAR2(4 BYTE), 
	"CLASS_SECTION" VARCHAR2(4 BYTE), 
	"MOD_BY" VARCHAR2(20 BYTE), 
	"MOD_DATE" TIMESTAMP (6) DEFAULT CURRENT_TIMESTAMP(6)
   ) SEGMENT CREATION IMMEDIATE 
  PCTFREE 10 PCTUSED 40 INITRANS 1 MAXTRANS 255 NOCOMPRESS NOLOGGING
  STORAGE(INITIAL 65536 NEXT 1048576 MINEXTENTS 1 MAXEXTENTS 2147483645
  PCTINCREASE 0 FREELISTS 1 FREELIST GROUPS 1 BUFFER_POOL DEFAULT FLASH_CACHE DEFAULT CELL_FLASH_CACHE DEFAULT)
  TABLESPACE "COURSE_SHARE" 
 LOB ("LONG_DESCR") STORE AS BASICFILE (
  TABLESPACE "COURSE_SHARE" ENABLE STORAGE IN ROW CHUNK 8192 RETENTION 
  NOCACHE NOLOGGING 
  STORAGE(INITIAL 65536 NEXT 1048576 MINEXTENTS 1 MAXEXTENTS 2147483645
  PCTINCREASE 0 FREELISTS 1 FREELIST GROUPS 1 BUFFER_POOL DEFAULT FLASH_CACHE DEFAULT CELL_FLASH_CACHE DEFAULT)) ;
--------------------------------------------------------
--  DDL for Table TBL_SHARED_SEC_COURSES
--------------------------------------------------------

  CREATE TABLE "CSADMIN"."TBL_SHARED_SEC_COURSES" 
   (	"PROPID" NUMBER(*,0), 
	"PRI_COURSE_ID" VARCHAR2(6 BYTE), 
	"SEC_COURSE_ID" VARCHAR2(6 BYTE), 
	"INSTITUTION" VARCHAR2(5 BYTE), 
	"CAREER" VARCHAR2(4 BYTE), 
	"SUBJECT" VARCHAR2(8 BYTE), 
	"CATALOG_NUM" VARCHAR2(10 BYTE), 
	"DESCR" VARCHAR2(30 BYTE), 
	"DESCR_TOPICS" VARCHAR2(30 BYTE), 
	"LONG_DESCR" CLOB, 
	"CLASS_NBR" NUMBER(*,0), 
	"STRM" VARCHAR2(4 BYTE), 
	"CLASS_SECTION" VARCHAR2(4 BYTE), 
	"MOD_BY" VARCHAR2(20 BYTE), 
	"MOD_DATE" TIMESTAMP (6) DEFAULT CURRENT_TIMESTAMP(6)
   ) SEGMENT CREATION IMMEDIATE 
  PCTFREE 10 PCTUSED 40 INITRANS 1 MAXTRANS 255 NOCOMPRESS NOLOGGING
  STORAGE(INITIAL 65536 NEXT 1048576 MINEXTENTS 1 MAXEXTENTS 2147483645
  PCTINCREASE 0 FREELISTS 1 FREELIST GROUPS 1 BUFFER_POOL DEFAULT FLASH_CACHE DEFAULT CELL_FLASH_CACHE DEFAULT)
  TABLESPACE "COURSE_SHARE" 
 LOB ("LONG_DESCR") STORE AS BASICFILE (
  TABLESPACE "COURSE_SHARE" ENABLE STORAGE IN ROW CHUNK 8192 RETENTION 
  NOCACHE NOLOGGING 
  STORAGE(INITIAL 65536 NEXT 1048576 MINEXTENTS 1 MAXEXTENTS 2147483645
  PCTINCREASE 0 FREELISTS 1 FREELIST GROUPS 1 BUFFER_POOL DEFAULT FLASH_CACHE DEFAULT CELL_FLASH_CACHE DEFAULT)) ;
--------------------------------------------------------
--  DDL for Table TBL_TERM
--------------------------------------------------------

  CREATE TABLE "CSADMIN"."TBL_TERM" 
   (	"STRM" VARCHAR2(4 BYTE), 
	"DESCR" VARCHAR2(30 BYTE), 
	"DESCRSHORT" VARCHAR2(10 BYTE), 
	"ACAD_YEAR" VARCHAR2(4 BYTE)
   ) SEGMENT CREATION IMMEDIATE 
  PCTFREE 10 PCTUSED 40 INITRANS 1 MAXTRANS 255 NOCOMPRESS NOLOGGING
  STORAGE(INITIAL 65536 NEXT 1048576 MINEXTENTS 1 MAXEXTENTS 2147483645
  PCTINCREASE 0 FREELISTS 1 FREELIST GROUPS 1 BUFFER_POOL DEFAULT FLASH_CACHE DEFAULT CELL_FLASH_CACHE DEFAULT)
  TABLESPACE "COURSE_SHARE" ;
--------------------------------------------------------
--  DDL for Table TBL_USERS
--------------------------------------------------------

  CREATE TABLE "CSADMIN"."TBL_USERS" 
   (	"USER_ID" VARCHAR2(10 BYTE), 
	"LAST_NAME" VARCHAR2(20 BYTE), 
	"FIRST_NAME" VARCHAR2(20 BYTE), 
	"TITLE" VARCHAR2(50 BYTE), 
	"PHONE" VARCHAR2(10 BYTE), 
	"EMAIL" VARCHAR2(50 BYTE), 
	"EMPLID" VARCHAR2(10 BYTE)
   ) SEGMENT CREATION IMMEDIATE 
  PCTFREE 10 PCTUSED 40 INITRANS 1 MAXTRANS 255 NOCOMPRESS NOLOGGING
  STORAGE(INITIAL 65536 NEXT 1048576 MINEXTENTS 1 MAXEXTENTS 2147483645
  PCTINCREASE 0 FREELISTS 1 FREELIST GROUPS 1 BUFFER_POOL DEFAULT FLASH_CACHE DEFAULT CELL_FLASH_CACHE DEFAULT)
  TABLESPACE "COURSE_SHARE" ;
--------------------------------------------------------
--  DDL for Table CRS_XREF
--------------------------------------------------------

  CREATE TABLE "BBCRSSHARE"."CRS_XREF" 
   (	"PRI_INSTITUTION" VARCHAR2(5 BYTE), 
	"PRI_STRM" VARCHAR2(4 BYTE), 
	"PRI_CLASS_NBR" NUMBER(38,0), 
	"SEC_INSTITUTION" VARCHAR2(5 BYTE), 
	"SEC_STRM" VARCHAR2(4 BYTE), 
	"SEC_CLASS_NBR" NUMBER(38,0)
   ) SEGMENT CREATION IMMEDIATE 
  PCTFREE 10 PCTUSED 40 INITRANS 1 MAXTRANS 255 NOCOMPRESS NOLOGGING
  STORAGE(INITIAL 65536 NEXT 1048576 MINEXTENTS 1 MAXEXTENTS 2147483645
  PCTINCREASE 0 FREELISTS 1 FREELIST GROUPS 1 BUFFER_POOL DEFAULT FLASH_CACHE DEFAULT CELL_FLASH_CACHE DEFAULT)
  TABLESPACE "BB_CRS_SHARE" ;
--------------------------------------------------------
--  DDL for Table CS_PRI_CRSE
--------------------------------------------------------

  CREATE TABLE "BBCRSSHARE"."CS_PRI_CRSE" 
   (	"INSTITUTION" VARCHAR2(5 BYTE), 
	"CRSE_ID" VARCHAR2(6 BYTE), 
	"SUBJECT" VARCHAR2(8 BYTE), 
	"CATALOG_NBR" VARCHAR2(10 BYTE), 
	"CLASS_NBR" NUMBER(38,0), 
	"CLASS_SECTION" VARCHAR2(4 BYTE), 
	"STRM" VARCHAR2(4 BYTE), 
	"DESCRSHORT" VARCHAR2(10 BYTE), 
	"LOAD_DTTM_PC" DATE, 
	"LASTUPDDTTM_PC" DATE
   ) SEGMENT CREATION IMMEDIATE 
  PCTFREE 10 PCTUSED 40 INITRANS 1 MAXTRANS 255 NOCOMPRESS NOLOGGING
  STORAGE(INITIAL 65536 NEXT 1048576 MINEXTENTS 1 MAXEXTENTS 2147483645
  PCTINCREASE 0 FREELISTS 1 FREELIST GROUPS 1 BUFFER_POOL DEFAULT FLASH_CACHE DEFAULT CELL_FLASH_CACHE DEFAULT)
  TABLESPACE "BB_CRS_SHARE" ;
--------------------------------------------------------
--  DDL for Table CS_SEC_CRSE
--------------------------------------------------------

  CREATE TABLE "BBCRSSHARE"."CS_SEC_CRSE" 
   (	"INSTITUTION" VARCHAR2(5 BYTE), 
	"CRSE_ID" VARCHAR2(6 BYTE), 
	"SUBJECT" VARCHAR2(10 BYTE), 
	"CATALOG_NBR" VARCHAR2(10 BYTE), 
	"CLASS_NBR" NUMBER(38,0), 
	"CLASS_SECTION" VARCHAR2(4 BYTE), 
	"STRM" VARCHAR2(4 BYTE), 
	"LOAD_DTTM_PC" DATE, 
	"LASTUPDDTTM_PC" DATE
   ) SEGMENT CREATION IMMEDIATE 
  PCTFREE 10 PCTUSED 40 INITRANS 1 MAXTRANS 255 NOCOMPRESS NOLOGGING
  STORAGE(INITIAL 65536 NEXT 1048576 MINEXTENTS 1 MAXEXTENTS 2147483645
  PCTINCREASE 0 FREELISTS 1 FREELIST GROUPS 1 BUFFER_POOL DEFAULT FLASH_CACHE DEFAULT CELL_FLASH_CACHE DEFAULT)
  TABLESPACE "BB_CRS_SHARE" ;
REM INSERTING into CSADMIN.TBL_ACAD_ORG
SET DEFINE OFF;
REM INSERTING into CSADMIN.TBL_CAREER
SET DEFINE OFF;
Insert into CSADMIN.TBL_CAREER (ACAD_CAREER,DESCR,DESCR_SHORT) values ('UGRD','Undergraduate','Undergrad');
Insert into CSADMIN.TBL_CAREER (ACAD_CAREER,DESCR,DESCR_SHORT) values ('GRAD','Graduate','Graduate');
REM INSERTING into CSADMIN.TBL_COMMENTS
SET DEFINE OFF;
REM INSERTING into CSADMIN.TBL_COURSE_STATUS
SET DEFINE OFF;
Insert into CSADMIN.TBL_COURSE_STATUS (COURSE_STATUS,COURSE_STATUS_DESCR) values ('activ','Active');
Insert into CSADMIN.TBL_COURSE_STATUS (COURSE_STATUS,COURSE_STATUS_DESCR) values ('inact','In Active');
Insert into CSADMIN.TBL_COURSE_STATUS (COURSE_STATUS,COURSE_STATUS_DESCR) values ('indev','In Development');
REM INSERTING into CSADMIN.TBL_FACULTY_TYPE
SET DEFINE OFF;
Insert into CSADMIN.TBL_FACULTY_TYPE (FACULTY_TYPE) values ('Collaborator');
Insert into CSADMIN.TBL_FACULTY_TYPE (FACULTY_TYPE) values ('Primary');
REM INSERTING into CSADMIN.TBL_INSTITUTION
SET DEFINE OFF;
Insert into CSADMIN.TBL_INSTITUTION (INSTITUTION,INSTIT_DESCR) values ('COLUM','Columbia');
Insert into CSADMIN.TBL_INSTITUTION (INSTITUTION,INSTIT_DESCR) values ('UMKC','Kansas City');
Insert into CSADMIN.TBL_INSTITUTION (INSTITUTION,INSTIT_DESCR) values ('UMSL','St. Louis');
Insert into CSADMIN.TBL_INSTITUTION (INSTITUTION,INSTIT_DESCR) values ('ROLLA','Rolla');
REM INSERTING into CSADMIN.TBL_LOGIN
SET DEFINE OFF;
REM INSERTING into CSADMIN.TBL_OFFER_STATUS
SET DEFINE OFF;
Insert into CSADMIN.TBL_OFFER_STATUS (OFFER_STATUS,OFFER_DESCR) values ('pend','Pending');
Insert into CSADMIN.TBL_OFFER_STATUS (OFFER_STATUS,OFFER_DESCR) values ('awrd','Awarded');
Insert into CSADMIN.TBL_OFFER_STATUS (OFFER_STATUS,OFFER_DESCR) values ('deny','Denied');
Insert into CSADMIN.TBL_OFFER_STATUS (OFFER_STATUS,OFFER_DESCR) values ('canc','Cancelled');
Insert into CSADMIN.TBL_OFFER_STATUS (OFFER_STATUS,OFFER_DESCR) values ('Wthd','Withdrawn');
REM INSERTING into CSADMIN.TBL_PROPOSAL
SET DEFINE OFF;
Insert into CSADMIN.TBL_PROPOSAL (PROPID,PROP_OFFER_TERM,PROP_BUDGET_REQUESTED,PROP_OFFER_STATUS,SUBMITTED_BY,SUBMIT_DATE,INSERT_BY,INSERT_DATE,MOD_BY,MOD_DATE,AWARD_TERM) values (3,'4343',7000,'pend','FRIELJ',to_date('06-JUN-16','DD-MON-RR'),'TIGERT',to_timestamp('19-APR-16 12.00.00.000000000 AM','DD-MON-RR HH.MI.SSXFF AM'),'FRIELJ',to_timestamp('18-APR-16 08.23.22.244000000 PM','DD-MON-RR HH.MI.SSXFF AM'),'4643');
Insert into CSADMIN.TBL_PROPOSAL (PROPID,PROP_OFFER_TERM,PROP_BUDGET_REQUESTED,PROP_OFFER_STATUS,SUBMITTED_BY,SUBMIT_DATE,INSERT_BY,INSERT_DATE,MOD_BY,MOD_DATE,AWARD_TERM) values (4,'4243',null,'awrd','TIGERT',to_date('06-JUN-16','DD-MON-RR'),'TIGERT',to_timestamp('19-APR-16 12.00.00.000000000 AM','DD-MON-RR HH.MI.SSXFF AM'),'FRIELJ',to_timestamp('18-APR-16 08.40.48.808000000 PM','DD-MON-RR HH.MI.SSXFF AM'),null);
Insert into CSADMIN.TBL_PROPOSAL (PROPID,PROP_OFFER_TERM,PROP_BUDGET_REQUESTED,PROP_OFFER_STATUS,SUBMITTED_BY,SUBMIT_DATE,INSERT_BY,INSERT_DATE,MOD_BY,MOD_DATE,AWARD_TERM) values (5,'4335',8000,'awrd','TIGERT',to_date('01-JUN-15','DD-MON-RR'),'TIGERT',to_timestamp('19-APR-16 12.00.00.000000000 AM','DD-MON-RR HH.MI.SSXFF AM'),'FRIELJ',to_timestamp('18-APR-16 08.43.28.037000000 PM','DD-MON-RR HH.MI.SSXFF AM'),null);
Insert into CSADMIN.TBL_PROPOSAL (PROPID,PROP_OFFER_TERM,PROP_BUDGET_REQUESTED,PROP_OFFER_STATUS,SUBMITTED_BY,SUBMIT_DATE,INSERT_BY,INSERT_DATE,MOD_BY,MOD_DATE,AWARD_TERM) values (6,'4443',12.33,'pend','TIGERT',to_date('06-JUN-16','DD-MON-RR'),'TIGERT',to_timestamp('19-APR-16 12.00.00.000000000 AM','DD-MON-RR HH.MI.SSXFF AM'),'FRIELJ',to_timestamp('18-APR-16 09.01.29.038000000 PM','DD-MON-RR HH.MI.SSXFF AM'),null);
Insert into CSADMIN.TBL_PROPOSAL (PROPID,PROP_OFFER_TERM,PROP_BUDGET_REQUESTED,PROP_OFFER_STATUS,SUBMITTED_BY,SUBMIT_DATE,INSERT_BY,INSERT_DATE,MOD_BY,MOD_DATE,AWARD_TERM) values (7,'4443',12.33,'pend','TIGERT',to_date('06-JUN-16','DD-MON-RR'),'TIGERT',to_timestamp('19-APR-16 12.00.00.000000000 AM','DD-MON-RR HH.MI.SSXFF AM'),'FRIELJ',to_timestamp('18-APR-16 09.02.09.662000000 PM','DD-MON-RR HH.MI.SSXFF AM'),null);
Insert into CSADMIN.TBL_PROPOSAL (PROPID,PROP_OFFER_TERM,PROP_BUDGET_REQUESTED,PROP_OFFER_STATUS,SUBMITTED_BY,SUBMIT_DATE,INSERT_BY,INSERT_DATE,MOD_BY,MOD_DATE,AWARD_TERM) values (8,'4443',12.33,'pend','TIGERT',to_date('06-JUN-16','DD-MON-RR'),'TIGERT',to_timestamp('19-APR-16 12.00.00.000000000 AM','DD-MON-RR HH.MI.SSXFF AM'),'FRIELJ',to_timestamp('18-APR-16 09.04.54.276000000 PM','DD-MON-RR HH.MI.SSXFF AM'),null);
Insert into CSADMIN.TBL_PROPOSAL (PROPID,PROP_OFFER_TERM,PROP_BUDGET_REQUESTED,PROP_OFFER_STATUS,SUBMITTED_BY,SUBMIT_DATE,INSERT_BY,INSERT_DATE,MOD_BY,MOD_DATE,AWARD_TERM) values (10,'4443',12.33,'pend','TIGERT',to_date('06-JUN-16','DD-MON-RR'),'TIGERT',to_timestamp('19-APR-16 12.00.00.000000000 AM','DD-MON-RR HH.MI.SSXFF AM'),'FRIELJ',to_timestamp('18-APR-16 09.16.35.074000000 PM','DD-MON-RR HH.MI.SSXFF AM'),null);
Insert into CSADMIN.TBL_PROPOSAL (PROPID,PROP_OFFER_TERM,PROP_BUDGET_REQUESTED,PROP_OFFER_STATUS,SUBMITTED_BY,SUBMIT_DATE,INSERT_BY,INSERT_DATE,MOD_BY,MOD_DATE,AWARD_TERM) values (11,'4443',12.33,'pend','TIGERT',to_date('06-JUN-16','DD-MON-RR'),'TIGERT',to_timestamp('19-APR-16 12.00.00.000000000 AM','DD-MON-RR HH.MI.SSXFF AM'),'FRIELJ',to_timestamp('18-APR-16 09.18.18.140000000 PM','DD-MON-RR HH.MI.SSXFF AM'),null);
Insert into CSADMIN.TBL_PROPOSAL (PROPID,PROP_OFFER_TERM,PROP_BUDGET_REQUESTED,PROP_OFFER_STATUS,SUBMITTED_BY,SUBMIT_DATE,INSERT_BY,INSERT_DATE,MOD_BY,MOD_DATE,AWARD_TERM) values (12,'4443',12.33,'pend','TIGERT',to_date('06-JUN-16','DD-MON-RR'),'TIGERT',to_timestamp('19-APR-16 12.00.00.000000000 AM','DD-MON-RR HH.MI.SSXFF AM'),'FRIELJ',to_timestamp('18-APR-16 09.23.01.625000000 PM','DD-MON-RR HH.MI.SSXFF AM'),null);
Insert into CSADMIN.TBL_PROPOSAL (PROPID,PROP_OFFER_TERM,PROP_BUDGET_REQUESTED,PROP_OFFER_STATUS,SUBMITTED_BY,SUBMIT_DATE,INSERT_BY,INSERT_DATE,MOD_BY,MOD_DATE,AWARD_TERM) values (13,'4443',12.33,'pend','TIGERT',to_date('06-JUN-16','DD-MON-RR'),'TIGERT',to_timestamp('19-APR-16 12.00.00.000000000 AM','DD-MON-RR HH.MI.SSXFF AM'),'FRIELJ',to_timestamp('18-APR-16 09.23.15.666000000 PM','DD-MON-RR HH.MI.SSXFF AM'),null);
Insert into CSADMIN.TBL_PROPOSAL (PROPID,PROP_OFFER_TERM,PROP_BUDGET_REQUESTED,PROP_OFFER_STATUS,SUBMITTED_BY,SUBMIT_DATE,INSERT_BY,INSERT_DATE,MOD_BY,MOD_DATE,AWARD_TERM) values (14,'4427',2345,'pend','FRIELJ',to_date('06-JUN-16','DD-MON-RR'),'TIGERT',to_timestamp('19-APR-16 12.00.00.000000000 AM','DD-MON-RR HH.MI.SSXFF AM'),'FRIELJ',to_timestamp('19-APR-16 09.23.56.792000000 AM','DD-MON-RR HH.MI.SSXFF AM'),null);
Insert into CSADMIN.TBL_PROPOSAL (PROPID,PROP_OFFER_TERM,PROP_BUDGET_REQUESTED,PROP_OFFER_STATUS,SUBMITTED_BY,SUBMIT_DATE,INSERT_BY,INSERT_DATE,MOD_BY,MOD_DATE,AWARD_TERM) values (15,'4427',2345,'pend','FRIELJ',to_date('06-JUN-16','DD-MON-RR'),'TIGERT',to_timestamp('19-APR-16 12.00.00.000000000 AM','DD-MON-RR HH.MI.SSXFF AM'),'FRIELJ',to_timestamp('19-APR-16 09.24.42.708000000 AM','DD-MON-RR HH.MI.SSXFF AM'),null);
Insert into CSADMIN.TBL_PROPOSAL (PROPID,PROP_OFFER_TERM,PROP_BUDGET_REQUESTED,PROP_OFFER_STATUS,SUBMITTED_BY,SUBMIT_DATE,INSERT_BY,INSERT_DATE,MOD_BY,MOD_DATE,AWARD_TERM) values (16,'4427',1224,'pend','TIGERT',to_date('08-MAY-16','DD-MON-RR'),'TIGERT',to_timestamp('19-APR-16 12.00.00.000000000 AM','DD-MON-RR HH.MI.SSXFF AM'),'FRIELJ',to_timestamp('19-APR-16 09.26.53.794000000 AM','DD-MON-RR HH.MI.SSXFF AM'),null);
Insert into CSADMIN.TBL_PROPOSAL (PROPID,PROP_OFFER_TERM,PROP_BUDGET_REQUESTED,PROP_OFFER_STATUS,SUBMITTED_BY,SUBMIT_DATE,INSERT_BY,INSERT_DATE,MOD_BY,MOD_DATE,AWARD_TERM) values (17,'4427',1224,'pend','TIGERT',to_date('08-MAY-16','DD-MON-RR'),'TIGERT',to_timestamp('19-APR-16 12.00.00.000000000 AM','DD-MON-RR HH.MI.SSXFF AM'),'FRIELJ',to_timestamp('19-APR-16 09.31.19.030000000 AM','DD-MON-RR HH.MI.SSXFF AM'),null);
Insert into CSADMIN.TBL_PROPOSAL (PROPID,PROP_OFFER_TERM,PROP_BUDGET_REQUESTED,PROP_OFFER_STATUS,SUBMITTED_BY,SUBMIT_DATE,INSERT_BY,INSERT_DATE,MOD_BY,MOD_DATE,AWARD_TERM) values (18,'4335',123,'pend','TIGERT',to_date('08-MAY-16','DD-MON-RR'),'TIGERT',to_timestamp('20-APR-16 12.00.00.000000000 AM','DD-MON-RR HH.MI.SSXFF AM'),'FRIELJ',to_timestamp('19-APR-16 07.54.10.543000000 PM','DD-MON-RR HH.MI.SSXFF AM'),null);
Insert into CSADMIN.TBL_PROPOSAL (PROPID,PROP_OFFER_TERM,PROP_BUDGET_REQUESTED,PROP_OFFER_STATUS,SUBMITTED_BY,SUBMIT_DATE,INSERT_BY,INSERT_DATE,MOD_BY,MOD_DATE,AWARD_TERM) values (19,null,null,'pend','TIGERT',to_date('06-JUN-16','DD-MON-RR'),'TIGERT',to_timestamp('20-APR-16 12.00.00.000000000 AM','DD-MON-RR HH.MI.SSXFF AM'),'FRIELJ',to_timestamp('20-APR-16 02.53.11.646000000 PM','DD-MON-RR HH.MI.SSXFF AM'),null);
Insert into CSADMIN.TBL_PROPOSAL (PROPID,PROP_OFFER_TERM,PROP_BUDGET_REQUESTED,PROP_OFFER_STATUS,SUBMITTED_BY,SUBMIT_DATE,INSERT_BY,INSERT_DATE,MOD_BY,MOD_DATE,AWARD_TERM) values (72,'4335',null,'pend','TIGERT',to_date('08-MAY-16','DD-MON-RR'),'FRIELJ',to_timestamp('21-APR-16 01.00.00.000000000 AM','DD-MON-RR HH.MI.SSXFF AM'),'FRIELJ',to_timestamp('21-APR-16 04.45.29.339000000 PM','DD-MON-RR HH.MI.SSXFF AM'),null);
Insert into CSADMIN.TBL_PROPOSAL (PROPID,PROP_OFFER_TERM,PROP_BUDGET_REQUESTED,PROP_OFFER_STATUS,SUBMITTED_BY,SUBMIT_DATE,INSERT_BY,INSERT_DATE,MOD_BY,MOD_DATE,AWARD_TERM) values (102,'4727',12000.32,'awrd','FRIELJ',to_date('01-JUN-15','DD-MON-RR'),'FRIELJ',to_timestamp('28-APR-16 01.00.00.000000000 AM','DD-MON-RR HH.MI.SSXFF AM'),'FRIELJ',to_timestamp('28-APR-16 04.09.42.946000000 PM','DD-MON-RR HH.MI.SSXFF AM'),'4343');
Insert into CSADMIN.TBL_PROPOSAL (PROPID,PROP_OFFER_TERM,PROP_BUDGET_REQUESTED,PROP_OFFER_STATUS,SUBMITTED_BY,SUBMIT_DATE,INSERT_BY,INSERT_DATE,MOD_BY,MOD_DATE,AWARD_TERM) values (1,'4527',10000,'awrd','TIGERT',to_date('08-MAY-16','DD-MON-RR'),'TIGERT',to_timestamp('19-APR-16 12.00.00.000000000 AM','DD-MON-RR HH.MI.SSXFF AM'),'FRIELJ',to_timestamp('18-APR-16 07.18.25.735000000 PM','DD-MON-RR HH.MI.SSXFF AM'),null);
Insert into CSADMIN.TBL_PROPOSAL (PROPID,PROP_OFFER_TERM,PROP_BUDGET_REQUESTED,PROP_OFFER_STATUS,SUBMITTED_BY,SUBMIT_DATE,INSERT_BY,INSERT_DATE,MOD_BY,MOD_DATE,AWARD_TERM) values (2,'4635',5000,'awrd','TIGERT',to_date('06-JUN-16','DD-MON-RR'),'TIGERT',to_timestamp('19-APR-16 12.00.00.000000000 AM','DD-MON-RR HH.MI.SSXFF AM'),'FRIELJ',to_timestamp('18-APR-16 07.21.51.058000000 PM','DD-MON-RR HH.MI.SSXFF AM'),null);
Insert into CSADMIN.TBL_PROPOSAL (PROPID,PROP_OFFER_TERM,PROP_BUDGET_REQUESTED,PROP_OFFER_STATUS,SUBMITTED_BY,SUBMIT_DATE,INSERT_BY,INSERT_DATE,MOD_BY,MOD_DATE,AWARD_TERM) values (39,'4643',10000,'pend','FRIELJ',to_date('06-JUN-16','DD-MON-RR'),'FRIELJ',to_timestamp('21-APR-16 04.41.55.000000000 AM','DD-MON-RR HH.MI.SSXFF AM'),'FRIELJ',to_timestamp('20-APR-16 09.41.55.185000000 PM','DD-MON-RR HH.MI.SSXFF AM'),null);
Insert into CSADMIN.TBL_PROPOSAL (PROPID,PROP_OFFER_TERM,PROP_BUDGET_REQUESTED,PROP_OFFER_STATUS,SUBMITTED_BY,SUBMIT_DATE,INSERT_BY,INSERT_DATE,MOD_BY,MOD_DATE,AWARD_TERM) values (40,'4643',10000,'pend','FRIELJ',to_date('06-JUN-16','DD-MON-RR'),'FRIELJ',to_timestamp('21-APR-16 04.43.26.000000000 AM','DD-MON-RR HH.MI.SSXFF AM'),'FRIELJ',to_timestamp('20-APR-16 09.43.26.631000000 PM','DD-MON-RR HH.MI.SSXFF AM'),null);
Insert into CSADMIN.TBL_PROPOSAL (PROPID,PROP_OFFER_TERM,PROP_BUDGET_REQUESTED,PROP_OFFER_STATUS,SUBMITTED_BY,SUBMIT_DATE,INSERT_BY,INSERT_DATE,MOD_BY,MOD_DATE,AWARD_TERM) values (63,'4735',10000,'pend','TIGERT',to_date('06-JUN-16','DD-MON-RR'),'FRIELJ',to_timestamp('21-APR-16 01.00.00.000000000 AM','DD-MON-RR HH.MI.SSXFF AM'),'FRIELJ',to_timestamp('21-APR-16 10.09.47.814000000 AM','DD-MON-RR HH.MI.SSXFF AM'),null);
Insert into CSADMIN.TBL_PROPOSAL (PROPID,PROP_OFFER_TERM,PROP_BUDGET_REQUESTED,PROP_OFFER_STATUS,SUBMITTED_BY,SUBMIT_DATE,INSERT_BY,INSERT_DATE,MOD_BY,MOD_DATE,AWARD_TERM) values (78,null,null,'pend','FRIELJ',to_date('01-JUN-15','DD-MON-RR'),'FRIELJ',to_timestamp('25-APR-16 01.00.00.000000000 AM','DD-MON-RR HH.MI.SSXFF AM'),'FRIELJ',to_timestamp('24-APR-16 06.33.13.958000000 PM','DD-MON-RR HH.MI.SSXFF AM'),null);
Insert into CSADMIN.TBL_PROPOSAL (PROPID,PROP_OFFER_TERM,PROP_BUDGET_REQUESTED,PROP_OFFER_STATUS,SUBMITTED_BY,SUBMIT_DATE,INSERT_BY,INSERT_DATE,MOD_BY,MOD_DATE,AWARD_TERM) values (9,'4443',12.33,'pend','TIGERT',to_date('06-JUN-16','DD-MON-RR'),'TIGERT',to_timestamp('19-APR-16 12.00.00.000000000 AM','DD-MON-RR HH.MI.SSXFF AM'),'FRIELJ',to_timestamp('18-APR-16 09.15.17.055000000 PM','DD-MON-RR HH.MI.SSXFF AM'),null);
Insert into CSADMIN.TBL_PROPOSAL (PROPID,PROP_OFFER_TERM,PROP_BUDGET_REQUESTED,PROP_OFFER_STATUS,SUBMITTED_BY,SUBMIT_DATE,INSERT_BY,INSERT_DATE,MOD_BY,MOD_DATE,AWARD_TERM) values (22,'4543',10000,'pend','TIGERT',to_date('08-MAY-16','DD-MON-RR'),'FRIELJ',to_timestamp('21-APR-16 03.25.25.000000000 AM','DD-MON-RR HH.MI.SSXFF AM'),'FRIELJ',to_timestamp('20-APR-16 08.25.25.792000000 PM','DD-MON-RR HH.MI.SSXFF AM'),null);
Insert into CSADMIN.TBL_PROPOSAL (PROPID,PROP_OFFER_TERM,PROP_BUDGET_REQUESTED,PROP_OFFER_STATUS,SUBMITTED_BY,SUBMIT_DATE,INSERT_BY,INSERT_DATE,MOD_BY,MOD_DATE,AWARD_TERM) values (25,'4543',10000,'pend','TIGERT',to_date('08-MAY-16','DD-MON-RR'),'FRIELJ',to_timestamp('21-APR-16 03.30.29.000000000 AM','DD-MON-RR HH.MI.SSXFF AM'),'FRIELJ',to_timestamp('20-APR-16 08.30.29.625000000 PM','DD-MON-RR HH.MI.SSXFF AM'),null);
Insert into CSADMIN.TBL_PROPOSAL (PROPID,PROP_OFFER_TERM,PROP_BUDGET_REQUESTED,PROP_OFFER_STATUS,SUBMITTED_BY,SUBMIT_DATE,INSERT_BY,INSERT_DATE,MOD_BY,MOD_DATE,AWARD_TERM) values (30,'4543',10000,'pend','TIGERT',to_date('08-MAY-16','DD-MON-RR'),'FRIELJ',to_timestamp('21-APR-16 03.35.01.000000000 AM','DD-MON-RR HH.MI.SSXFF AM'),'FRIELJ',to_timestamp('20-APR-16 08.35.01.799000000 PM','DD-MON-RR HH.MI.SSXFF AM'),null);
Insert into CSADMIN.TBL_PROPOSAL (PROPID,PROP_OFFER_TERM,PROP_BUDGET_REQUESTED,PROP_OFFER_STATUS,SUBMITTED_BY,SUBMIT_DATE,INSERT_BY,INSERT_DATE,MOD_BY,MOD_DATE,AWARD_TERM) values (48,'4727',2345,'pend','FRIELJ',to_date('08-MAY-16','DD-MON-RR'),'FRIELJ',to_timestamp('21-APR-16 05.20.02.000000000 AM','DD-MON-RR HH.MI.SSXFF AM'),'FRIELJ',to_timestamp('20-APR-16 10.20.02.372000000 PM','DD-MON-RR HH.MI.SSXFF AM'),null);
Insert into CSADMIN.TBL_PROPOSAL (PROPID,PROP_OFFER_TERM,PROP_BUDGET_REQUESTED,PROP_OFFER_STATUS,SUBMITTED_BY,SUBMIT_DATE,INSERT_BY,INSERT_DATE,MOD_BY,MOD_DATE,AWARD_TERM) values (52,'4727',2345,'pend','FRIELJ',to_date('08-MAY-16','DD-MON-RR'),'FRIELJ',to_timestamp('21-APR-16 05.25.27.000000000 AM','DD-MON-RR HH.MI.SSXFF AM'),'FRIELJ',to_timestamp('20-APR-16 10.25.27.414000000 PM','DD-MON-RR HH.MI.SSXFF AM'),null);
Insert into CSADMIN.TBL_PROPOSAL (PROPID,PROP_OFFER_TERM,PROP_BUDGET_REQUESTED,PROP_OFFER_STATUS,SUBMITTED_BY,SUBMIT_DATE,INSERT_BY,INSERT_DATE,MOD_BY,MOD_DATE,AWARD_TERM) values (76,null,null,'pend','TIGERT',to_date('08-MAY-16','DD-MON-RR'),'FRIELJ',to_timestamp('22-APR-16 01.00.00.000000000 AM','DD-MON-RR HH.MI.SSXFF AM'),'FRIELJ',to_timestamp('22-APR-16 09.52.46.011000000 AM','DD-MON-RR HH.MI.SSXFF AM'),null);
Insert into CSADMIN.TBL_PROPOSAL (PROPID,PROP_OFFER_TERM,PROP_BUDGET_REQUESTED,PROP_OFFER_STATUS,SUBMITTED_BY,SUBMIT_DATE,INSERT_BY,INSERT_DATE,MOD_BY,MOD_DATE,AWARD_TERM) values (77,'4327',null,'pend','FRIELJ',to_date('06-JUN-16','DD-MON-RR'),'FRIELJ',to_timestamp('22-APR-16 01.00.00.000000000 AM','DD-MON-RR HH.MI.SSXFF AM'),'FRIELJ',to_timestamp('22-APR-16 10.08.34.245000000 AM','DD-MON-RR HH.MI.SSXFF AM'),null);
Insert into CSADMIN.TBL_PROPOSAL (PROPID,PROP_OFFER_TERM,PROP_BUDGET_REQUESTED,PROP_OFFER_STATUS,SUBMITTED_BY,SUBMIT_DATE,INSERT_BY,INSERT_DATE,MOD_BY,MOD_DATE,AWARD_TERM) values (79,'4327',null,'pend','TIGERT',to_date('01-JUN-15','DD-MON-RR'),'FRIELJ',to_timestamp('25-APR-16 01.00.00.000000000 AM','DD-MON-RR HH.MI.SSXFF AM'),'FRIELJ',to_timestamp('24-APR-16 08.02.58.211000000 PM','DD-MON-RR HH.MI.SSXFF AM'),null);
Insert into CSADMIN.TBL_PROPOSAL (PROPID,PROP_OFFER_TERM,PROP_BUDGET_REQUESTED,PROP_OFFER_STATUS,SUBMITTED_BY,SUBMIT_DATE,INSERT_BY,INSERT_DATE,MOD_BY,MOD_DATE,AWARD_TERM) values (81,null,null,'pend','FRIELJ',to_date('06-JUN-16','DD-MON-RR'),'FRIELJ',to_timestamp('25-APR-16 01.00.00.000000000 AM','DD-MON-RR HH.MI.SSXFF AM'),'FRIELJ',to_timestamp('25-APR-16 02.59.12.127000000 PM','DD-MON-RR HH.MI.SSXFF AM'),null);
Insert into CSADMIN.TBL_PROPOSAL (PROPID,PROP_OFFER_TERM,PROP_BUDGET_REQUESTED,PROP_OFFER_STATUS,SUBMITTED_BY,SUBMIT_DATE,INSERT_BY,INSERT_DATE,MOD_BY,MOD_DATE,AWARD_TERM) values (101,'4643',12000,'pend','FRIELJ',to_date('06-JUN-16','DD-MON-RR'),'FRIELJ',to_timestamp('28-APR-16 01.00.00.000000000 AM','DD-MON-RR HH.MI.SSXFF AM'),'FRIELJ',to_timestamp('28-APR-16 03.53.26.552000000 PM','DD-MON-RR HH.MI.SSXFF AM'),null);
Insert into CSADMIN.TBL_PROPOSAL (PROPID,PROP_OFFER_TERM,PROP_BUDGET_REQUESTED,PROP_OFFER_STATUS,SUBMITTED_BY,SUBMIT_DATE,INSERT_BY,INSERT_DATE,MOD_BY,MOD_DATE,AWARD_TERM) values (38,'4643',10000,'pend','FRIELJ',to_date('06-JUN-16','DD-MON-RR'),'FRIELJ',to_timestamp('21-APR-16 04.40.07.000000000 AM','DD-MON-RR HH.MI.SSXFF AM'),'FRIELJ',to_timestamp('20-APR-16 09.40.07.300000000 PM','DD-MON-RR HH.MI.SSXFF AM'),null);
Insert into CSADMIN.TBL_PROPOSAL (PROPID,PROP_OFFER_TERM,PROP_BUDGET_REQUESTED,PROP_OFFER_STATUS,SUBMITTED_BY,SUBMIT_DATE,INSERT_BY,INSERT_DATE,MOD_BY,MOD_DATE,AWARD_TERM) values (64,'4735',10000,'pend','TIGERT',to_date('06-JUN-16','DD-MON-RR'),'FRIELJ',to_timestamp('21-APR-16 01.00.00.000000000 AM','DD-MON-RR HH.MI.SSXFF AM'),'FRIELJ',to_timestamp('21-APR-16 10.10.28.284000000 AM','DD-MON-RR HH.MI.SSXFF AM'),null);
Insert into CSADMIN.TBL_PROPOSAL (PROPID,PROP_OFFER_TERM,PROP_BUDGET_REQUESTED,PROP_OFFER_STATUS,SUBMITTED_BY,SUBMIT_DATE,INSERT_BY,INSERT_DATE,MOD_BY,MOD_DATE,AWARD_TERM) values (71,'4435',null,'pend','FRIELJ',to_date('06-JUN-16','DD-MON-RR'),'TIGERT',to_timestamp('21-APR-16 12.00.00.000000000 AM','DD-MON-RR HH.MI.SSXFF AM'),'FRIELJ',to_timestamp('21-APR-16 12.42.33.752000000 PM','DD-MON-RR HH.MI.SSXFF AM'),null);
Insert into CSADMIN.TBL_PROPOSAL (PROPID,PROP_OFFER_TERM,PROP_BUDGET_REQUESTED,PROP_OFFER_STATUS,SUBMITTED_BY,SUBMIT_DATE,INSERT_BY,INSERT_DATE,MOD_BY,MOD_DATE,AWARD_TERM) values (73,null,null,'pend','FRIELJ',to_date('01-JUN-15','DD-MON-RR'),'FRIELJ',to_timestamp('21-APR-16 01.00.00.000000000 AM','DD-MON-RR HH.MI.SSXFF AM'),'FRIELJ',to_timestamp('21-APR-16 04.48.35.760000000 PM','DD-MON-RR HH.MI.SSXFF AM'),null);
Insert into CSADMIN.TBL_PROPOSAL (PROPID,PROP_OFFER_TERM,PROP_BUDGET_REQUESTED,PROP_OFFER_STATUS,SUBMITTED_BY,SUBMIT_DATE,INSERT_BY,INSERT_DATE,MOD_BY,MOD_DATE,AWARD_TERM) values (74,'4427',null,'pend','TIGERT',to_date('01-AUG-16','DD-MON-RR'),'FRIELJ',to_timestamp('21-APR-16 01.00.00.000000000 AM','DD-MON-RR HH.MI.SSXFF AM'),'FRIELJ',to_timestamp('21-APR-16 04.49.22.944000000 PM','DD-MON-RR HH.MI.SSXFF AM'),null);
Insert into CSADMIN.TBL_PROPOSAL (PROPID,PROP_OFFER_TERM,PROP_BUDGET_REQUESTED,PROP_OFFER_STATUS,SUBMITTED_BY,SUBMIT_DATE,INSERT_BY,INSERT_DATE,MOD_BY,MOD_DATE,AWARD_TERM) values (75,null,null,'pend','FRIELJ',to_date('01-JUN-15','DD-MON-RR'),'FRIELJ',to_timestamp('21-APR-16 01.00.00.000000000 AM','DD-MON-RR HH.MI.SSXFF AM'),'FRIELJ',to_timestamp('21-APR-16 04.54.45.101000000 PM','DD-MON-RR HH.MI.SSXFF AM'),null);
Insert into CSADMIN.TBL_PROPOSAL (PROPID,PROP_OFFER_TERM,PROP_BUDGET_REQUESTED,PROP_OFFER_STATUS,SUBMITTED_BY,SUBMIT_DATE,INSERT_BY,INSERT_DATE,MOD_BY,MOD_DATE,AWARD_TERM) values (21,'4543',10000,'pend','TIGERT',to_date('08-MAY-16','DD-MON-RR'),'FRIELJ',to_timestamp('21-APR-16 03.24.20.000000000 AM','DD-MON-RR HH.MI.SSXFF AM'),'FRIELJ',to_timestamp('20-APR-16 08.24.20.946000000 PM','DD-MON-RR HH.MI.SSXFF AM'),null);
Insert into CSADMIN.TBL_PROPOSAL (PROPID,PROP_OFFER_TERM,PROP_BUDGET_REQUESTED,PROP_OFFER_STATUS,SUBMITTED_BY,SUBMIT_DATE,INSERT_BY,INSERT_DATE,MOD_BY,MOD_DATE,AWARD_TERM) values (23,'4543',10000,'pend','TIGERT',to_date('08-MAY-16','DD-MON-RR'),'FRIELJ',to_timestamp('21-APR-16 03.26.20.000000000 AM','DD-MON-RR HH.MI.SSXFF AM'),'FRIELJ',to_timestamp('20-APR-16 08.26.20.770000000 PM','DD-MON-RR HH.MI.SSXFF AM'),null);
Insert into CSADMIN.TBL_PROPOSAL (PROPID,PROP_OFFER_TERM,PROP_BUDGET_REQUESTED,PROP_OFFER_STATUS,SUBMITTED_BY,SUBMIT_DATE,INSERT_BY,INSERT_DATE,MOD_BY,MOD_DATE,AWARD_TERM) values (24,'4543',10000,'pend','TIGERT',to_date('08-MAY-16','DD-MON-RR'),'FRIELJ',to_timestamp('21-APR-16 03.29.12.000000000 AM','DD-MON-RR HH.MI.SSXFF AM'),'FRIELJ',to_timestamp('20-APR-16 08.29.12.431000000 PM','DD-MON-RR HH.MI.SSXFF AM'),null);
Insert into CSADMIN.TBL_PROPOSAL (PROPID,PROP_OFFER_TERM,PROP_BUDGET_REQUESTED,PROP_OFFER_STATUS,SUBMITTED_BY,SUBMIT_DATE,INSERT_BY,INSERT_DATE,MOD_BY,MOD_DATE,AWARD_TERM) values (26,'4543',10000,'pend','TIGERT',to_date('08-MAY-16','DD-MON-RR'),'FRIELJ',to_timestamp('21-APR-16 03.31.29.000000000 AM','DD-MON-RR HH.MI.SSXFF AM'),'FRIELJ',to_timestamp('20-APR-16 08.31.30.002000000 PM','DD-MON-RR HH.MI.SSXFF AM'),null);
Insert into CSADMIN.TBL_PROPOSAL (PROPID,PROP_OFFER_TERM,PROP_BUDGET_REQUESTED,PROP_OFFER_STATUS,SUBMITTED_BY,SUBMIT_DATE,INSERT_BY,INSERT_DATE,MOD_BY,MOD_DATE,AWARD_TERM) values (27,'4543',10000,'pend','TIGERT',to_date('08-MAY-16','DD-MON-RR'),'FRIELJ',to_timestamp('21-APR-16 03.31.30.000000000 AM','DD-MON-RR HH.MI.SSXFF AM'),'FRIELJ',to_timestamp('20-APR-16 08.31.30.555000000 PM','DD-MON-RR HH.MI.SSXFF AM'),null);
Insert into CSADMIN.TBL_PROPOSAL (PROPID,PROP_OFFER_TERM,PROP_BUDGET_REQUESTED,PROP_OFFER_STATUS,SUBMITTED_BY,SUBMIT_DATE,INSERT_BY,INSERT_DATE,MOD_BY,MOD_DATE,AWARD_TERM) values (28,'4543',10000,'pend','TIGERT',to_date('08-MAY-16','DD-MON-RR'),'FRIELJ',to_timestamp('21-APR-16 03.31.31.000000000 AM','DD-MON-RR HH.MI.SSXFF AM'),'FRIELJ',to_timestamp('20-APR-16 08.31.31.737000000 PM','DD-MON-RR HH.MI.SSXFF AM'),null);
Insert into CSADMIN.TBL_PROPOSAL (PROPID,PROP_OFFER_TERM,PROP_BUDGET_REQUESTED,PROP_OFFER_STATUS,SUBMITTED_BY,SUBMIT_DATE,INSERT_BY,INSERT_DATE,MOD_BY,MOD_DATE,AWARD_TERM) values (29,'4543',10000,'pend','TIGERT',to_date('08-MAY-16','DD-MON-RR'),'FRIELJ',to_timestamp('21-APR-16 03.33.09.000000000 AM','DD-MON-RR HH.MI.SSXFF AM'),'FRIELJ',to_timestamp('20-APR-16 08.33.09.776000000 PM','DD-MON-RR HH.MI.SSXFF AM'),null);
Insert into CSADMIN.TBL_PROPOSAL (PROPID,PROP_OFFER_TERM,PROP_BUDGET_REQUESTED,PROP_OFFER_STATUS,SUBMITTED_BY,SUBMIT_DATE,INSERT_BY,INSERT_DATE,MOD_BY,MOD_DATE,AWARD_TERM) values (31,'4543',10000,'pend','TIGERT',to_date('08-MAY-16','DD-MON-RR'),'FRIELJ',to_timestamp('21-APR-16 03.36.13.000000000 AM','DD-MON-RR HH.MI.SSXFF AM'),'FRIELJ',to_timestamp('20-APR-16 08.36.13.830000000 PM','DD-MON-RR HH.MI.SSXFF AM'),null);
Insert into CSADMIN.TBL_PROPOSAL (PROPID,PROP_OFFER_TERM,PROP_BUDGET_REQUESTED,PROP_OFFER_STATUS,SUBMITTED_BY,SUBMIT_DATE,INSERT_BY,INSERT_DATE,MOD_BY,MOD_DATE,AWARD_TERM) values (32,'4543',10000,'pend','TIGERT',to_date('08-MAY-16','DD-MON-RR'),'FRIELJ',to_timestamp('21-APR-16 03.38.55.000000000 AM','DD-MON-RR HH.MI.SSXFF AM'),'FRIELJ',to_timestamp('20-APR-16 08.38.55.858000000 PM','DD-MON-RR HH.MI.SSXFF AM'),null);
Insert into CSADMIN.TBL_PROPOSAL (PROPID,PROP_OFFER_TERM,PROP_BUDGET_REQUESTED,PROP_OFFER_STATUS,SUBMITTED_BY,SUBMIT_DATE,INSERT_BY,INSERT_DATE,MOD_BY,MOD_DATE,AWARD_TERM) values (33,'4327',null,'pend','TIGERT',to_date('01-JUN-15','DD-MON-RR'),'TIGERT',to_timestamp('21-APR-16 12.00.00.000000000 AM','DD-MON-RR HH.MI.SSXFF AM'),'FRIELJ',to_timestamp('20-APR-16 09.18.41.571000000 PM','DD-MON-RR HH.MI.SSXFF AM'),null);
Insert into CSADMIN.TBL_PROPOSAL (PROPID,PROP_OFFER_TERM,PROP_BUDGET_REQUESTED,PROP_OFFER_STATUS,SUBMITTED_BY,SUBMIT_DATE,INSERT_BY,INSERT_DATE,MOD_BY,MOD_DATE,AWARD_TERM) values (34,'4635',1000,'pend','FRIELJ',to_date('08-MAY-16','DD-MON-RR'),'FRIELJ',to_timestamp('21-APR-16 04.19.39.000000000 AM','DD-MON-RR HH.MI.SSXFF AM'),'FRIELJ',to_timestamp('20-APR-16 09.19.39.437000000 PM','DD-MON-RR HH.MI.SSXFF AM'),null);
Insert into CSADMIN.TBL_PROPOSAL (PROPID,PROP_OFFER_TERM,PROP_BUDGET_REQUESTED,PROP_OFFER_STATUS,SUBMITTED_BY,SUBMIT_DATE,INSERT_BY,INSERT_DATE,MOD_BY,MOD_DATE,AWARD_TERM) values (35,'4635',1000,'pend','FRIELJ',to_date('08-MAY-16','DD-MON-RR'),'FRIELJ',to_timestamp('21-APR-16 04.20.59.000000000 AM','DD-MON-RR HH.MI.SSXFF AM'),'FRIELJ',to_timestamp('20-APR-16 09.20.59.699000000 PM','DD-MON-RR HH.MI.SSXFF AM'),null);
Insert into CSADMIN.TBL_PROPOSAL (PROPID,PROP_OFFER_TERM,PROP_BUDGET_REQUESTED,PROP_OFFER_STATUS,SUBMITTED_BY,SUBMIT_DATE,INSERT_BY,INSERT_DATE,MOD_BY,MOD_DATE,AWARD_TERM) values (36,'4643',10000,'pend','FRIELJ',to_date('06-JUN-16','DD-MON-RR'),'FRIELJ',to_timestamp('21-APR-16 04.21.25.000000000 AM','DD-MON-RR HH.MI.SSXFF AM'),'FRIELJ',to_timestamp('20-APR-16 09.21.25.380000000 PM','DD-MON-RR HH.MI.SSXFF AM'),null);
Insert into CSADMIN.TBL_PROPOSAL (PROPID,PROP_OFFER_TERM,PROP_BUDGET_REQUESTED,PROP_OFFER_STATUS,SUBMITTED_BY,SUBMIT_DATE,INSERT_BY,INSERT_DATE,MOD_BY,MOD_DATE,AWARD_TERM) values (37,'4643',10000,'pend','FRIELJ',to_date('06-JUN-16','DD-MON-RR'),'FRIELJ',to_timestamp('21-APR-16 04.22.17.000000000 AM','DD-MON-RR HH.MI.SSXFF AM'),'FRIELJ',to_timestamp('20-APR-16 09.22.17.843000000 PM','DD-MON-RR HH.MI.SSXFF AM'),null);
Insert into CSADMIN.TBL_PROPOSAL (PROPID,PROP_OFFER_TERM,PROP_BUDGET_REQUESTED,PROP_OFFER_STATUS,SUBMITTED_BY,SUBMIT_DATE,INSERT_BY,INSERT_DATE,MOD_BY,MOD_DATE,AWARD_TERM) values (41,'4643',10000,'pend','FRIELJ',to_date('06-JUN-16','DD-MON-RR'),'FRIELJ',to_timestamp('21-APR-16 04.47.21.000000000 AM','DD-MON-RR HH.MI.SSXFF AM'),'FRIELJ',to_timestamp('20-APR-16 09.47.21.964000000 PM','DD-MON-RR HH.MI.SSXFF AM'),null);
Insert into CSADMIN.TBL_PROPOSAL (PROPID,PROP_OFFER_TERM,PROP_BUDGET_REQUESTED,PROP_OFFER_STATUS,SUBMITTED_BY,SUBMIT_DATE,INSERT_BY,INSERT_DATE,MOD_BY,MOD_DATE,AWARD_TERM) values (42,'4643',10000,'pend','FRIELJ',to_date('06-JUN-16','DD-MON-RR'),'FRIELJ',to_timestamp('21-APR-16 04.48.23.000000000 AM','DD-MON-RR HH.MI.SSXFF AM'),'FRIELJ',to_timestamp('20-APR-16 09.48.23.464000000 PM','DD-MON-RR HH.MI.SSXFF AM'),null);
Insert into CSADMIN.TBL_PROPOSAL (PROPID,PROP_OFFER_TERM,PROP_BUDGET_REQUESTED,PROP_OFFER_STATUS,SUBMITTED_BY,SUBMIT_DATE,INSERT_BY,INSERT_DATE,MOD_BY,MOD_DATE,AWARD_TERM) values (43,'4643',10000,'pend','FRIELJ',to_date('06-JUN-16','DD-MON-RR'),'FRIELJ',to_timestamp('21-APR-16 04.52.13.000000000 AM','DD-MON-RR HH.MI.SSXFF AM'),'FRIELJ',to_timestamp('20-APR-16 09.52.13.499000000 PM','DD-MON-RR HH.MI.SSXFF AM'),null);
Insert into CSADMIN.TBL_PROPOSAL (PROPID,PROP_OFFER_TERM,PROP_BUDGET_REQUESTED,PROP_OFFER_STATUS,SUBMITTED_BY,SUBMIT_DATE,INSERT_BY,INSERT_DATE,MOD_BY,MOD_DATE,AWARD_TERM) values (44,'4643',10000,'pend','FRIELJ',to_date('06-JUN-16','DD-MON-RR'),'FRIELJ',to_timestamp('21-APR-16 04.53.15.000000000 AM','DD-MON-RR HH.MI.SSXFF AM'),'FRIELJ',to_timestamp('20-APR-16 09.53.15.592000000 PM','DD-MON-RR HH.MI.SSXFF AM'),null);
Insert into CSADMIN.TBL_PROPOSAL (PROPID,PROP_OFFER_TERM,PROP_BUDGET_REQUESTED,PROP_OFFER_STATUS,SUBMITTED_BY,SUBMIT_DATE,INSERT_BY,INSERT_DATE,MOD_BY,MOD_DATE,AWARD_TERM) values (45,'4643',10000,'pend','FRIELJ',to_date('06-JUN-16','DD-MON-RR'),'FRIELJ',to_timestamp('21-APR-16 04.54.03.000000000 AM','DD-MON-RR HH.MI.SSXFF AM'),'FRIELJ',to_timestamp('20-APR-16 09.54.03.318000000 PM','DD-MON-RR HH.MI.SSXFF AM'),null);
Insert into CSADMIN.TBL_PROPOSAL (PROPID,PROP_OFFER_TERM,PROP_BUDGET_REQUESTED,PROP_OFFER_STATUS,SUBMITTED_BY,SUBMIT_DATE,INSERT_BY,INSERT_DATE,MOD_BY,MOD_DATE,AWARD_TERM) values (46,'4643',10000,'pend','FRIELJ',to_date('06-JUN-16','DD-MON-RR'),'FRIELJ',to_timestamp('21-APR-16 04.56.14.000000000 AM','DD-MON-RR HH.MI.SSXFF AM'),'FRIELJ',to_timestamp('20-APR-16 09.56.14.554000000 PM','DD-MON-RR HH.MI.SSXFF AM'),null);
Insert into CSADMIN.TBL_PROPOSAL (PROPID,PROP_OFFER_TERM,PROP_BUDGET_REQUESTED,PROP_OFFER_STATUS,SUBMITTED_BY,SUBMIT_DATE,INSERT_BY,INSERT_DATE,MOD_BY,MOD_DATE,AWARD_TERM) values (47,'4727',2345,'pend','FRIELJ',to_date('08-MAY-16','DD-MON-RR'),'FRIELJ',to_timestamp('21-APR-16 05.18.21.000000000 AM','DD-MON-RR HH.MI.SSXFF AM'),'FRIELJ',to_timestamp('20-APR-16 10.18.21.819000000 PM','DD-MON-RR HH.MI.SSXFF AM'),null);
Insert into CSADMIN.TBL_PROPOSAL (PROPID,PROP_OFFER_TERM,PROP_BUDGET_REQUESTED,PROP_OFFER_STATUS,SUBMITTED_BY,SUBMIT_DATE,INSERT_BY,INSERT_DATE,MOD_BY,MOD_DATE,AWARD_TERM) values (49,'4727',2345,'pend','FRIELJ',to_date('08-MAY-16','DD-MON-RR'),'FRIELJ',to_timestamp('21-APR-16 05.22.41.000000000 AM','DD-MON-RR HH.MI.SSXFF AM'),'FRIELJ',to_timestamp('20-APR-16 10.22.41.808000000 PM','DD-MON-RR HH.MI.SSXFF AM'),null);
Insert into CSADMIN.TBL_PROPOSAL (PROPID,PROP_OFFER_TERM,PROP_BUDGET_REQUESTED,PROP_OFFER_STATUS,SUBMITTED_BY,SUBMIT_DATE,INSERT_BY,INSERT_DATE,MOD_BY,MOD_DATE,AWARD_TERM) values (50,'4727',2345,'pend','FRIELJ',to_date('08-MAY-16','DD-MON-RR'),'FRIELJ',to_timestamp('21-APR-16 05.23.33.000000000 AM','DD-MON-RR HH.MI.SSXFF AM'),'FRIELJ',to_timestamp('20-APR-16 10.23.33.708000000 PM','DD-MON-RR HH.MI.SSXFF AM'),null);
Insert into CSADMIN.TBL_PROPOSAL (PROPID,PROP_OFFER_TERM,PROP_BUDGET_REQUESTED,PROP_OFFER_STATUS,SUBMITTED_BY,SUBMIT_DATE,INSERT_BY,INSERT_DATE,MOD_BY,MOD_DATE,AWARD_TERM) values (51,'4727',2345,'pend','FRIELJ',to_date('08-MAY-16','DD-MON-RR'),'FRIELJ',to_timestamp('21-APR-16 05.24.09.000000000 AM','DD-MON-RR HH.MI.SSXFF AM'),'FRIELJ',to_timestamp('20-APR-16 10.24.09.015000000 PM','DD-MON-RR HH.MI.SSXFF AM'),null);
Insert into CSADMIN.TBL_PROPOSAL (PROPID,PROP_OFFER_TERM,PROP_BUDGET_REQUESTED,PROP_OFFER_STATUS,SUBMITTED_BY,SUBMIT_DATE,INSERT_BY,INSERT_DATE,MOD_BY,MOD_DATE,AWARD_TERM) values (53,'4727',2345,'pend','FRIELJ',to_date('08-MAY-16','DD-MON-RR'),'FRIELJ',to_timestamp('21-APR-16 05.26.32.000000000 AM','DD-MON-RR HH.MI.SSXFF AM'),'FRIELJ',to_timestamp('20-APR-16 10.26.32.649000000 PM','DD-MON-RR HH.MI.SSXFF AM'),null);
Insert into CSADMIN.TBL_PROPOSAL (PROPID,PROP_OFFER_TERM,PROP_BUDGET_REQUESTED,PROP_OFFER_STATUS,SUBMITTED_BY,SUBMIT_DATE,INSERT_BY,INSERT_DATE,MOD_BY,MOD_DATE,AWARD_TERM) values (54,'4727',2345,'pend','FRIELJ',to_date('08-MAY-16','DD-MON-RR'),'FRIELJ',to_timestamp('21-APR-16 05.27.24.000000000 AM','DD-MON-RR HH.MI.SSXFF AM'),'FRIELJ',to_timestamp('20-APR-16 10.27.24.463000000 PM','DD-MON-RR HH.MI.SSXFF AM'),null);
Insert into CSADMIN.TBL_PROPOSAL (PROPID,PROP_OFFER_TERM,PROP_BUDGET_REQUESTED,PROP_OFFER_STATUS,SUBMITTED_BY,SUBMIT_DATE,INSERT_BY,INSERT_DATE,MOD_BY,MOD_DATE,AWARD_TERM) values (55,'4727',2345,'pend','FRIELJ',to_date('08-MAY-16','DD-MON-RR'),'FRIELJ',to_timestamp('21-APR-16 05.28.58.000000000 AM','DD-MON-RR HH.MI.SSXFF AM'),'FRIELJ',to_timestamp('20-APR-16 10.28.58.076000000 PM','DD-MON-RR HH.MI.SSXFF AM'),null);
Insert into CSADMIN.TBL_PROPOSAL (PROPID,PROP_OFFER_TERM,PROP_BUDGET_REQUESTED,PROP_OFFER_STATUS,SUBMITTED_BY,SUBMIT_DATE,INSERT_BY,INSERT_DATE,MOD_BY,MOD_DATE,AWARD_TERM) values (56,'4727',2345,'pend','FRIELJ',to_date('08-MAY-16','DD-MON-RR'),'FRIELJ',to_timestamp('21-APR-16 05.31.55.000000000 AM','DD-MON-RR HH.MI.SSXFF AM'),'FRIELJ',to_timestamp('20-APR-16 10.31.55.164000000 PM','DD-MON-RR HH.MI.SSXFF AM'),null);
Insert into CSADMIN.TBL_PROPOSAL (PROPID,PROP_OFFER_TERM,PROP_BUDGET_REQUESTED,PROP_OFFER_STATUS,SUBMITTED_BY,SUBMIT_DATE,INSERT_BY,INSERT_DATE,MOD_BY,MOD_DATE,AWARD_TERM) values (57,'4443',15000,'pend','FRIELJ',to_date('06-JUN-16','DD-MON-RR'),'FRIELJ',to_timestamp('21-APR-16 05.34.04.000000000 AM','DD-MON-RR HH.MI.SSXFF AM'),'FRIELJ',to_timestamp('20-APR-16 10.34.04.166000000 PM','DD-MON-RR HH.MI.SSXFF AM'),null);
Insert into CSADMIN.TBL_PROPOSAL (PROPID,PROP_OFFER_TERM,PROP_BUDGET_REQUESTED,PROP_OFFER_STATUS,SUBMITTED_BY,SUBMIT_DATE,INSERT_BY,INSERT_DATE,MOD_BY,MOD_DATE,AWARD_TERM) values (58,'4327',1000,'pend','TIGERT',to_date('01-AUG-16','DD-MON-RR'),'FRIELJ',to_timestamp('21-APR-16 05.36.40.000000000 AM','DD-MON-RR HH.MI.SSXFF AM'),'FRIELJ',to_timestamp('20-APR-16 10.36.40.907000000 PM','DD-MON-RR HH.MI.SSXFF AM'),null);
Insert into CSADMIN.TBL_PROPOSAL (PROPID,PROP_OFFER_TERM,PROP_BUDGET_REQUESTED,PROP_OFFER_STATUS,SUBMITTED_BY,SUBMIT_DATE,INSERT_BY,INSERT_DATE,MOD_BY,MOD_DATE,AWARD_TERM) values (59,'4327',1000,'pend','TIGERT',to_date('01-AUG-16','DD-MON-RR'),'FRIELJ',to_timestamp('21-APR-16 05.41.03.000000000 AM','DD-MON-RR HH.MI.SSXFF AM'),'FRIELJ',to_timestamp('20-APR-16 10.41.03.025000000 PM','DD-MON-RR HH.MI.SSXFF AM'),null);
Insert into CSADMIN.TBL_PROPOSAL (PROPID,PROP_OFFER_TERM,PROP_BUDGET_REQUESTED,PROP_OFFER_STATUS,SUBMITTED_BY,SUBMIT_DATE,INSERT_BY,INSERT_DATE,MOD_BY,MOD_DATE,AWARD_TERM) values (60,'4327',1000,'pend','TIGERT',to_date('01-AUG-16','DD-MON-RR'),'FRIELJ',to_timestamp('21-APR-16 05.41.56.000000000 AM','DD-MON-RR HH.MI.SSXFF AM'),'FRIELJ',to_timestamp('20-APR-16 10.41.56.094000000 PM','DD-MON-RR HH.MI.SSXFF AM'),null);
Insert into CSADMIN.TBL_PROPOSAL (PROPID,PROP_OFFER_TERM,PROP_BUDGET_REQUESTED,PROP_OFFER_STATUS,SUBMITTED_BY,SUBMIT_DATE,INSERT_BY,INSERT_DATE,MOD_BY,MOD_DATE,AWARD_TERM) values (61,'4327',1000,'pend','TIGERT',to_date('01-AUG-16','DD-MON-RR'),'FRIELJ',to_timestamp('21-APR-16 05.42.30.000000000 AM','DD-MON-RR HH.MI.SSXFF AM'),'FRIELJ',to_timestamp('20-APR-16 10.42.30.558000000 PM','DD-MON-RR HH.MI.SSXFF AM'),null);
Insert into CSADMIN.TBL_PROPOSAL (PROPID,PROP_OFFER_TERM,PROP_BUDGET_REQUESTED,PROP_OFFER_STATUS,SUBMITTED_BY,SUBMIT_DATE,INSERT_BY,INSERT_DATE,MOD_BY,MOD_DATE,AWARD_TERM) values (62,'4327',1000,'awrd','TIGERT',to_date('01-AUG-16','DD-MON-RR'),'FRIELJ',to_timestamp('21-APR-16 05.43.19.000000000 AM','DD-MON-RR HH.MI.SSXFF AM'),'FRIELJ',to_timestamp('20-APR-16 10.43.19.930000000 PM','DD-MON-RR HH.MI.SSXFF AM'),null);
Insert into CSADMIN.TBL_PROPOSAL (PROPID,PROP_OFFER_TERM,PROP_BUDGET_REQUESTED,PROP_OFFER_STATUS,SUBMITTED_BY,SUBMIT_DATE,INSERT_BY,INSERT_DATE,MOD_BY,MOD_DATE,AWARD_TERM) values (65,'4735',10000,'pend','TIGERT',to_date('06-JUN-16','DD-MON-RR'),'FRIELJ',to_timestamp('21-APR-16 01.00.00.000000000 AM','DD-MON-RR HH.MI.SSXFF AM'),'FRIELJ',to_timestamp('21-APR-16 10.17.32.856000000 AM','DD-MON-RR HH.MI.SSXFF AM'),null);
Insert into CSADMIN.TBL_PROPOSAL (PROPID,PROP_OFFER_TERM,PROP_BUDGET_REQUESTED,PROP_OFFER_STATUS,SUBMITTED_BY,SUBMIT_DATE,INSERT_BY,INSERT_DATE,MOD_BY,MOD_DATE,AWARD_TERM) values (66,'4735',10000,'pend','TIGERT',to_date('06-JUN-16','DD-MON-RR'),'FRIELJ',to_timestamp('21-APR-16 01.00.00.000000000 AM','DD-MON-RR HH.MI.SSXFF AM'),'FRIELJ',to_timestamp('21-APR-16 10.20.50.489000000 AM','DD-MON-RR HH.MI.SSXFF AM'),null);
Insert into CSADMIN.TBL_PROPOSAL (PROPID,PROP_OFFER_TERM,PROP_BUDGET_REQUESTED,PROP_OFFER_STATUS,SUBMITTED_BY,SUBMIT_DATE,INSERT_BY,INSERT_DATE,MOD_BY,MOD_DATE,AWARD_TERM) values (67,'4735',10000,'pend','TIGERT',to_date('06-JUN-16','DD-MON-RR'),'FRIELJ',to_timestamp('21-APR-16 01.00.00.000000000 AM','DD-MON-RR HH.MI.SSXFF AM'),'FRIELJ',to_timestamp('21-APR-16 10.21.22.857000000 AM','DD-MON-RR HH.MI.SSXFF AM'),null);
Insert into CSADMIN.TBL_PROPOSAL (PROPID,PROP_OFFER_TERM,PROP_BUDGET_REQUESTED,PROP_OFFER_STATUS,SUBMITTED_BY,SUBMIT_DATE,INSERT_BY,INSERT_DATE,MOD_BY,MOD_DATE,AWARD_TERM) values (68,'4735',10000,'pend','TIGERT',to_date('06-JUN-16','DD-MON-RR'),'FRIELJ',to_timestamp('21-APR-16 01.00.00.000000000 AM','DD-MON-RR HH.MI.SSXFF AM'),'FRIELJ',to_timestamp('21-APR-16 10.22.26.099000000 AM','DD-MON-RR HH.MI.SSXFF AM'),null);
Insert into CSADMIN.TBL_PROPOSAL (PROPID,PROP_OFFER_TERM,PROP_BUDGET_REQUESTED,PROP_OFFER_STATUS,SUBMITTED_BY,SUBMIT_DATE,INSERT_BY,INSERT_DATE,MOD_BY,MOD_DATE,AWARD_TERM) values (69,'4735',10000,'pend','TIGERT',to_date('06-JUN-16','DD-MON-RR'),'FRIELJ',to_timestamp('21-APR-16 01.00.00.000000000 AM','DD-MON-RR HH.MI.SSXFF AM'),'FRIELJ',to_timestamp('21-APR-16 10.24.15.806000000 AM','DD-MON-RR HH.MI.SSXFF AM'),null);
Insert into CSADMIN.TBL_PROPOSAL (PROPID,PROP_OFFER_TERM,PROP_BUDGET_REQUESTED,PROP_OFFER_STATUS,SUBMITTED_BY,SUBMIT_DATE,INSERT_BY,INSERT_DATE,MOD_BY,MOD_DATE,AWARD_TERM) values (70,'4735',10000,'pend','TIGERT',to_date('06-JUN-16','DD-MON-RR'),'FRIELJ',to_timestamp('21-APR-16 01.00.00.000000000 AM','DD-MON-RR HH.MI.SSXFF AM'),'FRIELJ',to_timestamp('21-APR-16 10.25.53.787000000 AM','DD-MON-RR HH.MI.SSXFF AM'),null);
REM INSERTING into CSADMIN.TBL_PROP_FACULTY
SET DEFINE OFF;
REM INSERTING into CSADMIN.TBL_PROP_PRI_COURSES
SET DEFINE OFF;
Insert into CSADMIN.TBL_PROP_PRI_COURSES (PROPID,PRI_SEQ_NUM,INSTITUTION,CAREER,SUBJECT,CATALOG_NUM,DESCR,DESCR_TOPICS,ACAD_ORG,COURSE_STATUS,PRI_CRSE_BUDGET,MOD_BY,MOD_DATE) values (13,1,'COLUM','UGRD','Biology','5678','Test biology',null,null,null,null,'FRIELJ',to_timestamp('18-APR-16 09.26.44.206000000 PM','DD-MON-RR HH.MI.SSXFF AM'));
Insert into CSADMIN.TBL_PROP_PRI_COURSES (PROPID,PRI_SEQ_NUM,INSTITUTION,CAREER,SUBJECT,CATALOG_NUM,DESCR,DESCR_TOPICS,ACAD_ORG,COURSE_STATUS,PRI_CRSE_BUDGET,MOD_BY,MOD_DATE) values (14,3,'COLUM','UGRD','fjfjfjf','fjfjfjf','adskdskjdsfk;jlsdfkjl;dsf',null,null,null,null,'FRIELJ',to_timestamp('19-APR-16 09.24.18.667000000 AM','DD-MON-RR HH.MI.SSXFF AM'));
Insert into CSADMIN.TBL_PROP_PRI_COURSES (PROPID,PRI_SEQ_NUM,INSTITUTION,CAREER,SUBJECT,CATALOG_NUM,DESCR,DESCR_TOPICS,ACAD_ORG,COURSE_STATUS,PRI_CRSE_BUDGET,MOD_BY,MOD_DATE) values (102,23,'UMKC','UGRD','Engineering',null,'Test biology',null,null,'inact',null,'FRIELJ',to_timestamp('28-APR-16 04.13.15.176000000 PM','DD-MON-RR HH.MI.SSXFF AM'));
Insert into CSADMIN.TBL_PROP_PRI_COURSES (PROPID,PRI_SEQ_NUM,INSTITUTION,CAREER,SUBJECT,CATALOG_NUM,DESCR,DESCR_TOPICS,ACAD_ORG,COURSE_STATUS,PRI_CRSE_BUDGET,MOD_BY,MOD_DATE) values (102,24,'ROLLA','UGRD','adfdfsfdsa','adffdd','adsasdf','afasddf',null,'activ',null,'FRIELJ',to_timestamp('28-APR-16 04.13.49.037000000 PM','DD-MON-RR HH.MI.SSXFF AM'));
Insert into CSADMIN.TBL_PROP_PRI_COURSES (PROPID,PRI_SEQ_NUM,INSTITUTION,CAREER,SUBJECT,CATALOG_NUM,DESCR,DESCR_TOPICS,ACAD_ORG,COURSE_STATUS,PRI_CRSE_BUDGET,MOD_BY,MOD_DATE) values (2,41,'COLUM','UGRD','fgfdgdfsg',null,null,null,null,'activ',null,'FRIELJ',to_timestamp('01-MAY-16 12.56.58.989000000 PM','DD-MON-RR HH.MI.SSXFF AM'));
Insert into CSADMIN.TBL_PROP_PRI_COURSES (PROPID,PRI_SEQ_NUM,INSTITUTION,CAREER,SUBJECT,CATALOG_NUM,DESCR,DESCR_TOPICS,ACAD_ORG,COURSE_STATUS,PRI_CRSE_BUDGET,MOD_BY,MOD_DATE) values (2,42,'COLUM','UGRD','fgfdgdfsg',null,null,null,null,'activ',null,'FRIELJ',to_timestamp('01-MAY-16 02.14.26.110000000 PM','DD-MON-RR HH.MI.SSXFF AM'));
Insert into CSADMIN.TBL_PROP_PRI_COURSES (PROPID,PRI_SEQ_NUM,INSTITUTION,CAREER,SUBJECT,CATALOG_NUM,DESCR,DESCR_TOPICS,ACAD_ORG,COURSE_STATUS,PRI_CRSE_BUDGET,MOD_BY,MOD_DATE) values (13,2,'COLUM','UGRD','Biology','5678','Test biology',null,null,null,null,'FRIELJ',to_timestamp('18-APR-16 09.30.16.548000000 PM','DD-MON-RR HH.MI.SSXFF AM'));
Insert into CSADMIN.TBL_PROP_PRI_COURSES (PROPID,PRI_SEQ_NUM,INSTITUTION,CAREER,SUBJECT,CATALOG_NUM,DESCR,DESCR_TOPICS,ACAD_ORG,COURSE_STATUS,PRI_CRSE_BUDGET,MOD_BY,MOD_DATE) values (77,11,'COLUM','UGRD','ggggg','ggggg','hjjj','ffff',null,'activ',null,'FRIELJ',to_timestamp('22-APR-16 10.09.10.506000000 AM','DD-MON-RR HH.MI.SSXFF AM'));
Insert into CSADMIN.TBL_PROP_PRI_COURSES (PROPID,PRI_SEQ_NUM,INSTITUTION,CAREER,SUBJECT,CATALOG_NUM,DESCR,DESCR_TOPICS,ACAD_ORG,COURSE_STATUS,PRI_CRSE_BUDGET,MOD_BY,MOD_DATE) values (77,12,'COLUM','UGRD','ggggg','ggggg','hjjj','ffff',null,'activ',null,'FRIELJ',to_timestamp('22-APR-16 10.10.44.086000000 AM','DD-MON-RR HH.MI.SSXFF AM'));
Insert into CSADMIN.TBL_PROP_PRI_COURSES (PROPID,PRI_SEQ_NUM,INSTITUTION,CAREER,SUBJECT,CATALOG_NUM,DESCR,DESCR_TOPICS,ACAD_ORG,COURSE_STATUS,PRI_CRSE_BUDGET,MOD_BY,MOD_DATE) values (79,13,'COLUM','UGRD','gfdgfg','fgdfgdf',null,null,null,'activ',null,'FRIELJ',to_timestamp('24-APR-16 08.03.18.790000000 PM','DD-MON-RR HH.MI.SSXFF AM'));
Insert into CSADMIN.TBL_PROP_PRI_COURSES (PROPID,PRI_SEQ_NUM,INSTITUTION,CAREER,SUBJECT,CATALOG_NUM,DESCR,DESCR_TOPICS,ACAD_ORG,COURSE_STATUS,PRI_CRSE_BUDGET,MOD_BY,MOD_DATE) values (18,4,'COLUM','UGRD','English/History','1200/2300','This is english in the western world',null,null,null,null,'FRIELJ',to_timestamp('19-APR-16 07.55.30.605000000 PM','DD-MON-RR HH.MI.SSXFF AM'));
Insert into CSADMIN.TBL_PROP_PRI_COURSES (PROPID,PRI_SEQ_NUM,INSTITUTION,CAREER,SUBJECT,CATALOG_NUM,DESCR,DESCR_TOPICS,ACAD_ORG,COURSE_STATUS,PRI_CRSE_BUDGET,MOD_BY,MOD_DATE) values (18,5,'UMKC','UGRD','Math','1000','Math for dummies','Dummies for math',null,null,null,'FRIELJ',to_timestamp('19-APR-16 07.55.30.636000000 PM','DD-MON-RR HH.MI.SSXFF AM'));
Insert into CSADMIN.TBL_PROP_PRI_COURSES (PROPID,PRI_SEQ_NUM,INSTITUTION,CAREER,SUBJECT,CATALOG_NUM,DESCR,DESCR_TOPICS,ACAD_ORG,COURSE_STATUS,PRI_CRSE_BUDGET,MOD_BY,MOD_DATE) values (70,8,'COLUM','UGRD','dsffdff','fdffss','dkfjdsklffkj','dfkjdsfkl',null,'activ',null,'FRIELJ',to_timestamp('21-APR-16 11.46.01.633000000 AM','DD-MON-RR HH.MI.SSXFF AM'));
Insert into CSADMIN.TBL_PROP_PRI_COURSES (PROPID,PRI_SEQ_NUM,INSTITUTION,CAREER,SUBJECT,CATALOG_NUM,DESCR,DESCR_TOPICS,ACAD_ORG,COURSE_STATUS,PRI_CRSE_BUDGET,MOD_BY,MOD_DATE) values (70,9,'COLUM','UGRD','dsffdff','fdffss','dkfjdsklffkj','dfkjdsfkl',null,'activ',null,'FRIELJ',to_timestamp('21-APR-16 11.48.55.961000000 AM','DD-MON-RR HH.MI.SSXFF AM'));
Insert into CSADMIN.TBL_PROP_PRI_COURSES (PROPID,PRI_SEQ_NUM,INSTITUTION,CAREER,SUBJECT,CATALOG_NUM,DESCR,DESCR_TOPICS,ACAD_ORG,COURSE_STATUS,PRI_CRSE_BUDGET,MOD_BY,MOD_DATE) values (70,10,'COLUM','UGRD','dsffdff','fdffss','dkfjdsklffkj','dfkjdsfkl',null,'activ',null,'FRIELJ',to_timestamp('21-APR-16 12.41.52.515000000 PM','DD-MON-RR HH.MI.SSXFF AM'));
Insert into CSADMIN.TBL_PROP_PRI_COURSES (PROPID,PRI_SEQ_NUM,INSTITUTION,CAREER,SUBJECT,CATALOG_NUM,DESCR,DESCR_TOPICS,ACAD_ORG,COURSE_STATUS,PRI_CRSE_BUDGET,MOD_BY,MOD_DATE) values (101,21,'UMKC','GRAD','Engineering','1234','Test biology','ffff',null,'activ',null,'FRIELJ',to_timestamp('28-APR-16 03.54.55.500000000 PM','DD-MON-RR HH.MI.SSXFF AM'));
Insert into CSADMIN.TBL_PROP_PRI_COURSES (PROPID,PRI_SEQ_NUM,INSTITUTION,CAREER,SUBJECT,CATALOG_NUM,DESCR,DESCR_TOPICS,ACAD_ORG,COURSE_STATUS,PRI_CRSE_BUDGET,MOD_BY,MOD_DATE) values (3,22,'COLUM','GRAD',null,null,'fvfdsafdsf','addsfdsfd',null,'activ',null,'FRIELJ',to_timestamp('28-APR-16 03.56.47.906000000 PM','DD-MON-RR HH.MI.SSXFF AM'));
Insert into CSADMIN.TBL_PROP_PRI_COURSES (PROPID,PRI_SEQ_NUM,INSTITUTION,CAREER,SUBJECT,CATALOG_NUM,DESCR,DESCR_TOPICS,ACAD_ORG,COURSE_STATUS,PRI_CRSE_BUDGET,MOD_BY,MOD_DATE) values (1,62,'COLUM','GRAD','ESC_PS','4087/7087','Seminar in Educ,  School and Counseling  Psyc',null,null,'activ',5000,'FRIELJ',to_timestamp('03-MAY-16 03.21.32.235000000 PM','DD-MON-RR HH.MI.SSXFF AM'));
REM INSERTING into CSADMIN.TBL_PROP_SEC_COURSES
SET DEFINE OFF;
Insert into CSADMIN.TBL_PROP_SEC_COURSES (PROPID,PRI_SEQ_NUM,SEC_SEQ_NUM,INSTITUTION,CAREER,SUBJECT,CATALOG_NUM,DESCR,DESCR_TOPICS,ACAD_ORG,COURSE_STATUS,SEC_CRSE_BUDGET,MOD_BY,MOD_DATE) values (3,22,1,'COLUM','GRAD','afasdfdsa','sdadsfdsaf','asfsdafffsdaffasdfsdfsdfsdf','cxvzcxvcxcxv',null,'activ',null,'FRIELJ',to_timestamp('28-APR-16 04.00.09.856000000 PM','DD-MON-RR HH.MI.SSXFF AM'));
Insert into CSADMIN.TBL_PROP_SEC_COURSES (PROPID,PRI_SEQ_NUM,SEC_SEQ_NUM,INSTITUTION,CAREER,SUBJECT,CATALOG_NUM,DESCR,DESCR_TOPICS,ACAD_ORG,COURSE_STATUS,SEC_CRSE_BUDGET,MOD_BY,MOD_DATE) values (102,23,2,'COLUM','UGRD','dsfasfdf','adafdsf','dsadsfdsfdsf',null,null,'activ',null,'FRIELJ',to_timestamp('28-APR-16 04.16.28.818000000 PM','DD-MON-RR HH.MI.SSXFF AM'));
Insert into CSADMIN.TBL_PROP_SEC_COURSES (PROPID,PRI_SEQ_NUM,SEC_SEQ_NUM,INSTITUTION,CAREER,SUBJECT,CATALOG_NUM,DESCR,DESCR_TOPICS,ACAD_ORG,COURSE_STATUS,SEC_CRSE_BUDGET,MOD_BY,MOD_DATE) values (102,23,3,'UMSL','UGRD','adsfadsfdsf','asdfsdafsf','asdfdsafdsf','asfdsaf',null,'activ',null,'FRIELJ',to_timestamp('28-APR-16 04.17.20.441000000 PM','DD-MON-RR HH.MI.SSXFF AM'));
Insert into CSADMIN.TBL_PROP_SEC_COURSES (PROPID,PRI_SEQ_NUM,SEC_SEQ_NUM,INSTITUTION,CAREER,SUBJECT,CATALOG_NUM,DESCR,DESCR_TOPICS,ACAD_ORG,COURSE_STATUS,SEC_CRSE_BUDGET,MOD_BY,MOD_DATE) values (2,41,21,'COLUM','UGRD','asdfsdfd','asdfdsf','asdfdsfd',null,null,'activ',null,'FRIELJ',to_timestamp('02-MAY-16 01.21.50.992000000 PM','DD-MON-RR HH.MI.SSXFF AM'));
Insert into CSADMIN.TBL_PROP_SEC_COURSES (PROPID,PRI_SEQ_NUM,SEC_SEQ_NUM,INSTITUTION,CAREER,SUBJECT,CATALOG_NUM,DESCR,DESCR_TOPICS,ACAD_ORG,COURSE_STATUS,SEC_CRSE_BUDGET,MOD_BY,MOD_DATE) values (1,62,41,'UMSL','GRAD','Psych','4210/7210','Topics in Psychology','Evidence-based  Approaches to Positive Youth  Dev',null,'activ',5000,'FRIELJ',to_timestamp('04-MAY-16 08.06.12.917000000 AM','DD-MON-RR HH.MI.SSXFF AM'));
REM INSERTING into CSADMIN.TBL_SHARED_PRI_COURSES
SET DEFINE OFF;
Insert into CSADMIN.TBL_SHARED_PRI_COURSES (PROPID,PRI_COURSE_ID,INSTITUTION,CAREER,SUBJECT,CATALOG_NUM,DESCR,DESCR_TOPICS,CLASS_NBR,STRM,CLASS_SECTION,MOD_BY,MOD_DATE) values (2,'100224','KCITY',null,'ENT',' 315','SS2014',null,33295,'4235','0002','FRIELJ',to_timestamp('04-MAY-16 08.40.26.554000000 AM','DD-MON-RR HH.MI.SSXFF AM'));
Insert into CSADMIN.TBL_SHARED_PRI_COURSES (PROPID,PRI_COURSE_ID,INSTITUTION,CAREER,SUBJECT,CATALOG_NUM,DESCR,DESCR_TOPICS,CLASS_NBR,STRM,CLASS_SECTION,MOD_BY,MOD_DATE) values (4,'008107','KCITY',null,'GEOLOGY',' 417','SS2016',null,30656,'4435','0009','FRIELJ',to_timestamp('04-MAY-16 10.48.36.988000000 AM','DD-MON-RR HH.MI.SSXFF AM'));
Insert into CSADMIN.TBL_SHARED_PRI_COURSES (PROPID,PRI_COURSE_ID,INSTITUTION,CAREER,SUBJECT,CATALOG_NUM,DESCR,DESCR_TOPICS,CLASS_NBR,STRM,CLASS_SECTION,MOD_BY,MOD_DATE) values (2,'019043','COLUM',null,'NURSE','8020','FS2016',null,66787,'4443','01','FRIELJ',to_timestamp('04-MAY-16 08.41.44.435000000 AM','DD-MON-RR HH.MI.SSXFF AM'));
Insert into CSADMIN.TBL_SHARED_PRI_COURSES (PROPID,PRI_COURSE_ID,INSTITUTION,CAREER,SUBJECT,CATALOG_NUM,DESCR,DESCR_TOPICS,CLASS_NBR,STRM,CLASS_SECTION,MOD_BY,MOD_DATE) values (1,'100637','KCITY',null,'ECON',' 341','FS2016',null,46896,'4443','0001','FRIELJ',to_timestamp('04-MAY-16 04.28.07.352000000 PM','DD-MON-RR HH.MI.SSXFF AM'));
REM INSERTING into CSADMIN.TBL_SHARED_SEC_COURSES
SET DEFINE OFF;
Insert into CSADMIN.TBL_SHARED_SEC_COURSES (PROPID,PRI_COURSE_ID,SEC_COURSE_ID,INSTITUTION,CAREER,SUBJECT,CATALOG_NUM,DESCR,DESCR_TOPICS,CLASS_NBR,STRM,CLASS_SECTION,MOD_BY,MOD_DATE) values (4,'008107','001115','ROLLA',null,'HISTORY','2001',null,null,71225,'4435','1A4','FRIELJ',to_timestamp('04-MAY-16 10.49.29.675000000 AM','DD-MON-RR HH.MI.SSXFF AM'));
Insert into CSADMIN.TBL_SHARED_SEC_COURSES (PROPID,PRI_COURSE_ID,SEC_COURSE_ID,INSTITUTION,CAREER,SUBJECT,CATALOG_NUM,DESCR,DESCR_TOPICS,CLASS_NBR,STRM,CLASS_SECTION,MOD_BY,MOD_DATE) values (2,'019043','100860','KCITY',null,'ACCTNG','5587',null,null,47183,'4443','0002','FRIELJ',to_timestamp('04-MAY-16 08.42.17.270000000 AM','DD-MON-RR HH.MI.SSXFF AM'));
Insert into CSADMIN.TBL_SHARED_SEC_COURSES (PROPID,PRI_COURSE_ID,SEC_COURSE_ID,INSTITUTION,CAREER,SUBJECT,CATALOG_NUM,DESCR,DESCR_TOPICS,CLASS_NBR,STRM,CLASS_SECTION,MOD_BY,MOD_DATE) values (1,'100637','013515','COLUM',null,'SOC_WK','7001',null,null,64699,'4443','01','FRIELJ',to_timestamp('04-MAY-16 04.28.39.807000000 PM','DD-MON-RR HH.MI.SSXFF AM'));
REM INSERTING into CSADMIN.TBL_TERM
SET DEFINE OFF;
Insert into CSADMIN.TBL_TERM (STRM,DESCR,DESCRSHORT,ACAD_YEAR) values ('4227','2014 Spring Semester','SP2014','2014');
Insert into CSADMIN.TBL_TERM (STRM,DESCR,DESCRSHORT,ACAD_YEAR) values ('4235','2014 Summer Semester','SS2014','2015');
Insert into CSADMIN.TBL_TERM (STRM,DESCR,DESCRSHORT,ACAD_YEAR) values ('4243','2014 Fall Semester','FS2014','2015');
Insert into CSADMIN.TBL_TERM (STRM,DESCR,DESCRSHORT,ACAD_YEAR) values ('4427','2016 Spring Semester','SP2016','2016');
Insert into CSADMIN.TBL_TERM (STRM,DESCR,DESCRSHORT,ACAD_YEAR) values ('4527','2017 Spring Semester','SP2017','2017');
Insert into CSADMIN.TBL_TERM (STRM,DESCR,DESCRSHORT,ACAD_YEAR) values ('4327','2015 Spring Semester','SP2015','2015');
Insert into CSADMIN.TBL_TERM (STRM,DESCR,DESCRSHORT,ACAD_YEAR) values ('4335','2015 Summer Semester','SS2015','2016');
Insert into CSADMIN.TBL_TERM (STRM,DESCR,DESCRSHORT,ACAD_YEAR) values ('4343','2015 Fall Semester','FS2015','2016');
Insert into CSADMIN.TBL_TERM (STRM,DESCR,DESCRSHORT,ACAD_YEAR) values ('4435','2016 Summer Semester','SS2016','2017');
Insert into CSADMIN.TBL_TERM (STRM,DESCR,DESCRSHORT,ACAD_YEAR) values ('4443','2016 Fall Semester','FS2016','2017');
Insert into CSADMIN.TBL_TERM (STRM,DESCR,DESCRSHORT,ACAD_YEAR) values ('4535','2017 Summer Semester','SS2017','2018');
Insert into CSADMIN.TBL_TERM (STRM,DESCR,DESCRSHORT,ACAD_YEAR) values ('4543','2017 Fall Semester','FS2017','2018');
Insert into CSADMIN.TBL_TERM (STRM,DESCR,DESCRSHORT,ACAD_YEAR) values ('4627','2018 Spring Semester','SP2018','2018');
Insert into CSADMIN.TBL_TERM (STRM,DESCR,DESCRSHORT,ACAD_YEAR) values ('4735','2019 Summer Semester','SS2019','2020');
Insert into CSADMIN.TBL_TERM (STRM,DESCR,DESCRSHORT,ACAD_YEAR) values ('4635','2018 Summer Semester','SS2018','2019');
Insert into CSADMIN.TBL_TERM (STRM,DESCR,DESCRSHORT,ACAD_YEAR) values ('4643','2018 Fall Semester','FS2018','2019');
Insert into CSADMIN.TBL_TERM (STRM,DESCR,DESCRSHORT,ACAD_YEAR) values ('4727','2019 Spring Semester','SP2019','2019');
Insert into CSADMIN.TBL_TERM (STRM,DESCR,DESCRSHORT,ACAD_YEAR) values ('4743','2019 Fall Semester','FS2019','2020');
REM INSERTING into CSADMIN.TBL_USERS
SET DEFINE OFF;
Insert into CSADMIN.TBL_USERS (USER_ID,LAST_NAME,FIRST_NAME,TITLE,PHONE,EMAIL,EMPLID) values ('FRIELJ','Friel','Jeffrey','Faculty','5738829464','frielj@missouri.edu','12345678');
Insert into CSADMIN.TBL_USERS (USER_ID,LAST_NAME,FIRST_NAME,TITLE,PHONE,EMAIL,EMPLID) values ('TIGERT','Tiger','Truman','Course Coordinator','5738829464','tigert@missouri.edu','23456789');
REM INSERTING into BBCRSSHARE.CRS_XREF
SET DEFINE OFF;
Insert into BBCRSSHARE.CRS_XREF (PRI_INSTITUTION,PRI_STRM,PRI_CLASS_NBR,SEC_INSTITUTION,SEC_STRM,SEC_CLASS_NBR) values ('KCITY','4327',15093,'STLOU','4327',14847);
Insert into BBCRSSHARE.CRS_XREF (PRI_INSTITUTION,PRI_STRM,PRI_CLASS_NBR,SEC_INSTITUTION,SEC_STRM,SEC_CLASS_NBR) values ('STLOU','4327',13633,'KCITY','4327',17668);
Insert into BBCRSSHARE.CRS_XREF (PRI_INSTITUTION,PRI_STRM,PRI_CLASS_NBR,SEC_INSTITUTION,SEC_STRM,SEC_CLASS_NBR) values ('ROLLA','4327',73094,'KCITY','4327',17688);
Insert into BBCRSSHARE.CRS_XREF (PRI_INSTITUTION,PRI_STRM,PRI_CLASS_NBR,SEC_INSTITUTION,SEC_STRM,SEC_CLASS_NBR) values ('ROLLA','4327',70500,'KCITY','4327',17925);
Insert into BBCRSSHARE.CRS_XREF (PRI_INSTITUTION,PRI_STRM,PRI_CLASS_NBR,SEC_INSTITUTION,SEC_STRM,SEC_CLASS_NBR) values ('ROLLA','4327',71125,'KCITY','4327',17925);
Insert into BBCRSSHARE.CRS_XREF (PRI_INSTITUTION,PRI_STRM,PRI_CLASS_NBR,SEC_INSTITUTION,SEC_STRM,SEC_CLASS_NBR) values ('KCITY','4327',17657,'ROLLA','4327',73151);
Insert into BBCRSSHARE.CRS_XREF (PRI_INSTITUTION,PRI_STRM,PRI_CLASS_NBR,SEC_INSTITUTION,SEC_STRM,SEC_CLASS_NBR) values ('STLOU','4327',12813,'ROLLA','4327',73176);
Insert into BBCRSSHARE.CRS_XREF (PRI_INSTITUTION,PRI_STRM,PRI_CLASS_NBR,SEC_INSTITUTION,SEC_STRM,SEC_CLASS_NBR) values ('ROLLA','4327',73177,'STLOU','4327',14787);
Insert into BBCRSSHARE.CRS_XREF (PRI_INSTITUTION,PRI_STRM,PRI_CLASS_NBR,SEC_INSTITUTION,SEC_STRM,SEC_CLASS_NBR) values ('ROLLA','4327',72125,'STLOU','4327',14788);
Insert into BBCRSSHARE.CRS_XREF (PRI_INSTITUTION,PRI_STRM,PRI_CLASS_NBR,SEC_INSTITUTION,SEC_STRM,SEC_CLASS_NBR) values ('ROLLA','4327',73001,'STLOU','4327',14789);
Insert into BBCRSSHARE.CRS_XREF (PRI_INSTITUTION,PRI_STRM,PRI_CLASS_NBR,SEC_INSTITUTION,SEC_STRM,SEC_CLASS_NBR) values ('STLOU','4327',14507,'ROLLA','4327',73454);
Insert into BBCRSSHARE.CRS_XREF (PRI_INSTITUTION,PRI_STRM,PRI_CLASS_NBR,SEC_INSTITUTION,SEC_STRM,SEC_CLASS_NBR) values ('STLOU','4327',14513,'ROLLA','4327',73452);
Insert into BBCRSSHARE.CRS_XREF (PRI_INSTITUTION,PRI_STRM,PRI_CLASS_NBR,SEC_INSTITUTION,SEC_STRM,SEC_CLASS_NBR) values ('STLOU','4327',14514,'ROLLA','4327',73452);
Insert into BBCRSSHARE.CRS_XREF (PRI_INSTITUTION,PRI_STRM,PRI_CLASS_NBR,SEC_INSTITUTION,SEC_STRM,SEC_CLASS_NBR) values ('STLOU','4327',14544,'ROLLA','4327',73454);
Insert into BBCRSSHARE.CRS_XREF (PRI_INSTITUTION,PRI_STRM,PRI_CLASS_NBR,SEC_INSTITUTION,SEC_STRM,SEC_CLASS_NBR) values ('ROLLA','4327',73094,'KCITY','4327',17438);
Insert into BBCRSSHARE.CRS_XREF (PRI_INSTITUTION,PRI_STRM,PRI_CLASS_NBR,SEC_INSTITUTION,SEC_STRM,SEC_CLASS_NBR) values ('ROLLA','4327',73094,'COLUM','4327',53055);
Insert into BBCRSSHARE.CRS_XREF (PRI_INSTITUTION,PRI_STRM,PRI_CLASS_NBR,SEC_INSTITUTION,SEC_STRM,SEC_CLASS_NBR) values ('ROLLA','4327',73094,'COLUM','4327',55457);
Insert into BBCRSSHARE.CRS_XREF (PRI_INSTITUTION,PRI_STRM,PRI_CLASS_NBR,SEC_INSTITUTION,SEC_STRM,SEC_CLASS_NBR) values ('STLOU','4327',14383,'ROLLA','4327',73294);
Insert into BBCRSSHARE.CRS_XREF (PRI_INSTITUTION,PRI_STRM,PRI_CLASS_NBR,SEC_INSTITUTION,SEC_STRM,SEC_CLASS_NBR) values ('STLOU','4327',13541,'ROLLA','4327',73316);
Insert into BBCRSSHARE.CRS_XREF (PRI_INSTITUTION,PRI_STRM,PRI_CLASS_NBR,SEC_INSTITUTION,SEC_STRM,SEC_CLASS_NBR) values ('STLOU','4327',12994,'ROLLA','4327',73317);
Insert into BBCRSSHARE.CRS_XREF (PRI_INSTITUTION,PRI_STRM,PRI_CLASS_NBR,SEC_INSTITUTION,SEC_STRM,SEC_CLASS_NBR) values ('STLOU','4343',11829,'ROLLA','4343',72764);
Insert into BBCRSSHARE.CRS_XREF (PRI_INSTITUTION,PRI_STRM,PRI_CLASS_NBR,SEC_INSTITUTION,SEC_STRM,SEC_CLASS_NBR) values ('COLUM','4343',68409,'STLOU','4343',15525);
Insert into BBCRSSHARE.CRS_XREF (PRI_INSTITUTION,PRI_STRM,PRI_CLASS_NBR,SEC_INSTITUTION,SEC_STRM,SEC_CLASS_NBR) values ('ROLLA','4343',70347,'COLUM','4343',62887);
Insert into BBCRSSHARE.CRS_XREF (PRI_INSTITUTION,PRI_STRM,PRI_CLASS_NBR,SEC_INSTITUTION,SEC_STRM,SEC_CLASS_NBR) values ('ROLLA','4343',73467,'STLOU','4343',15301);
Insert into BBCRSSHARE.CRS_XREF (PRI_INSTITUTION,PRI_STRM,PRI_CLASS_NBR,SEC_INSTITUTION,SEC_STRM,SEC_CLASS_NBR) values ('ROLLA','4343',73467,'STLOU','4343',13353);
Insert into BBCRSSHARE.CRS_XREF (PRI_INSTITUTION,PRI_STRM,PRI_CLASS_NBR,SEC_INSTITUTION,SEC_STRM,SEC_CLASS_NBR) values ('ROLLA','4343',73470,'STLOU','4343',15302);
Insert into BBCRSSHARE.CRS_XREF (PRI_INSTITUTION,PRI_STRM,PRI_CLASS_NBR,SEC_INSTITUTION,SEC_STRM,SEC_CLASS_NBR) values ('ROLLA','4343',72077,'STLOU','4343',14996);
Insert into BBCRSSHARE.CRS_XREF (PRI_INSTITUTION,PRI_STRM,PRI_CLASS_NBR,SEC_INSTITUTION,SEC_STRM,SEC_CLASS_NBR) values ('ROLLA','4343',72077,'STLOU','4343',15002);
Insert into BBCRSSHARE.CRS_XREF (PRI_INSTITUTION,PRI_STRM,PRI_CLASS_NBR,SEC_INSTITUTION,SEC_STRM,SEC_CLASS_NBR) values ('ROLLA','4343',71736,'STLOU','4343',15133);
Insert into BBCRSSHARE.CRS_XREF (PRI_INSTITUTION,PRI_STRM,PRI_CLASS_NBR,SEC_INSTITUTION,SEC_STRM,SEC_CLASS_NBR) values ('ROLLA','4343',73291,'STLOU','4343',15150);
Insert into BBCRSSHARE.CRS_XREF (PRI_INSTITUTION,PRI_STRM,PRI_CLASS_NBR,SEC_INSTITUTION,SEC_STRM,SEC_CLASS_NBR) values ('STLOU','4343',15405,'COLUM','4343',68420);
Insert into BBCRSSHARE.CRS_XREF (PRI_INSTITUTION,PRI_STRM,PRI_CLASS_NBR,SEC_INSTITUTION,SEC_STRM,SEC_CLASS_NBR) values ('STLOU','4343',15405,'COLUM','4343',68421);
Insert into BBCRSSHARE.CRS_XREF (PRI_INSTITUTION,PRI_STRM,PRI_CLASS_NBR,SEC_INSTITUTION,SEC_STRM,SEC_CLASS_NBR) values ('STLOU','4343',15405,'COLUM','4343',68422);
Insert into BBCRSSHARE.CRS_XREF (PRI_INSTITUTION,PRI_STRM,PRI_CLASS_NBR,SEC_INSTITUTION,SEC_STRM,SEC_CLASS_NBR) values ('STLOU','4343',15405,'COLUM','4343',68423);
Insert into BBCRSSHARE.CRS_XREF (PRI_INSTITUTION,PRI_STRM,PRI_CLASS_NBR,SEC_INSTITUTION,SEC_STRM,SEC_CLASS_NBR) values ('STLOU','4343',15405,'COLUM','4343',68424);
Insert into BBCRSSHARE.CRS_XREF (PRI_INSTITUTION,PRI_STRM,PRI_CLASS_NBR,SEC_INSTITUTION,SEC_STRM,SEC_CLASS_NBR) values ('STLOU','4343',15131,'ROLLA','4343',73521);
Insert into BBCRSSHARE.CRS_XREF (PRI_INSTITUTION,PRI_STRM,PRI_CLASS_NBR,SEC_INSTITUTION,SEC_STRM,SEC_CLASS_NBR) values ('STLOU','4343',15464,'COLUM','4343',67209);
Insert into BBCRSSHARE.CRS_XREF (PRI_INSTITUTION,PRI_STRM,PRI_CLASS_NBR,SEC_INSTITUTION,SEC_STRM,SEC_CLASS_NBR) values ('STLOU','4343',15464,'COLUM','4343',67222);
Insert into BBCRSSHARE.CRS_XREF (PRI_INSTITUTION,PRI_STRM,PRI_CLASS_NBR,SEC_INSTITUTION,SEC_STRM,SEC_CLASS_NBR) values ('STLOU','4343',15464,'COLUM','4343',68488);
Insert into BBCRSSHARE.CRS_XREF (PRI_INSTITUTION,PRI_STRM,PRI_CLASS_NBR,SEC_INSTITUTION,SEC_STRM,SEC_CLASS_NBR) values ('STLOU','4343',15464,'COLUM','4343',68489);
Insert into BBCRSSHARE.CRS_XREF (PRI_INSTITUTION,PRI_STRM,PRI_CLASS_NBR,SEC_INSTITUTION,SEC_STRM,SEC_CLASS_NBR) values ('STLOU','4343',15464,'COLUM','4343',68490);
Insert into BBCRSSHARE.CRS_XREF (PRI_INSTITUTION,PRI_STRM,PRI_CLASS_NBR,SEC_INSTITUTION,SEC_STRM,SEC_CLASS_NBR) values ('STLOU','4343',15054,'ROLLA','4343',73613);
Insert into BBCRSSHARE.CRS_XREF (PRI_INSTITUTION,PRI_STRM,PRI_CLASS_NBR,SEC_INSTITUTION,SEC_STRM,SEC_CLASS_NBR) values ('STLOU','4343',13353,'ROLLA','4343',73615);
Insert into BBCRSSHARE.CRS_XREF (PRI_INSTITUTION,PRI_STRM,PRI_CLASS_NBR,SEC_INSTITUTION,SEC_STRM,SEC_CLASS_NBR) values ('STLOU','4343',14207,'ROLLA','4343',73614);
Insert into BBCRSSHARE.CRS_XREF (PRI_INSTITUTION,PRI_STRM,PRI_CLASS_NBR,SEC_INSTITUTION,SEC_STRM,SEC_CLASS_NBR) values ('STLOU','4343',13599,'ROLLA','4343',73252);
Insert into BBCRSSHARE.CRS_XREF (PRI_INSTITUTION,PRI_STRM,PRI_CLASS_NBR,SEC_INSTITUTION,SEC_STRM,SEC_CLASS_NBR) values ('STLOU','4343',13033,'KCITY','4343',48436);
Insert into BBCRSSHARE.CRS_XREF (PRI_INSTITUTION,PRI_STRM,PRI_CLASS_NBR,SEC_INSTITUTION,SEC_STRM,SEC_CLASS_NBR) values ('STLOU','4343',14969,'KCITY','4343',47773);
Insert into BBCRSSHARE.CRS_XREF (PRI_INSTITUTION,PRI_STRM,PRI_CLASS_NBR,SEC_INSTITUTION,SEC_STRM,SEC_CLASS_NBR) values ('STLOU','4343',14969,'KCITY','4343',46768);
Insert into BBCRSSHARE.CRS_XREF (PRI_INSTITUTION,PRI_STRM,PRI_CLASS_NBR,SEC_INSTITUTION,SEC_STRM,SEC_CLASS_NBR) values ('KCITY','4343',47813,'STLOU','4343',14976);
Insert into BBCRSSHARE.CRS_XREF (PRI_INSTITUTION,PRI_STRM,PRI_CLASS_NBR,SEC_INSTITUTION,SEC_STRM,SEC_CLASS_NBR) values ('COLUM','4343',66760,'ROLLA','4343',73616);
Insert into BBCRSSHARE.CRS_XREF (PRI_INSTITUTION,PRI_STRM,PRI_CLASS_NBR,SEC_INSTITUTION,SEC_STRM,SEC_CLASS_NBR) values ('COLUM','4343',67161,'STLOU','4343',14646);
Insert into BBCRSSHARE.CRS_XREF (PRI_INSTITUTION,PRI_STRM,PRI_CLASS_NBR,SEC_INSTITUTION,SEC_STRM,SEC_CLASS_NBR) values ('ROLLA','4427',72560,'COLUM','4427',56979);
Insert into BBCRSSHARE.CRS_XREF (PRI_INSTITUTION,PRI_STRM,PRI_CLASS_NBR,SEC_INSTITUTION,SEC_STRM,SEC_CLASS_NBR) values ('STLOU','4427',11840,'KCITY','4427',18214);
Insert into BBCRSSHARE.CRS_XREF (PRI_INSTITUTION,PRI_STRM,PRI_CLASS_NBR,SEC_INSTITUTION,SEC_STRM,SEC_CLASS_NBR) values ('ROLLA','4427',72560,'COLUM','4427',54609);
Insert into BBCRSSHARE.CRS_XREF (PRI_INSTITUTION,PRI_STRM,PRI_CLASS_NBR,SEC_INSTITUTION,SEC_STRM,SEC_CLASS_NBR) values ('STLOU','4427',11840,'KCITY','4427',17821);
Insert into BBCRSSHARE.CRS_XREF (PRI_INSTITUTION,PRI_STRM,PRI_CLASS_NBR,SEC_INSTITUTION,SEC_STRM,SEC_CLASS_NBR) values ('STLOU','4427',11840,'KCITY','4427',17822);
Insert into BBCRSSHARE.CRS_XREF (PRI_INSTITUTION,PRI_STRM,PRI_CLASS_NBR,SEC_INSTITUTION,SEC_STRM,SEC_CLASS_NBR) values ('STLOU','4427',21867,'COLUM','4427',67694);
Insert into BBCRSSHARE.CRS_XREF (PRI_INSTITUTION,PRI_STRM,PRI_CLASS_NBR,SEC_INSTITUTION,SEC_STRM,SEC_CLASS_NBR) values ('STLOU','4427',21866,'COLUM','4427',67691);
Insert into BBCRSSHARE.CRS_XREF (PRI_INSTITUTION,PRI_STRM,PRI_CLASS_NBR,SEC_INSTITUTION,SEC_STRM,SEC_CLASS_NBR) values ('STLOU','4427',21867,'COLUM','4427',67692);
Insert into BBCRSSHARE.CRS_XREF (PRI_INSTITUTION,PRI_STRM,PRI_CLASS_NBR,SEC_INSTITUTION,SEC_STRM,SEC_CLASS_NBR) values ('STLOU','4427',21866,'COLUM','4427',67693);
Insert into BBCRSSHARE.CRS_XREF (PRI_INSTITUTION,PRI_STRM,PRI_CLASS_NBR,SEC_INSTITUTION,SEC_STRM,SEC_CLASS_NBR) values ('STLOU','4427',11574,'ROLLA','4427',73320);
Insert into BBCRSSHARE.CRS_XREF (PRI_INSTITUTION,PRI_STRM,PRI_CLASS_NBR,SEC_INSTITUTION,SEC_STRM,SEC_CLASS_NBR) values ('STLOU','4427',22018,'ROLLA','4427',73511);
Insert into BBCRSSHARE.CRS_XREF (PRI_INSTITUTION,PRI_STRM,PRI_CLASS_NBR,SEC_INSTITUTION,SEC_STRM,SEC_CLASS_NBR) values ('ROLLA','4427',73135,'STLOU','4427',22218);
Insert into BBCRSSHARE.CRS_XREF (PRI_INSTITUTION,PRI_STRM,PRI_CLASS_NBR,SEC_INSTITUTION,SEC_STRM,SEC_CLASS_NBR) values ('STLOU','4427',11588,'ROLLA','4427',72641);
Insert into BBCRSSHARE.CRS_XREF (PRI_INSTITUTION,PRI_STRM,PRI_CLASS_NBR,SEC_INSTITUTION,SEC_STRM,SEC_CLASS_NBR) values ('STLOU','4427',11593,'ROLLA','4427',73439);
Insert into BBCRSSHARE.CRS_XREF (PRI_INSTITUTION,PRI_STRM,PRI_CLASS_NBR,SEC_INSTITUTION,SEC_STRM,SEC_CLASS_NBR) values ('COLUM','4427',67362,'STLOU','4427',22495);
Insert into BBCRSSHARE.CRS_XREF (PRI_INSTITUTION,PRI_STRM,PRI_CLASS_NBR,SEC_INSTITUTION,SEC_STRM,SEC_CLASS_NBR) values ('ROLLA','4427',73395,'STLOU','4427',22019);
Insert into BBCRSSHARE.CRS_XREF (PRI_INSTITUTION,PRI_STRM,PRI_CLASS_NBR,SEC_INSTITUTION,SEC_STRM,SEC_CLASS_NBR) values ('ROLLA','4427',73323,'STLOU','4427',22218);
Insert into BBCRSSHARE.CRS_XREF (PRI_INSTITUTION,PRI_STRM,PRI_CLASS_NBR,SEC_INSTITUTION,SEC_STRM,SEC_CLASS_NBR) values ('ROLLA','4427',73323,'STLOU','4427',22219);
Insert into BBCRSSHARE.CRS_XREF (PRI_INSTITUTION,PRI_STRM,PRI_CLASS_NBR,SEC_INSTITUTION,SEC_STRM,SEC_CLASS_NBR) values ('KCITY','4427',17813,'STLOU','4427',11913);
Insert into BBCRSSHARE.CRS_XREF (PRI_INSTITUTION,PRI_STRM,PRI_CLASS_NBR,SEC_INSTITUTION,SEC_STRM,SEC_CLASS_NBR) values ('COLUM','4443',66787,'KCITY','4443',47183);
Insert into BBCRSSHARE.CRS_XREF (PRI_INSTITUTION,PRI_STRM,PRI_CLASS_NBR,SEC_INSTITUTION,SEC_STRM,SEC_CLASS_NBR) values ('KCITY','4443',46896,'COLUM','4443',64699);
Insert into BBCRSSHARE.CRS_XREF (PRI_INSTITUTION,PRI_STRM,PRI_CLASS_NBR,SEC_INSTITUTION,SEC_STRM,SEC_CLASS_NBR) values ('KCITY','4443',46896,'COLUM','4443',64699);
Insert into BBCRSSHARE.CRS_XREF (PRI_INSTITUTION,PRI_STRM,PRI_CLASS_NBR,SEC_INSTITUTION,SEC_STRM,SEC_CLASS_NBR) values (null,null,null,null,null,null);
REM INSERTING into BBCRSSHARE.CS_PRI_CRSE
SET DEFINE OFF;
Insert into BBCRSSHARE.CS_PRI_CRSE (INSTITUTION,CRSE_ID,SUBJECT,CATALOG_NBR,CLASS_NBR,CLASS_SECTION,STRM,DESCRSHORT,LOAD_DTTM_PC,LASTUPDDTTM_PC) values ('KCITY','104486','E&C-ENGR','5590NT',46580,'0001','4243','FS2014',to_date('04-APR-16','DD-MON-RR'),to_date('04-APR-16','DD-MON-RR'));
Insert into BBCRSSHARE.CS_PRI_CRSE (INSTITUTION,CRSE_ID,SUBJECT,CATALOG_NBR,CLASS_NBR,CLASS_SECTION,STRM,DESCRSHORT,LOAD_DTTM_PC,LASTUPDDTTM_PC) values ('KCITY','100075','ENT',' 215',33294,'0002','4235','SS2014',to_date('04-APR-16','DD-MON-RR'),to_date('04-APR-16','DD-MON-RR'));
Insert into BBCRSSHARE.CS_PRI_CRSE (INSTITUTION,CRSE_ID,SUBJECT,CATALOG_NBR,CLASS_NBR,CLASS_SECTION,STRM,DESCRSHORT,LOAD_DTTM_PC,LASTUPDDTTM_PC) values ('KCITY','100224','ENT',' 315',33295,'0002','4235','SS2014',to_date('04-APR-16','DD-MON-RR'),to_date('04-APR-16','DD-MON-RR'));
Insert into BBCRSSHARE.CS_PRI_CRSE (INSTITUTION,CRSE_ID,SUBJECT,CATALOG_NBR,CLASS_NBR,CLASS_SECTION,STRM,DESCRSHORT,LOAD_DTTM_PC,LASTUPDDTTM_PC) values ('KCITY','006890','E&C-ENGR','5664',17657,'0001','4327','SP2015',to_date('04-APR-16','DD-MON-RR'),to_date('04-APR-16','DD-MON-RR'));
Insert into BBCRSSHARE.CS_PRI_CRSE (INSTITUTION,CRSE_ID,SUBJECT,CATALOG_NBR,CLASS_NBR,CLASS_SECTION,STRM,DESCRSHORT,LOAD_DTTM_PC,LASTUPDDTTM_PC) values ('KCITY','100075','ENT',' 215',33104,'0001','4335','SS2015',to_date('04-APR-16','DD-MON-RR'),to_date('04-APR-16','DD-MON-RR'));
Insert into BBCRSSHARE.CS_PRI_CRSE (INSTITUTION,CRSE_ID,SUBJECT,CATALOG_NBR,CLASS_NBR,CLASS_SECTION,STRM,DESCRSHORT,LOAD_DTTM_PC,LASTUPDDTTM_PC) values ('KCITY','100224','ENT',' 315',33105,'0001','4335','SS2015',to_date('04-APR-16','DD-MON-RR'),to_date('04-APR-16','DD-MON-RR'));
Insert into BBCRSSHARE.CS_PRI_CRSE (INSTITUTION,CRSE_ID,SUBJECT,CATALOG_NBR,CLASS_NBR,CLASS_SECTION,STRM,DESCRSHORT,LOAD_DTTM_PC,LASTUPDDTTM_PC) values ('KCITY','103952','BIOLOGY',' 319',15093,'0001','4327','SP2015',to_date('04-APR-16','DD-MON-RR'),to_date('04-APR-16','DD-MON-RR'));
Insert into BBCRSSHARE.CS_PRI_CRSE (INSTITUTION,CRSE_ID,SUBJECT,CATALOG_NBR,CLASS_NBR,CLASS_SECTION,STRM,DESCRSHORT,LOAD_DTTM_PC,LASTUPDDTTM_PC) values ('KCITY','100637','ECON',' 341',46896,'0001','4443','FS2016',to_date('04-APR-16','DD-MON-RR'),to_date('04-APR-16','DD-MON-RR'));
Insert into BBCRSSHARE.CS_PRI_CRSE (INSTITUTION,CRSE_ID,SUBJECT,CATALOG_NBR,CLASS_NBR,CLASS_SECTION,STRM,DESCRSHORT,LOAD_DTTM_PC,LASTUPDDTTM_PC) values ('KCITY','103952','BIOLOGY',' 319',14314,'0001','4427','SP2016',to_date('04-APR-16','DD-MON-RR'),to_date('04-APR-16','DD-MON-RR'));
Insert into BBCRSSHARE.CS_PRI_CRSE (INSTITUTION,CRSE_ID,SUBJECT,CATALOG_NBR,CLASS_NBR,CLASS_SECTION,STRM,DESCRSHORT,LOAD_DTTM_PC,LASTUPDDTTM_PC) values ('KCITY','101397','HISTORY','5500BB',33309,'0001','4435','SS2016',to_date('04-APR-16','DD-MON-RR'),to_date('04-APR-16','DD-MON-RR'));
Insert into BBCRSSHARE.CS_PRI_CRSE (INSTITUTION,CRSE_ID,SUBJECT,CATALOG_NBR,CLASS_NBR,CLASS_SECTION,STRM,DESCRSHORT,LOAD_DTTM_PC,LASTUPDDTTM_PC) values ('KCITY','008819','HISTORY',' 400B',33310,'0001','4435','SS2016',to_date('04-APR-16','DD-MON-RR'),to_date('04-APR-16','DD-MON-RR'));
Insert into BBCRSSHARE.CS_PRI_CRSE (INSTITUTION,CRSE_ID,SUBJECT,CATALOG_NBR,CLASS_NBR,CLASS_SECTION,STRM,DESCRSHORT,LOAD_DTTM_PC,LASTUPDDTTM_PC) values ('KCITY','008107','GEOLOGY',' 417',30656,'0009','4435','SS2016',to_date('04-APR-16','DD-MON-RR'),to_date('04-APR-16','DD-MON-RR'));
Insert into BBCRSSHARE.CS_PRI_CRSE (INSTITUTION,CRSE_ID,SUBJECT,CATALOG_NBR,CLASS_NBR,CLASS_SECTION,STRM,DESCRSHORT,LOAD_DTTM_PC,LASTUPDDTTM_PC) values ('KCITY','008781','HISTORY',' 366RR',17813,'0001','4427','SP2016',to_date('04-APR-16','DD-MON-RR'),to_date('04-APR-16','DD-MON-RR'));
Insert into BBCRSSHARE.CS_PRI_CRSE (INSTITUTION,CRSE_ID,SUBJECT,CATALOG_NBR,CLASS_NBR,CLASS_SECTION,STRM,DESCRSHORT,LOAD_DTTM_PC,LASTUPDDTTM_PC) values ('KCITY','100637','ECON',' 341',47813,'0001','4343','FS2015',to_date('04-APR-16','DD-MON-RR'),to_date('04-APR-16','DD-MON-RR'));
Insert into BBCRSSHARE.CS_PRI_CRSE (INSTITUTION,CRSE_ID,SUBJECT,CATALOG_NBR,CLASS_NBR,CLASS_SECTION,STRM,DESCRSHORT,LOAD_DTTM_PC,LASTUPDDTTM_PC) values ('KCITY','100226','ENGLISH','5560',33308,'0002','4435','SS2016',to_date('04-APR-16','DD-MON-RR'),to_date('04-APR-16','DD-MON-RR'));
Insert into BBCRSSHARE.CS_PRI_CRSE (INSTITUTION,CRSE_ID,SUBJECT,CATALOG_NBR,CLASS_NBR,CLASS_SECTION,STRM,DESCRSHORT,LOAD_DTTM_PC,LASTUPDDTTM_PC) values ('KCITY','103952','BIOLOGY',' 319',14134,'0001','4527','SP2017',to_date('04-APR-16','DD-MON-RR'),to_date('04-APR-16','DD-MON-RR'));
Insert into BBCRSSHARE.CS_PRI_CRSE (INSTITUTION,CRSE_ID,SUBJECT,CATALOG_NBR,CLASS_NBR,CLASS_SECTION,STRM,DESCRSHORT,LOAD_DTTM_PC,LASTUPDDTTM_PC) values ('KCITY','008781','HISTORY',' 366RR',16933,'0001','4527','SP2017',to_date('04-APR-16','DD-MON-RR'),to_date('04-APR-16','DD-MON-RR'));
Insert into BBCRSSHARE.CS_PRI_CRSE (INSTITUTION,CRSE_ID,SUBJECT,CATALOG_NBR,CLASS_NBR,CLASS_SECTION,STRM,DESCRSHORT,LOAD_DTTM_PC,LASTUPDDTTM_PC) values ('KCITY','100075','ENT',' 215',32591,'0001','4435','SS2016',to_date('04-APR-16','DD-MON-RR'),to_date('04-APR-16','DD-MON-RR'));
Insert into BBCRSSHARE.CS_PRI_CRSE (INSTITUTION,CRSE_ID,SUBJECT,CATALOG_NBR,CLASS_NBR,CLASS_SECTION,STRM,DESCRSHORT,LOAD_DTTM_PC,LASTUPDDTTM_PC) values ('KCITY','100224','ENT',' 315',32592,'0001','4435','SS2016',to_date('04-APR-16','DD-MON-RR'),to_date('04-APR-16','DD-MON-RR'));
Insert into BBCRSSHARE.CS_PRI_CRSE (INSTITUTION,CRSE_ID,SUBJECT,CATALOG_NBR,CLASS_NBR,CLASS_SECTION,STRM,DESCRSHORT,LOAD_DTTM_PC,LASTUPDDTTM_PC) values ('KCITY','007203','ENGLISH',' 450',33307,'0002','4435','SS2016',to_date('04-APR-16','DD-MON-RR'),to_date('04-APR-16','DD-MON-RR'));
Insert into BBCRSSHARE.CS_PRI_CRSE (INSTITUTION,CRSE_ID,SUBJECT,CATALOG_NBR,CLASS_NBR,CLASS_SECTION,STRM,DESCRSHORT,LOAD_DTTM_PC,LASTUPDDTTM_PC) values ('ROLLA','000394','CIV ENG','4448',70333,'1A','4443','FS2016',to_date('04-APR-16','DD-MON-RR'),to_date('04-APR-16','DD-MON-RR'));
Insert into BBCRSSHARE.CS_PRI_CRSE (INSTITUTION,CRSE_ID,SUBJECT,CATALOG_NBR,CLASS_NBR,CLASS_SECTION,STRM,DESCRSHORT,LOAD_DTTM_PC,LASTUPDDTTM_PC) values ('ROLLA','000394','CIV ENG','4448',70347,'1A','4343','FS2015',to_date('04-APR-16','DD-MON-RR'),to_date('04-APR-16','DD-MON-RR'));
Insert into BBCRSSHARE.CS_PRI_CRSE (INSTITUTION,CRSE_ID,SUBJECT,CATALOG_NBR,CLASS_NBR,CLASS_SECTION,STRM,DESCRSHORT,LOAD_DTTM_PC,LASTUPDDTTM_PC) values ('ROLLA','000394','CIV ENG','4448',70351,'1A','4243','FS2014',to_date('04-APR-16','DD-MON-RR'),to_date('04-APR-16','DD-MON-RR'));
Insert into BBCRSSHARE.CS_PRI_CRSE (INSTITUTION,CRSE_ID,SUBJECT,CATALOG_NBR,CLASS_NBR,CLASS_SECTION,STRM,DESCRSHORT,LOAD_DTTM_PC,LASTUPDDTTM_PC) values ('ROLLA','000394','CIV ENG','4448',72201,'1MSU','4243','FS2014',to_date('04-APR-16','DD-MON-RR'),to_date('04-APR-16','DD-MON-RR'));
Insert into BBCRSSHARE.CS_PRI_CRSE (INSTITUTION,CRSE_ID,SUBJECT,CATALOG_NBR,CLASS_NBR,CLASS_SECTION,STRM,DESCRSHORT,LOAD_DTTM_PC,LASTUPDDTTM_PC) values ('ROLLA','300634','TCH COM','5560',73323,'1B','4427','SP2016',to_date('04-APR-16','DD-MON-RR'),to_date('04-APR-16','DD-MON-RR'));
Insert into BBCRSSHARE.CS_PRI_CRSE (INSTITUTION,CRSE_ID,SUBJECT,CATALOG_NBR,CLASS_NBR,CLASS_SECTION,STRM,DESCRSHORT,LOAD_DTTM_PC,LASTUPDDTTM_PC) values ('ROLLA','300708','COMP SCI','5803',71974,'1A','4443','FS2016',to_date('04-APR-16','DD-MON-RR'),to_date('04-APR-16','DD-MON-RR'));
Insert into BBCRSSHARE.CS_PRI_CRSE (INSTITUTION,CRSE_ID,SUBJECT,CATALOG_NBR,CLASS_NBR,CLASS_SECTION,STRM,DESCRSHORT,LOAD_DTTM_PC,LASTUPDDTTM_PC) values ('ROLLA','300747','TCH COM','5530',73315,'1A','4443','FS2016',to_date('04-APR-16','DD-MON-RR'),to_date('04-APR-16','DD-MON-RR'));
Insert into BBCRSSHARE.CS_PRI_CRSE (INSTITUTION,CRSE_ID,SUBJECT,CATALOG_NBR,CLASS_NBR,CLASS_SECTION,STRM,DESCRSHORT,LOAD_DTTM_PC,LASTUPDDTTM_PC) values ('ROLLA','300747','TCH COM','5530',73316,'1B','4443','FS2016',to_date('04-APR-16','DD-MON-RR'),to_date('04-APR-16','DD-MON-RR'));
Insert into BBCRSSHARE.CS_PRI_CRSE (INSTITUTION,CRSE_ID,SUBJECT,CATALOG_NBR,CLASS_NBR,CLASS_SECTION,STRM,DESCRSHORT,LOAD_DTTM_PC,LASTUPDDTTM_PC) values ('ROLLA','001126','HISTORY','4550',71909,'1A','4443','FS2016',to_date('04-APR-16','DD-MON-RR'),to_date('04-APR-16','DD-MON-RR'));
Insert into BBCRSSHARE.CS_PRI_CRSE (INSTITUTION,CRSE_ID,SUBJECT,CATALOG_NBR,CLASS_NBR,CLASS_SECTION,STRM,DESCRSHORT,LOAD_DTTM_PC,LASTUPDDTTM_PC) values ('ROLLA','001126','HISTORY','3550',72077,'1A','4343','FS2015',to_date('04-APR-16','DD-MON-RR'),to_date('04-APR-16','DD-MON-RR'));
Insert into BBCRSSHARE.CS_PRI_CRSE (INSTITUTION,CRSE_ID,SUBJECT,CATALOG_NBR,CLASS_NBR,CLASS_SECTION,STRM,DESCRSHORT,LOAD_DTTM_PC,LASTUPDDTTM_PC) values ('ROLLA','001660','PHYSICS','4503',73590,'1A','4443','FS2016',to_date('04-APR-16','DD-MON-RR'),to_date('04-APR-16','DD-MON-RR'));
Insert into BBCRSSHARE.CS_PRI_CRSE (INSTITUTION,CRSE_ID,SUBJECT,CATALOG_NBR,CLASS_NBR,CLASS_SECTION,STRM,DESCRSHORT,LOAD_DTTM_PC,LASTUPDDTTM_PC) values ('ROLLA','001660','PHYSICS','4503',73150,'1A','4243','FS2014',to_date('04-APR-16','DD-MON-RR'),to_date('04-APR-16','DD-MON-RR'));
Insert into BBCRSSHARE.CS_PRI_CRSE (INSTITUTION,CRSE_ID,SUBJECT,CATALOG_NBR,CLASS_NBR,CLASS_SECTION,STRM,DESCRSHORT,LOAD_DTTM_PC,LASTUPDDTTM_PC) values ('ROLLA','001676','PHYSICS','6301',71598,'1A','4443','FS2016',to_date('04-APR-16','DD-MON-RR'),to_date('04-APR-16','DD-MON-RR'));
Insert into BBCRSSHARE.CS_PRI_CRSE (INSTITUTION,CRSE_ID,SUBJECT,CATALOG_NBR,CLASS_NBR,CLASS_SECTION,STRM,DESCRSHORT,LOAD_DTTM_PC,LASTUPDDTTM_PC) values ('ROLLA','001676','PHYSICS','6301',71736,'1A','4343','FS2015',to_date('04-APR-16','DD-MON-RR'),to_date('04-APR-16','DD-MON-RR'));
Insert into BBCRSSHARE.CS_PRI_CRSE (INSTITUTION,CRSE_ID,SUBJECT,CATALOG_NBR,CLASS_NBR,CLASS_SECTION,STRM,DESCRSHORT,LOAD_DTTM_PC,LASTUPDDTTM_PC) values ('ROLLA','003224','PHILOS','3001',73395,'1A','4427','SP2016',to_date('04-APR-16','DD-MON-RR'),to_date('04-APR-16','DD-MON-RR'));
Insert into BBCRSSHARE.CS_PRI_CRSE (INSTITUTION,CRSE_ID,SUBJECT,CATALOG_NBR,CLASS_NBR,CLASS_SECTION,STRM,DESCRSHORT,LOAD_DTTM_PC,LASTUPDDTTM_PC) values ('ROLLA','003268','PHILOS','3205',73300,'1A','4327','SP2015',to_date('04-APR-16','DD-MON-RR'),to_date('04-APR-16','DD-MON-RR'));
Insert into BBCRSSHARE.CS_PRI_CRSE (INSTITUTION,CRSE_ID,SUBJECT,CATALOG_NBR,CLASS_NBR,CLASS_SECTION,STRM,DESCRSHORT,LOAD_DTTM_PC,LASTUPDDTTM_PC) values ('ROLLA','300120','TCH COM','2560',72125,'1A','4327','SP2015',to_date('04-APR-16','DD-MON-RR'),to_date('04-APR-16','DD-MON-RR'));
Insert into BBCRSSHARE.CS_PRI_CRSE (INSTITUTION,CRSE_ID,SUBJECT,CATALOG_NBR,CLASS_NBR,CLASS_SECTION,STRM,DESCRSHORT,LOAD_DTTM_PC,LASTUPDDTTM_PC) values ('ROLLA','300121','TCH COM','1600',73177,'1C','4327','SP2015',to_date('04-APR-16','DD-MON-RR'),to_date('04-APR-16','DD-MON-RR'));
Insert into BBCRSSHARE.CS_PRI_CRSE (INSTITUTION,CRSE_ID,SUBJECT,CATALOG_NBR,CLASS_NBR,CLASS_SECTION,STRM,DESCRSHORT,LOAD_DTTM_PC,LASTUPDDTTM_PC) values ('ROLLA','300130','TCH COM','5001',73441,'1A','4427','SP2016',to_date('04-APR-16','DD-MON-RR'),to_date('04-APR-16','DD-MON-RR'));
Insert into BBCRSSHARE.CS_PRI_CRSE (INSTITUTION,CRSE_ID,SUBJECT,CATALOG_NBR,CLASS_NBR,CLASS_SECTION,STRM,DESCRSHORT,LOAD_DTTM_PC,LASTUPDDTTM_PC) values ('ROLLA','300130','TCH COM','5001',73442,'1DIS','4427','SP2016',to_date('04-APR-16','DD-MON-RR'),to_date('04-APR-16','DD-MON-RR'));
Insert into BBCRSSHARE.CS_PRI_CRSE (INSTITUTION,CRSE_ID,SUBJECT,CATALOG_NBR,CLASS_NBR,CLASS_SECTION,STRM,DESCRSHORT,LOAD_DTTM_PC,LASTUPDDTTM_PC) values ('ROLLA','300147','TCH COM','5510',73135,'1A','4427','SP2016',to_date('04-APR-16','DD-MON-RR'),to_date('04-APR-16','DD-MON-RR'));
Insert into BBCRSSHARE.CS_PRI_CRSE (INSTITUTION,CRSE_ID,SUBJECT,CATALOG_NBR,CLASS_NBR,CLASS_SECTION,STRM,DESCRSHORT,LOAD_DTTM_PC,LASTUPDDTTM_PC) values ('ROLLA','300393','TCH COM','4550',73470,'1A','4343','FS2015',to_date('04-APR-16','DD-MON-RR'),to_date('04-APR-16','DD-MON-RR'));
Insert into BBCRSSHARE.CS_PRI_CRSE (INSTITUTION,CRSE_ID,SUBJECT,CATALOG_NBR,CLASS_NBR,CLASS_SECTION,STRM,DESCRSHORT,LOAD_DTTM_PC,LASTUPDDTTM_PC) values ('ROLLA','301143','MATH','6602',72560,'1A','4427','SP2016',to_date('04-APR-16','DD-MON-RR'),to_date('04-APR-16','DD-MON-RR'));
Insert into BBCRSSHARE.CS_PRI_CRSE (INSTITUTION,CRSE_ID,SUBJECT,CATALOG_NBR,CLASS_NBR,CLASS_SECTION,STRM,DESCRSHORT,LOAD_DTTM_PC,LASTUPDDTTM_PC) values ('ROLLA','301143','MATH','6602',73094,'1A','4327','SP2015',to_date('04-APR-16','DD-MON-RR'),to_date('04-APR-16','DD-MON-RR'));
Insert into BBCRSSHARE.CS_PRI_CRSE (INSTITUTION,CRSE_ID,SUBJECT,CATALOG_NBR,CLASS_NBR,CLASS_SECTION,STRM,DESCRSHORT,LOAD_DTTM_PC,LASTUPDDTTM_PC) values ('ROLLA','301230','PHILOS','1130',73383,'1A','4443','FS2016',to_date('04-APR-16','DD-MON-RR'),to_date('04-APR-16','DD-MON-RR'));
Insert into BBCRSSHARE.CS_PRI_CRSE (INSTITUTION,CRSE_ID,SUBJECT,CATALOG_NBR,CLASS_NBR,CLASS_SECTION,STRM,DESCRSHORT,LOAD_DTTM_PC,LASTUPDDTTM_PC) values ('ROLLA','300817','TCH COM','4450',73467,'1A','4343','FS2015',to_date('04-APR-16','DD-MON-RR'),to_date('04-APR-16','DD-MON-RR'));
Insert into BBCRSSHARE.CS_PRI_CRSE (INSTITUTION,CRSE_ID,SUBJECT,CATALOG_NBR,CLASS_NBR,CLASS_SECTION,STRM,DESCRSHORT,LOAD_DTTM_PC,LASTUPDDTTM_PC) values ('ROLLA','300825','TCH COM','4520',73001,'1B','4327','SP2015',to_date('04-APR-16','DD-MON-RR'),to_date('04-APR-16','DD-MON-RR'));
Insert into BBCRSSHARE.CS_PRI_CRSE (INSTITUTION,CRSE_ID,SUBJECT,CATALOG_NBR,CLASS_NBR,CLASS_SECTION,STRM,DESCRSHORT,LOAD_DTTM_PC,LASTUPDDTTM_PC) values ('ROLLA','000705','ELEC ENG','5200',73592,'1A','4443','FS2016',to_date('04-APR-16','DD-MON-RR'),to_date('04-APR-16','DD-MON-RR'));
Insert into BBCRSSHARE.CS_PRI_CRSE (INSTITUTION,CRSE_ID,SUBJECT,CATALOG_NBR,CLASS_NBR,CLASS_SECTION,STRM,DESCRSHORT,LOAD_DTTM_PC,LASTUPDDTTM_PC) values ('ROLLA','000726','ELEC ENG','5600',70593,'1A','4243','FS2014',to_date('04-APR-16','DD-MON-RR'),to_date('04-APR-16','DD-MON-RR'));
Insert into BBCRSSHARE.CS_PRI_CRSE (INSTITUTION,CRSE_ID,SUBJECT,CATALOG_NBR,CLASS_NBR,CLASS_SECTION,STRM,DESCRSHORT,LOAD_DTTM_PC,LASTUPDDTTM_PC) values ('ROLLA','000726','ELEC ENG','5600',72357,'1DIS','4243','FS2014',to_date('04-APR-16','DD-MON-RR'),to_date('04-APR-16','DD-MON-RR'));
Insert into BBCRSSHARE.CS_PRI_CRSE (INSTITUTION,CRSE_ID,SUBJECT,CATALOG_NBR,CLASS_NBR,CLASS_SECTION,STRM,DESCRSHORT,LOAD_DTTM_PC,LASTUPDDTTM_PC) values ('ROLLA','000727','ELEC ENG','5620',70500,'1A','4327','SP2015',to_date('04-APR-16','DD-MON-RR'),to_date('04-APR-16','DD-MON-RR'));
Insert into BBCRSSHARE.CS_PRI_CRSE (INSTITUTION,CRSE_ID,SUBJECT,CATALOG_NBR,CLASS_NBR,CLASS_SECTION,STRM,DESCRSHORT,LOAD_DTTM_PC,LASTUPDDTTM_PC) values ('ROLLA','000727','ELEC ENG','5620',71125,'1DIS','4327','SP2015',to_date('04-APR-16','DD-MON-RR'),to_date('04-APR-16','DD-MON-RR'));
Insert into BBCRSSHARE.CS_PRI_CRSE (INSTITUTION,CRSE_ID,SUBJECT,CATALOG_NBR,CLASS_NBR,CLASS_SECTION,STRM,DESCRSHORT,LOAD_DTTM_PC,LASTUPDDTTM_PC) values ('STLOU','103882','ENGL','3160',12994,'002','4327','SP2015',to_date('04-APR-16','DD-MON-RR'),to_date('04-APR-16','DD-MON-RR'));
Insert into BBCRSSHARE.CS_PRI_CRSE (INSTITUTION,CRSE_ID,SUBJECT,CATALOG_NBR,CLASS_NBR,CLASS_SECTION,STRM,DESCRSHORT,LOAD_DTTM_PC,LASTUPDDTTM_PC) values ('STLOU','111228','SOC WK','6220',15216,'G01','4243','FS2014',to_date('04-APR-16','DD-MON-RR'),to_date('04-APR-16','DD-MON-RR'));
Insert into BBCRSSHARE.CS_PRI_CRSE (INSTITUTION,CRSE_ID,SUBJECT,CATALOG_NBR,CLASS_NBR,CLASS_SECTION,STRM,DESCRSHORT,LOAD_DTTM_PC,LASTUPDDTTM_PC) values ('STLOU','103877','ENGL','3130',12813,'003','4327','SP2015',to_date('04-APR-16','DD-MON-RR'),to_date('04-APR-16','DD-MON-RR'));
Insert into BBCRSSHARE.CS_PRI_CRSE (INSTITUTION,CRSE_ID,SUBJECT,CATALOG_NBR,CLASS_NBR,CLASS_SECTION,STRM,DESCRSHORT,LOAD_DTTM_PC,LASTUPDDTTM_PC) values ('STLOU','111115','SOC','3280',14514,'002','4327','SP2015',to_date('04-APR-16','DD-MON-RR'),to_date('04-APR-16','DD-MON-RR'));
Insert into BBCRSSHARE.CS_PRI_CRSE (INSTITUTION,CRSE_ID,SUBJECT,CATALOG_NBR,CLASS_NBR,CLASS_SECTION,STRM,DESCRSHORT,LOAD_DTTM_PC,LASTUPDDTTM_PC) values ('STLOU','111292','SOC','4280',14544,'001','4327','SP2015',to_date('04-APR-16','DD-MON-RR'),to_date('04-APR-16','DD-MON-RR'));
Insert into BBCRSSHARE.CS_PRI_CRSE (INSTITUTION,CRSE_ID,SUBJECT,CATALOG_NBR,CLASS_NBR,CLASS_SECTION,STRM,DESCRSHORT,LOAD_DTTM_PC,LASTUPDDTTM_PC) values ('STLOU','100382','ANTHRO','3291',14513,'004','4327','SP2015',to_date('04-APR-16','DD-MON-RR'),to_date('04-APR-16','DD-MON-RR'));
Insert into BBCRSSHARE.CS_PRI_CRSE (INSTITUTION,CRSE_ID,SUBJECT,CATALOG_NBR,CLASS_NBR,CLASS_SECTION,STRM,DESCRSHORT,LOAD_DTTM_PC,LASTUPDDTTM_PC) values ('STLOU','103875','ENGL','3120',13541,'010','4327','SP2015',to_date('04-APR-16','DD-MON-RR'),to_date('04-APR-16','DD-MON-RR'));
Insert into BBCRSSHARE.CS_PRI_CRSE (INSTITUTION,CRSE_ID,SUBJECT,CATALOG_NBR,CLASS_NBR,CLASS_SECTION,STRM,DESCRSHORT,LOAD_DTTM_PC,LASTUPDDTTM_PC) values ('STLOU','110540','ANTHRO','2192',14507,'004','4327','SP2015',to_date('04-APR-16','DD-MON-RR'),to_date('04-APR-16','DD-MON-RR'));
Insert into BBCRSSHARE.CS_PRI_CRSE (INSTITUTION,CRSE_ID,SUBJECT,CATALOG_NBR,CLASS_NBR,CLASS_SECTION,STRM,DESCRSHORT,LOAD_DTTM_PC,LASTUPDDTTM_PC) values ('STLOU','104007','ENGL','4870',15054,'001','4343','FS2015',to_date('04-APR-16','DD-MON-RR'),to_date('04-APR-16','DD-MON-RR'));
Insert into BBCRSSHARE.CS_PRI_CRSE (INSTITUTION,CRSE_ID,SUBJECT,CATALOG_NBR,CLASS_NBR,CLASS_SECTION,STRM,DESCRSHORT,LOAD_DTTM_PC,LASTUPDDTTM_PC) values ('STLOU','107343','PHIL','3380',11829,'002','4343','FS2015',to_date('04-APR-16','DD-MON-RR'),to_date('04-APR-16','DD-MON-RR'));
Insert into BBCRSSHARE.CS_PRI_CRSE (INSTITUTION,CRSE_ID,SUBJECT,CATALOG_NBR,CLASS_NBR,CLASS_SECTION,STRM,DESCRSHORT,LOAD_DTTM_PC,LASTUPDDTTM_PC) values ('STLOU','111288','PHIL','2380',14383,'001','4327','SP2015',to_date('04-APR-16','DD-MON-RR'),to_date('04-APR-16','DD-MON-RR'));
Insert into BBCRSSHARE.CS_PRI_CRSE (INSTITUTION,CRSE_ID,SUBJECT,CATALOG_NBR,CLASS_NBR,CLASS_SECTION,STRM,DESCRSHORT,LOAD_DTTM_PC,LASTUPDDTTM_PC) values ('STLOU','103953','ENGL','4160',13353,'002','4343','FS2015',to_date('04-APR-16','DD-MON-RR'),to_date('04-APR-16','DD-MON-RR'));
Insert into BBCRSSHARE.CS_PRI_CRSE (INSTITUTION,CRSE_ID,SUBJECT,CATALOG_NBR,CLASS_NBR,CLASS_SECTION,STRM,DESCRSHORT,LOAD_DTTM_PC,LASTUPDDTTM_PC) values ('STLOU','110834','BIOL','4270',13633,'E01','4327','SP2015',to_date('04-APR-16','DD-MON-RR'),to_date('04-APR-16','DD-MON-RR'));
Insert into BBCRSSHARE.CS_PRI_CRSE (INSTITUTION,CRSE_ID,SUBJECT,CATALOG_NBR,CLASS_NBR,CLASS_SECTION,STRM,DESCRSHORT,LOAD_DTTM_PC,LASTUPDDTTM_PC) values ('STLOU','109114','SOC WK','6443',15405,'G02','4343','FS2015',to_date('04-APR-16','DD-MON-RR'),to_date('04-APR-16','DD-MON-RR'));
Insert into BBCRSSHARE.CS_PRI_CRSE (INSTITUTION,CRSE_ID,SUBJECT,CATALOG_NBR,CLASS_NBR,CLASS_SECTION,STRM,DESCRSHORT,LOAD_DTTM_PC,LASTUPDDTTM_PC) values ('STLOU','107757','PHYSICS','4370',15131,'001','4343','FS2015',to_date('04-APR-16','DD-MON-RR'),to_date('04-APR-16','DD-MON-RR'));
Insert into BBCRSSHARE.CS_PRI_CRSE (INSTITUTION,CRSE_ID,SUBJECT,CATALOG_NBR,CLASS_NBR,CLASS_SECTION,STRM,DESCRSHORT,LOAD_DTTM_PC,LASTUPDDTTM_PC) values ('STLOU','111228','SOC WK','6220',15464,'G01','4343','FS2015',to_date('04-APR-16','DD-MON-RR'),to_date('04-APR-16','DD-MON-RR'));
Insert into BBCRSSHARE.CS_PRI_CRSE (INSTITUTION,CRSE_ID,SUBJECT,CATALOG_NBR,CLASS_NBR,CLASS_SECTION,STRM,DESCRSHORT,LOAD_DTTM_PC,LASTUPDDTTM_PC) values ('STLOU','107863','POL SCI','1450',14969,'001','4343','FS2015',to_date('04-APR-16','DD-MON-RR'),to_date('04-APR-16','DD-MON-RR'));
Insert into BBCRSSHARE.CS_PRI_CRSE (INSTITUTION,CRSE_ID,SUBJECT,CATALOG_NBR,CLASS_NBR,CLASS_SECTION,STRM,DESCRSHORT,LOAD_DTTM_PC,LASTUPDDTTM_PC) values ('STLOU','110729','ACCTNG','5406',13033,'G01','4343','FS2015',to_date('04-APR-16','DD-MON-RR'),to_date('04-APR-16','DD-MON-RR'));
Insert into BBCRSSHARE.CS_PRI_CRSE (INSTITUTION,CRSE_ID,SUBJECT,CATALOG_NBR,CLASS_NBR,CLASS_SECTION,STRM,DESCRSHORT,LOAD_DTTM_PC,LASTUPDDTTM_PC) values ('STLOU','103875','ENGL','3120',11574,'014','4427','SP2016',to_date('04-APR-16','DD-MON-RR'),to_date('04-APR-16','DD-MON-RR'));
Insert into BBCRSSHARE.CS_PRI_CRSE (INSTITUTION,CRSE_ID,SUBJECT,CATALOG_NBR,CLASS_NBR,CLASS_SECTION,STRM,DESCRSHORT,LOAD_DTTM_PC,LASTUPDDTTM_PC) values ('STLOU','103877','ENGL','3130',13599,'005','4343','FS2015',to_date('04-APR-16','DD-MON-RR'),to_date('04-APR-16','DD-MON-RR'));
Insert into BBCRSSHARE.CS_PRI_CRSE (INSTITUTION,CRSE_ID,SUBJECT,CATALOG_NBR,CLASS_NBR,CLASS_SECTION,STRM,DESCRSHORT,LOAD_DTTM_PC,LASTUPDDTTM_PC) values ('STLOU','103882','ENGL','3160',14207,'003','4343','FS2015',to_date('04-APR-16','DD-MON-RR'),to_date('04-APR-16','DD-MON-RR'));
Insert into BBCRSSHARE.CS_PRI_CRSE (INSTITUTION,CRSE_ID,SUBJECT,CATALOG_NBR,CLASS_NBR,CLASS_SECTION,STRM,DESCRSHORT,LOAD_DTTM_PC,LASTUPDDTTM_PC) values ('STLOU','103877','ENGL','3130',11588,'003','4427','SP2016',to_date('04-APR-16','DD-MON-RR'),to_date('04-APR-16','DD-MON-RR'));
Insert into BBCRSSHARE.CS_PRI_CRSE (INSTITUTION,CRSE_ID,SUBJECT,CATALOG_NBR,CLASS_NBR,CLASS_SECTION,STRM,DESCRSHORT,LOAD_DTTM_PC,LASTUPDDTTM_PC) values ('STLOU','109114','SOC WK','6443',15031,'G01','4443','FS2016',to_date('04-APR-16','DD-MON-RR'),to_date('04-APR-16','DD-MON-RR'));
Insert into BBCRSSHARE.CS_PRI_CRSE (INSTITUTION,CRSE_ID,SUBJECT,CATALOG_NBR,CLASS_NBR,CLASS_SECTION,STRM,DESCRSHORT,LOAD_DTTM_PC,LASTUPDDTTM_PC) values ('STLOU','108017','POL SCI','3470',12801,'001','4443','FS2016',to_date('04-APR-16','DD-MON-RR'),to_date('04-APR-16','DD-MON-RR'));
Insert into BBCRSSHARE.CS_PRI_CRSE (INSTITUTION,CRSE_ID,SUBJECT,CATALOG_NBR,CLASS_NBR,CLASS_SECTION,STRM,DESCRSHORT,LOAD_DTTM_PC,LASTUPDDTTM_PC) values ('STLOU','107974','POL SCI','3220',11840,'001','4427','SP2016',to_date('04-APR-16','DD-MON-RR'),to_date('04-APR-16','DD-MON-RR'));
Insert into BBCRSSHARE.CS_PRI_CRSE (INSTITUTION,CRSE_ID,SUBJECT,CATALOG_NBR,CLASS_NBR,CLASS_SECTION,STRM,DESCRSHORT,LOAD_DTTM_PC,LASTUPDDTTM_PC) values ('STLOU','103882','ENGL','3160',11593,'003','4427','SP2016',to_date('04-APR-16','DD-MON-RR'),to_date('04-APR-16','DD-MON-RR'));
Insert into BBCRSSHARE.CS_PRI_CRSE (INSTITUTION,CRSE_ID,SUBJECT,CATALOG_NBR,CLASS_NBR,CLASS_SECTION,STRM,DESCRSHORT,LOAD_DTTM_PC,LASTUPDDTTM_PC) values ('STLOU','103953','ENGL','4160',22217,'005','4427','SP2016',to_date('04-APR-16','DD-MON-RR'),to_date('04-APR-16','DD-MON-RR'));
Insert into BBCRSSHARE.CS_PRI_CRSE (INSTITUTION,CRSE_ID,SUBJECT,CATALOG_NBR,CLASS_NBR,CLASS_SECTION,STRM,DESCRSHORT,LOAD_DTTM_PC,LASTUPDDTTM_PC) values ('STLOU','111456','FGN LANG','4100',21866,'001','4427','SP2016',to_date('04-APR-16','DD-MON-RR'),to_date('04-APR-16','DD-MON-RR'));
Insert into BBCRSSHARE.CS_PRI_CRSE (INSTITUTION,CRSE_ID,SUBJECT,CATALOG_NBR,CLASS_NBR,CLASS_SECTION,STRM,DESCRSHORT,LOAD_DTTM_PC,LASTUPDDTTM_PC) values ('STLOU','111457','FGN LANG','5100',21867,'G01','4427','SP2016',to_date('04-APR-16','DD-MON-RR'),to_date('04-APR-16','DD-MON-RR'));
Insert into BBCRSSHARE.CS_PRI_CRSE (INSTITUTION,CRSE_ID,SUBJECT,CATALOG_NBR,CLASS_NBR,CLASS_SECTION,STRM,DESCRSHORT,LOAD_DTTM_PC,LASTUPDDTTM_PC) values ('STLOU','111165','MVS','2100',11612,'001','4435','SS2016',to_date('04-APR-16','DD-MON-RR'),to_date('04-APR-16','DD-MON-RR'));
Insert into BBCRSSHARE.CS_PRI_CRSE (INSTITUTION,CRSE_ID,SUBJECT,CATALOG_NBR,CLASS_NBR,CLASS_SECTION,STRM,DESCRSHORT,LOAD_DTTM_PC,LASTUPDDTTM_PC) values ('STLOU','111288','PHIL','2380',22018,'001','4427','SP2016',to_date('04-APR-16','DD-MON-RR'),to_date('04-APR-16','DD-MON-RR'));
Insert into BBCRSSHARE.CS_PRI_CRSE (INSTITUTION,CRSE_ID,SUBJECT,CATALOG_NBR,CLASS_NBR,CLASS_SECTION,STRM,DESCRSHORT,LOAD_DTTM_PC,LASTUPDDTTM_PC) values ('STLOU','103877','ENGL','3130',13852,'003','4443','FS2016',to_date('04-APR-16','DD-MON-RR'),to_date('04-APR-16','DD-MON-RR'));
Insert into BBCRSSHARE.CS_PRI_CRSE (INSTITUTION,CRSE_ID,SUBJECT,CATALOG_NBR,CLASS_NBR,CLASS_SECTION,STRM,DESCRSHORT,LOAD_DTTM_PC,LASTUPDDTTM_PC) values ('STLOU','103882','ENGL','3160',13855,'002','4443','FS2016',to_date('04-APR-16','DD-MON-RR'),to_date('04-APR-16','DD-MON-RR'));
Insert into BBCRSSHARE.CS_PRI_CRSE (INSTITUTION,CRSE_ID,SUBJECT,CATALOG_NBR,CLASS_NBR,CLASS_SECTION,STRM,DESCRSHORT,LOAD_DTTM_PC,LASTUPDDTTM_PC) values ('STLOU','111228','SOC WK','6220',15042,'G01','4443','FS2016',to_date('04-APR-16','DD-MON-RR'),to_date('04-APR-16','DD-MON-RR'));
Insert into BBCRSSHARE.CS_PRI_CRSE (INSTITUTION,CRSE_ID,SUBJECT,CATALOG_NBR,CLASS_NBR,CLASS_SECTION,STRM,DESCRSHORT,LOAD_DTTM_PC,LASTUPDDTTM_PC) values ('STLOU','108015','POL SCI','3460',12800,'001','4443','FS2016',to_date('04-APR-16','DD-MON-RR'),to_date('04-APR-16','DD-MON-RR'));
Insert into BBCRSSHARE.CS_PRI_CRSE (INSTITUTION,CRSE_ID,SUBJECT,CATALOG_NBR,CLASS_NBR,CLASS_SECTION,STRM,DESCRSHORT,LOAD_DTTM_PC,LASTUPDDTTM_PC) values ('STLOU','104007','ENGL','4870',13881,'001','4443','FS2016',to_date('04-APR-16','DD-MON-RR'),to_date('04-APR-16','DD-MON-RR'));
Insert into BBCRSSHARE.CS_PRI_CRSE (INSTITUTION,CRSE_ID,SUBJECT,CATALOG_NBR,CLASS_NBR,CLASS_SECTION,STRM,DESCRSHORT,LOAD_DTTM_PC,LASTUPDDTTM_PC) values ('STLOU','110824','HIST','6153',15254,'G01','4443','FS2016',to_date('04-APR-16','DD-MON-RR'),to_date('04-APR-16','DD-MON-RR'));
Insert into BBCRSSHARE.CS_PRI_CRSE (INSTITUTION,CRSE_ID,SUBJECT,CATALOG_NBR,CLASS_NBR,CLASS_SECTION,STRM,DESCRSHORT,LOAD_DTTM_PC,LASTUPDDTTM_PC) values ('COLUM','018766','SOC_WK','7340',50079,'01','4243','FS2014',to_date('04-APR-16','DD-MON-RR'),to_date('04-APR-16','DD-MON-RR'));
Insert into BBCRSSHARE.CS_PRI_CRSE (INSTITUTION,CRSE_ID,SUBJECT,CATALOG_NBR,CLASS_NBR,CLASS_SECTION,STRM,DESCRSHORT,LOAD_DTTM_PC,LASTUPDDTTM_PC) values ('COLUM','005500','FOREST','7390',65589,'01','4243','FS2014',to_date('04-APR-16','DD-MON-RR'),to_date('04-APR-16','DD-MON-RR'));
Insert into BBCRSSHARE.CS_PRI_CRSE (INSTITUTION,CRSE_ID,SUBJECT,CATALOG_NBR,CLASS_NBR,CLASS_SECTION,STRM,DESCRSHORT,LOAD_DTTM_PC,LASTUPDDTTM_PC) values ('COLUM','003289','LTC','8900',61246,'83','4243','FS2014',to_date('04-APR-16','DD-MON-RR'),to_date('04-APR-16','DD-MON-RR'));
Insert into BBCRSSHARE.CS_PRI_CRSE (INSTITUTION,CRSE_ID,SUBJECT,CATALOG_NBR,CLASS_NBR,CLASS_SECTION,STRM,DESCRSHORT,LOAD_DTTM_PC,LASTUPDDTTM_PC) values ('COLUM','018766','SOC_WK','7340',67161,'01','4343','FS2015',to_date('04-APR-16','DD-MON-RR'),to_date('04-APR-16','DD-MON-RR'));
Insert into BBCRSSHARE.CS_PRI_CRSE (INSTITUTION,CRSE_ID,SUBJECT,CATALOG_NBR,CLASS_NBR,CLASS_SECTION,STRM,DESCRSHORT,LOAD_DTTM_PC,LASTUPDDTTM_PC) values ('COLUM','005499','FOREST','4390',66751,'01','4343','FS2015',to_date('04-APR-16','DD-MON-RR'),to_date('04-APR-16','DD-MON-RR'));
Insert into BBCRSSHARE.CS_PRI_CRSE (INSTITUTION,CRSE_ID,SUBJECT,CATALOG_NBR,CLASS_NBR,CLASS_SECTION,STRM,DESCRSHORT,LOAD_DTTM_PC,LASTUPDDTTM_PC) values ('COLUM','019552','SOC_WK','7220',68409,'01','4343','FS2015',to_date('04-APR-16','DD-MON-RR'),to_date('04-APR-16','DD-MON-RR'));
Insert into BBCRSSHARE.CS_PRI_CRSE (INSTITUTION,CRSE_ID,SUBJECT,CATALOG_NBR,CLASS_NBR,CLASS_SECTION,STRM,DESCRSHORT,LOAD_DTTM_PC,LASTUPDDTTM_PC) values ('COLUM','019552','SOC_WK','7220',67362,'01','4427','SP2016',to_date('04-APR-16','DD-MON-RR'),to_date('04-APR-16','DD-MON-RR'));
Insert into BBCRSSHARE.CS_PRI_CRSE (INSTITUTION,CRSE_ID,SUBJECT,CATALOG_NBR,CLASS_NBR,CLASS_SECTION,STRM,DESCRSHORT,LOAD_DTTM_PC,LASTUPDDTTM_PC) values ('COLUM','018766','SOC_WK','7340',64660,'01','4443','FS2016',to_date('04-APR-16','DD-MON-RR'),to_date('04-APR-16','DD-MON-RR'));
Insert into BBCRSSHARE.CS_PRI_CRSE (INSTITUTION,CRSE_ID,SUBJECT,CATALOG_NBR,CLASS_NBR,CLASS_SECTION,STRM,DESCRSHORT,LOAD_DTTM_PC,LASTUPDDTTM_PC) values ('COLUM','019552','SOC_WK','7220',64719,'01','4443','FS2016',to_date('04-APR-16','DD-MON-RR'),to_date('04-APR-16','DD-MON-RR'));
Insert into BBCRSSHARE.CS_PRI_CRSE (INSTITUTION,CRSE_ID,SUBJECT,CATALOG_NBR,CLASS_NBR,CLASS_SECTION,STRM,DESCRSHORT,LOAD_DTTM_PC,LASTUPDDTTM_PC) values ('COLUM','017797','REL_ST','7005',58992,'01','4435','SS2016',to_date('04-APR-16','DD-MON-RR'),to_date('04-APR-16','DD-MON-RR'));
Insert into BBCRSSHARE.CS_PRI_CRSE (INSTITUTION,CRSE_ID,SUBJECT,CATALOG_NBR,CLASS_NBR,CLASS_SECTION,STRM,DESCRSHORT,LOAD_DTTM_PC,LASTUPDDTTM_PC) values ('COLUM','012917','REL_ST','4005',58991,'01','4435','SS2016',to_date('04-APR-16','DD-MON-RR'),to_date('04-APR-16','DD-MON-RR'));
Insert into BBCRSSHARE.CS_PRI_CRSE (INSTITUTION,CRSE_ID,SUBJECT,CATALOG_NBR,CLASS_NBR,CLASS_SECTION,STRM,DESCRSHORT,LOAD_DTTM_PC,LASTUPDDTTM_PC) values ('COLUM','005499','FOREST','4390',64246,'01','4443','FS2016',to_date('04-APR-16','DD-MON-RR'),to_date('04-APR-16','DD-MON-RR'));
Insert into BBCRSSHARE.CS_PRI_CRSE (INSTITUTION,CRSE_ID,SUBJECT,CATALOG_NBR,CLASS_NBR,CLASS_SECTION,STRM,DESCRSHORT,LOAD_DTTM_PC,LASTUPDDTTM_PC) values ('COLUM','019043','NURSE','8020',66787,'01','4443','FS2016',to_date('04-APR-16','DD-MON-RR'),to_date('04-APR-16','DD-MON-RR'));
Insert into BBCRSSHARE.CS_PRI_CRSE (INSTITUTION,CRSE_ID,SUBJECT,CATALOG_NBR,CLASS_NBR,CLASS_SECTION,STRM,DESCRSHORT,LOAD_DTTM_PC,LASTUPDDTTM_PC) values ('COLUM','005708','FRENCH','8087',58841,'01','4435','SS2016',to_date('04-APR-16','DD-MON-RR'),to_date('04-APR-16','DD-MON-RR'));
Insert into BBCRSSHARE.CS_PRI_CRSE (INSTITUTION,CRSE_ID,SUBJECT,CATALOG_NBR,CLASS_NBR,CLASS_SECTION,STRM,DESCRSHORT,LOAD_DTTM_PC,LASTUPDDTTM_PC) values ('COLUM','013989','SPAN','8087',58840,'01','4435','SS2016',to_date('04-APR-16','DD-MON-RR'),to_date('04-APR-16','DD-MON-RR'));
Insert into BBCRSSHARE.CS_PRI_CRSE (INSTITUTION,CRSE_ID,SUBJECT,CATALOG_NBR,CLASS_NBR,CLASS_SECTION,STRM,DESCRSHORT,LOAD_DTTM_PC,LASTUPDDTTM_PC) values ('COLUM','019238','NURSE','9560',63956,'01','4443','FS2016',to_date('04-APR-16','DD-MON-RR'),to_date('04-APR-16','DD-MON-RR'));
Insert into BBCRSSHARE.CS_PRI_CRSE (INSTITUTION,CRSE_ID,SUBJECT,CATALOG_NBR,CLASS_NBR,CLASS_SECTION,STRM,DESCRSHORT,LOAD_DTTM_PC,LASTUPDDTTM_PC) values ('COLUM','019238','NURSE','9560',66789,'02','4443','FS2016',to_date('04-APR-16','DD-MON-RR'),to_date('04-APR-16','DD-MON-RR'));
Insert into BBCRSSHARE.CS_PRI_CRSE (INSTITUTION,CRSE_ID,SUBJECT,CATALOG_NBR,CLASS_NBR,CLASS_SECTION,STRM,DESCRSHORT,LOAD_DTTM_PC,LASTUPDDTTM_PC) values ('COLUM','019043','NURSE','8020',67256,'02','4443','FS2016',to_date('04-APR-16','DD-MON-RR'),to_date('04-APR-16','DD-MON-RR'));
Insert into BBCRSSHARE.CS_PRI_CRSE (INSTITUTION,CRSE_ID,SUBJECT,CATALOG_NBR,CLASS_NBR,CLASS_SECTION,STRM,DESCRSHORT,LOAD_DTTM_PC,LASTUPDDTTM_PC) values ('COLUM','019552','SOC_WK','7220',64965,'01','4527','SP2017',to_date('04-APR-16','DD-MON-RR'),to_date('04-APR-16','DD-MON-RR'));
REM INSERTING into BBCRSSHARE.CS_SEC_CRSE
SET DEFINE OFF;
Insert into BBCRSSHARE.CS_SEC_CRSE (INSTITUTION,CRSE_ID,SUBJECT,CATALOG_NBR,CLASS_NBR,CLASS_SECTION,STRM,LOAD_DTTM_PC,LASTUPDDTTM_PC) values ('COLUM','019551','SOC_WK','8220',68424,'05','4343',to_date('04-APR-16','DD-MON-RR'),to_date('04-APR-16','DD-MON-RR'));
Insert into BBCRSSHARE.CS_SEC_CRSE (INSTITUTION,CRSE_ID,SUBJECT,CATALOG_NBR,CLASS_NBR,CLASS_SECTION,STRM,LOAD_DTTM_PC,LASTUPDDTTM_PC) values ('COLUM','013515','SOC_WK','7001',64699,'01','4443',to_date('04-APR-16','DD-MON-RR'),to_date('04-APR-16','DD-MON-RR'));
Insert into BBCRSSHARE.CS_SEC_CRSE (INSTITUTION,CRSE_ID,SUBJECT,CATALOG_NBR,CLASS_NBR,CLASS_SECTION,STRM,LOAD_DTTM_PC,LASTUPDDTTM_PC) values ('COLUM','013515','SOC_WK','7001',64710,'02','4443',to_date('04-APR-16','DD-MON-RR'),to_date('04-APR-16','DD-MON-RR'));
Insert into BBCRSSHARE.CS_SEC_CRSE (INSTITUTION,CRSE_ID,SUBJECT,CATALOG_NBR,CLASS_NBR,CLASS_SECTION,STRM,LOAD_DTTM_PC,LASTUPDDTTM_PC) values ('COLUM','019551','SOC_WK','8220',64730,'01','4443',to_date('04-APR-16','DD-MON-RR'),to_date('04-APR-16','DD-MON-RR'));
Insert into BBCRSSHARE.CS_SEC_CRSE (INSTITUTION,CRSE_ID,SUBJECT,CATALOG_NBR,CLASS_NBR,CLASS_SECTION,STRM,LOAD_DTTM_PC,LASTUPDDTTM_PC) values ('COLUM','019551','SOC_WK','8220',64731,'02','4443',to_date('04-APR-16','DD-MON-RR'),to_date('04-APR-16','DD-MON-RR'));
Insert into BBCRSSHARE.CS_SEC_CRSE (INSTITUTION,CRSE_ID,SUBJECT,CATALOG_NBR,CLASS_NBR,CLASS_SECTION,STRM,LOAD_DTTM_PC,LASTUPDDTTM_PC) values ('COLUM','019551','SOC_WK','8220',64732,'03','4443',to_date('04-APR-16','DD-MON-RR'),to_date('04-APR-16','DD-MON-RR'));
Insert into BBCRSSHARE.CS_SEC_CRSE (INSTITUTION,CRSE_ID,SUBJECT,CATALOG_NBR,CLASS_NBR,CLASS_SECTION,STRM,LOAD_DTTM_PC,LASTUPDDTTM_PC) values ('COLUM','019551','SOC_WK','8220',64733,'04','4443',to_date('04-APR-16','DD-MON-RR'),to_date('04-APR-16','DD-MON-RR'));
Insert into BBCRSSHARE.CS_SEC_CRSE (INSTITUTION,CRSE_ID,SUBJECT,CATALOG_NBR,CLASS_NBR,CLASS_SECTION,STRM,LOAD_DTTM_PC,LASTUPDDTTM_PC) values ('COLUM','019551','SOC_WK','8220',64734,'05','4443',to_date('04-APR-16','DD-MON-RR'),to_date('04-APR-16','DD-MON-RR'));
Insert into BBCRSSHARE.CS_SEC_CRSE (INSTITUTION,CRSE_ID,SUBJECT,CATALOG_NBR,CLASS_NBR,CLASS_SECTION,STRM,LOAD_DTTM_PC,LASTUPDDTTM_PC) values ('COLUM','013515','SOC_WK','7001',64746,'04','4443',to_date('04-APR-16','DD-MON-RR'),to_date('04-APR-16','DD-MON-RR'));
Insert into BBCRSSHARE.CS_SEC_CRSE (INSTITUTION,CRSE_ID,SUBJECT,CATALOG_NBR,CLASS_NBR,CLASS_SECTION,STRM,LOAD_DTTM_PC,LASTUPDDTTM_PC) values ('COLUM','013515','SOC_WK','7001',64747,'05','4443',to_date('04-APR-16','DD-MON-RR'),to_date('04-APR-16','DD-MON-RR'));
Insert into BBCRSSHARE.CS_SEC_CRSE (INSTITUTION,CRSE_ID,SUBJECT,CATALOG_NBR,CLASS_NBR,CLASS_SECTION,STRM,LOAD_DTTM_PC,LASTUPDDTTM_PC) values ('COLUM','013515','SOC_WK','7001',64748,'06','4443',to_date('04-APR-16','DD-MON-RR'),to_date('04-APR-16','DD-MON-RR'));
Insert into BBCRSSHARE.CS_SEC_CRSE (INSTITUTION,CRSE_ID,SUBJECT,CATALOG_NBR,CLASS_NBR,CLASS_SECTION,STRM,LOAD_DTTM_PC,LASTUPDDTTM_PC) values ('COLUM','009161','MATH','7960',56979,'01','4427',to_date('04-APR-16','DD-MON-RR'),to_date('04-APR-16','DD-MON-RR'));
Insert into BBCRSSHARE.CS_SEC_CRSE (INSTITUTION,CRSE_ID,SUBJECT,CATALOG_NBR,CLASS_NBR,CLASS_SECTION,STRM,LOAD_DTTM_PC,LASTUPDDTTM_PC) values ('COLUM','002280','CV_ENG','4500',61129,'01','4443',to_date('04-APR-16','DD-MON-RR'),to_date('04-APR-16','DD-MON-RR'));
Insert into BBCRSSHARE.CS_SEC_CRSE (INSTITUTION,CRSE_ID,SUBJECT,CATALOG_NBR,CLASS_NBR,CLASS_SECTION,STRM,LOAD_DTTM_PC,LASTUPDDTTM_PC) values ('COLUM','019169','PEA_ST','2003',59008,'01','4435',to_date('04-APR-16','DD-MON-RR'),to_date('04-APR-16','DD-MON-RR'));
Insert into BBCRSSHARE.CS_SEC_CRSE (INSTITUTION,CRSE_ID,SUBJECT,CATALOG_NBR,CLASS_NBR,CLASS_SECTION,STRM,LOAD_DTTM_PC,LASTUPDDTTM_PC) values ('COLUM','014005','SPAN','4980',67693,'06','4427',to_date('04-APR-16','DD-MON-RR'),to_date('04-APR-16','DD-MON-RR'));
Insert into BBCRSSHARE.CS_SEC_CRSE (INSTITUTION,CRSE_ID,SUBJECT,CATALOG_NBR,CLASS_NBR,CLASS_SECTION,STRM,LOAD_DTTM_PC,LASTUPDDTTM_PC) values ('COLUM','009160','MATH','4960',54609,'01','4427',to_date('04-APR-16','DD-MON-RR'),to_date('04-APR-16','DD-MON-RR'));
Insert into BBCRSSHARE.CS_SEC_CRSE (INSTITUTION,CRSE_ID,SUBJECT,CATALOG_NBR,CLASS_NBR,CLASS_SECTION,STRM,LOAD_DTTM_PC,LASTUPDDTTM_PC) values ('COLUM','005722','FRENCH','7980',67692,'02','4427',to_date('04-APR-16','DD-MON-RR'),to_date('04-APR-16','DD-MON-RR'));
Insert into BBCRSSHARE.CS_SEC_CRSE (INSTITUTION,CRSE_ID,SUBJECT,CATALOG_NBR,CLASS_NBR,CLASS_SECTION,STRM,LOAD_DTTM_PC,LASTUPDDTTM_PC) values ('COLUM','014007','SPAN','7980',67694,'06','4427',to_date('04-APR-16','DD-MON-RR'),to_date('04-APR-16','DD-MON-RR'));
Insert into BBCRSSHARE.CS_SEC_CRSE (INSTITUTION,CRSE_ID,SUBJECT,CATALOG_NBR,CLASS_NBR,CLASS_SECTION,STRM,LOAD_DTTM_PC,LASTUPDDTTM_PC) values ('COLUM','005721','FRENCH','4980',67691,'02','4427',to_date('04-APR-16','DD-MON-RR'),to_date('04-APR-16','DD-MON-RR'));
Insert into BBCRSSHARE.CS_SEC_CRSE (INSTITUTION,CRSE_ID,SUBJECT,CATALOG_NBR,CLASS_NBR,CLASS_SECTION,STRM,LOAD_DTTM_PC,LASTUPDDTTM_PC) values ('COLUM','005721','FRENCH','4980',58150,'02','4527',to_date('04-APR-16','DD-MON-RR'),to_date('04-APR-16','DD-MON-RR'));
Insert into BBCRSSHARE.CS_SEC_CRSE (INSTITUTION,CRSE_ID,SUBJECT,CATALOG_NBR,CLASS_NBR,CLASS_SECTION,STRM,LOAD_DTTM_PC,LASTUPDDTTM_PC) values ('COLUM','005722','FRENCH','7980',58151,'02','4527',to_date('04-APR-16','DD-MON-RR'),to_date('04-APR-16','DD-MON-RR'));
Insert into BBCRSSHARE.CS_SEC_CRSE (INSTITUTION,CRSE_ID,SUBJECT,CATALOG_NBR,CLASS_NBR,CLASS_SECTION,STRM,LOAD_DTTM_PC,LASTUPDDTTM_PC) values ('COLUM','014005','SPAN','4980',58152,'06','4527',to_date('04-APR-16','DD-MON-RR'),to_date('04-APR-16','DD-MON-RR'));
Insert into BBCRSSHARE.CS_SEC_CRSE (INSTITUTION,CRSE_ID,SUBJECT,CATALOG_NBR,CLASS_NBR,CLASS_SECTION,STRM,LOAD_DTTM_PC,LASTUPDDTTM_PC) values ('COLUM','014007','SPAN','7980',58153,'06','4527',to_date('04-APR-16','DD-MON-RR'),to_date('04-APR-16','DD-MON-RR'));
Insert into BBCRSSHARE.CS_SEC_CRSE (INSTITUTION,CRSE_ID,SUBJECT,CATALOG_NBR,CLASS_NBR,CLASS_SECTION,STRM,LOAD_DTTM_PC,LASTUPDDTTM_PC) values ('COLUM','009161','MATH','7960',55304,'01','4527',to_date('04-APR-16','DD-MON-RR'),to_date('04-APR-16','DD-MON-RR'));
Insert into BBCRSSHARE.CS_SEC_CRSE (INSTITUTION,CRSE_ID,SUBJECT,CATALOG_NBR,CLASS_NBR,CLASS_SECTION,STRM,LOAD_DTTM_PC,LASTUPDDTTM_PC) values ('COLUM','009160','MATH','4960',53040,'01','4527',to_date('04-APR-16','DD-MON-RR'),to_date('04-APR-16','DD-MON-RR'));
Insert into BBCRSSHARE.CS_SEC_CRSE (INSTITUTION,CRSE_ID,SUBJECT,CATALOG_NBR,CLASS_NBR,CLASS_SECTION,STRM,LOAD_DTTM_PC,LASTUPDDTTM_PC) values ('KCITY','105158','E&C-ENGR','5590IN',47809,'0001','4243',to_date('04-APR-16','DD-MON-RR'),to_date('04-APR-16','DD-MON-RR'));
Insert into BBCRSSHARE.CS_SEC_CRSE (INSTITUTION,CRSE_ID,SUBJECT,CATALOG_NBR,CLASS_NBR,CLASS_SECTION,STRM,LOAD_DTTM_PC,LASTUPDDTTM_PC) values ('KCITY','105284','BIOLOGY',' 485',17668,'0001','4327',to_date('04-APR-16','DD-MON-RR'),to_date('04-APR-16','DD-MON-RR'));
Insert into BBCRSSHARE.CS_SEC_CRSE (INSTITUTION,CRSE_ID,SUBJECT,CATALOG_NBR,CLASS_NBR,CLASS_SECTION,STRM,LOAD_DTTM_PC,LASTUPDDTTM_PC) values ('KCITY','105283','BIOLOGY',' 385',17669,'0001','4327',to_date('04-APR-16','DD-MON-RR'),to_date('04-APR-16','DD-MON-RR'));
Insert into BBCRSSHARE.CS_SEC_CRSE (INSTITUTION,CRSE_ID,SUBJECT,CATALOG_NBR,CLASS_NBR,CLASS_SECTION,STRM,LOAD_DTTM_PC,LASTUPDDTTM_PC) values ('KCITY','010663','MATH','5590',17438,'0001','4327',to_date('04-APR-16','DD-MON-RR'),to_date('04-APR-16','DD-MON-RR'));
Insert into BBCRSSHARE.CS_SEC_CRSE (INSTITUTION,CRSE_ID,SUBJECT,CATALOG_NBR,CLASS_NBR,CLASS_SECTION,STRM,LOAD_DTTM_PC,LASTUPDDTTM_PC) values ('KCITY','105312','E&C-ENGR','5590SI',17925,'0001','4327',to_date('04-APR-16','DD-MON-RR'),to_date('04-APR-16','DD-MON-RR'));
Insert into BBCRSSHARE.CS_SEC_CRSE (INSTITUTION,CRSE_ID,SUBJECT,CATALOG_NBR,CLASS_NBR,CLASS_SECTION,STRM,LOAD_DTTM_PC,LASTUPDDTTM_PC) values ('KCITY','105301','CIV-ENGR','5501FM',17687,'0001','4327',to_date('04-APR-16','DD-MON-RR'),to_date('04-APR-16','DD-MON-RR'));
Insert into BBCRSSHARE.CS_SEC_CRSE (INSTITUTION,CRSE_ID,SUBJECT,CATALOG_NBR,CLASS_NBR,CLASS_SECTION,STRM,LOAD_DTTM_PC,LASTUPDDTTM_PC) values ('KCITY','105302','CIV-ENGR','5601FM',17688,'0001','4327',to_date('04-APR-16','DD-MON-RR'),to_date('04-APR-16','DD-MON-RR'));
Insert into BBCRSSHARE.CS_SEC_CRSE (INSTITUTION,CRSE_ID,SUBJECT,CATALOG_NBR,CLASS_NBR,CLASS_SECTION,STRM,LOAD_DTTM_PC,LASTUPDDTTM_PC) values ('KCITY','016747','ECON','5504RR',16556,'0001','4427',to_date('04-APR-16','DD-MON-RR'),to_date('04-APR-16','DD-MON-RR'));
Insert into BBCRSSHARE.CS_SEC_CRSE (INSTITUTION,CRSE_ID,SUBJECT,CATALOG_NBR,CLASS_NBR,CLASS_SECTION,STRM,LOAD_DTTM_PC,LASTUPDDTTM_PC) values ('KCITY','009305','HISTORY','5566R',17814,'0001','4427',to_date('04-APR-16','DD-MON-RR'),to_date('04-APR-16','DD-MON-RR'));
Insert into BBCRSSHARE.CS_SEC_CRSE (INSTITUTION,CRSE_ID,SUBJECT,CATALOG_NBR,CLASS_NBR,CLASS_SECTION,STRM,LOAD_DTTM_PC,LASTUPDDTTM_PC) values ('KCITY','100641','POL-SCI',' 360',47773,'0001','4343',to_date('04-APR-16','DD-MON-RR'),to_date('04-APR-16','DD-MON-RR'));
Insert into BBCRSSHARE.CS_SEC_CRSE (INSTITUTION,CRSE_ID,SUBJECT,CATALOG_NBR,CLASS_NBR,CLASS_SECTION,STRM,LOAD_DTTM_PC,LASTUPDDTTM_PC) values ('KCITY','014511','POL-SCI',' 370',17821,'0001','4427',to_date('04-APR-16','DD-MON-RR'),to_date('04-APR-16','DD-MON-RR'));
Insert into BBCRSSHARE.CS_SEC_CRSE (INSTITUTION,CRSE_ID,SUBJECT,CATALOG_NBR,CLASS_NBR,CLASS_SECTION,STRM,LOAD_DTTM_PC,LASTUPDDTTM_PC) values ('KCITY','002089','CIV-ENGR','5501',17862,'0002','4427',to_date('04-APR-16','DD-MON-RR'),to_date('04-APR-16','DD-MON-RR'));
Insert into BBCRSSHARE.CS_SEC_CRSE (INSTITUTION,CRSE_ID,SUBJECT,CATALOG_NBR,CLASS_NBR,CLASS_SECTION,STRM,LOAD_DTTM_PC,LASTUPDDTTM_PC) values ('KCITY','002101','CIV-ENGR','5601',17863,'0001','4427',to_date('04-APR-16','DD-MON-RR'),to_date('04-APR-16','DD-MON-RR'));
Insert into BBCRSSHARE.CS_SEC_CRSE (INSTITUTION,CRSE_ID,SUBJECT,CATALOG_NBR,CLASS_NBR,CLASS_SECTION,STRM,LOAD_DTTM_PC,LASTUPDDTTM_PC) values ('KCITY','100860','ACCTNG','5587',47183,'0002','4443',to_date('04-APR-16','DD-MON-RR'),to_date('04-APR-16','DD-MON-RR'));
Insert into BBCRSSHARE.CS_SEC_CRSE (INSTITUTION,CRSE_ID,SUBJECT,CATALOG_NBR,CLASS_NBR,CLASS_SECTION,STRM,LOAD_DTTM_PC,LASTUPDDTTM_PC) values ('KCITY','105284','BIOLOGY',' 485',15989,'0001','4427',to_date('04-APR-16','DD-MON-RR'),to_date('04-APR-16','DD-MON-RR'));
Insert into BBCRSSHARE.CS_SEC_CRSE (INSTITUTION,CRSE_ID,SUBJECT,CATALOG_NBR,CLASS_NBR,CLASS_SECTION,STRM,LOAD_DTTM_PC,LASTUPDDTTM_PC) values ('KCITY','014628','POL-SCI','5580B',17822,'0001','4427',to_date('04-APR-16','DD-MON-RR'),to_date('04-APR-16','DD-MON-RR'));
Insert into BBCRSSHARE.CS_SEC_CRSE (INSTITUTION,CRSE_ID,SUBJECT,CATALOG_NBR,CLASS_NBR,CLASS_SECTION,STRM,LOAD_DTTM_PC,LASTUPDDTTM_PC) values ('KCITY','014511','POL-SCI',' 370',18214,'0002','4427',to_date('04-APR-16','DD-MON-RR'),to_date('04-APR-16','DD-MON-RR'));
Insert into BBCRSSHARE.CS_SEC_CRSE (INSTITUTION,CRSE_ID,SUBJECT,CATALOG_NBR,CLASS_NBR,CLASS_SECTION,STRM,LOAD_DTTM_PC,LASTUPDDTTM_PC) values ('KCITY','004529','ECON',' 404RR',16555,'0001','4427',to_date('04-APR-16','DD-MON-RR'),to_date('04-APR-16','DD-MON-RR'));
Insert into BBCRSSHARE.CS_SEC_CRSE (INSTITUTION,CRSE_ID,SUBJECT,CATALOG_NBR,CLASS_NBR,CLASS_SECTION,STRM,LOAD_DTTM_PC,LASTUPDDTTM_PC) values ('KCITY','014627','POL-SCI','5580A',46768,'0001','4343',to_date('04-APR-16','DD-MON-RR'),to_date('04-APR-16','DD-MON-RR'));
Insert into BBCRSSHARE.CS_SEC_CRSE (INSTITUTION,CRSE_ID,SUBJECT,CATALOG_NBR,CLASS_NBR,CLASS_SECTION,STRM,LOAD_DTTM_PC,LASTUPDDTTM_PC) values ('KCITY','100860','ACCTNG','5587',48436,'0002','4343',to_date('04-APR-16','DD-MON-RR'),to_date('04-APR-16','DD-MON-RR'));
Insert into BBCRSSHARE.CS_SEC_CRSE (INSTITUTION,CRSE_ID,SUBJECT,CATALOG_NBR,CLASS_NBR,CLASS_SECTION,STRM,LOAD_DTTM_PC,LASTUPDDTTM_PC) values ('KCITY','004529','ECON',' 404RR',15743,'0001','4527',to_date('04-APR-16','DD-MON-RR'),to_date('04-APR-16','DD-MON-RR'));
Insert into BBCRSSHARE.CS_SEC_CRSE (INSTITUTION,CRSE_ID,SUBJECT,CATALOG_NBR,CLASS_NBR,CLASS_SECTION,STRM,LOAD_DTTM_PC,LASTUPDDTTM_PC) values ('KCITY','016747','ECON','5504RR',15744,'0001','4527',to_date('04-APR-16','DD-MON-RR'),to_date('04-APR-16','DD-MON-RR'));
Insert into BBCRSSHARE.CS_SEC_CRSE (INSTITUTION,CRSE_ID,SUBJECT,CATALOG_NBR,CLASS_NBR,CLASS_SECTION,STRM,LOAD_DTTM_PC,LASTUPDDTTM_PC) values ('KCITY','009305','HISTORY','5566R',16934,'0001','4527',to_date('04-APR-16','DD-MON-RR'),to_date('04-APR-16','DD-MON-RR'));
Insert into BBCRSSHARE.CS_SEC_CRSE (INSTITUTION,CRSE_ID,SUBJECT,CATALOG_NBR,CLASS_NBR,CLASS_SECTION,STRM,LOAD_DTTM_PC,LASTUPDDTTM_PC) values ('KCITY','014511','POL-SCI',' 370',16941,'0001','4527',to_date('04-APR-16','DD-MON-RR'),to_date('04-APR-16','DD-MON-RR'));
Insert into BBCRSSHARE.CS_SEC_CRSE (INSTITUTION,CRSE_ID,SUBJECT,CATALOG_NBR,CLASS_NBR,CLASS_SECTION,STRM,LOAD_DTTM_PC,LASTUPDDTTM_PC) values ('KCITY','014628','POL-SCI','5580B',16942,'0001','4527',to_date('04-APR-16','DD-MON-RR'),to_date('04-APR-16','DD-MON-RR'));
Insert into BBCRSSHARE.CS_SEC_CRSE (INSTITUTION,CRSE_ID,SUBJECT,CATALOG_NBR,CLASS_NBR,CLASS_SECTION,STRM,LOAD_DTTM_PC,LASTUPDDTTM_PC) values ('KCITY','002089','CIV-ENGR','5501',16978,'0002','4527',to_date('04-APR-16','DD-MON-RR'),to_date('04-APR-16','DD-MON-RR'));
Insert into BBCRSSHARE.CS_SEC_CRSE (INSTITUTION,CRSE_ID,SUBJECT,CATALOG_NBR,CLASS_NBR,CLASS_SECTION,STRM,LOAD_DTTM_PC,LASTUPDDTTM_PC) values ('KCITY','002101','CIV-ENGR','5601',16979,'0001','4527',to_date('04-APR-16','DD-MON-RR'),to_date('04-APR-16','DD-MON-RR'));
Insert into BBCRSSHARE.CS_SEC_CRSE (INSTITUTION,CRSE_ID,SUBJECT,CATALOG_NBR,CLASS_NBR,CLASS_SECTION,STRM,LOAD_DTTM_PC,LASTUPDDTTM_PC) values ('KCITY','010663','MATH','5590',18168,'0001','4427',to_date('04-APR-16','DD-MON-RR'),to_date('04-APR-16','DD-MON-RR'));
Insert into BBCRSSHARE.CS_SEC_CRSE (INSTITUTION,CRSE_ID,SUBJECT,CATALOG_NBR,CLASS_NBR,CLASS_SECTION,STRM,LOAD_DTTM_PC,LASTUPDDTTM_PC) values ('KCITY','010663','MATH','5590',17275,'0001','4527',to_date('04-APR-16','DD-MON-RR'),to_date('04-APR-16','DD-MON-RR'));
Insert into BBCRSSHARE.CS_SEC_CRSE (INSTITUTION,CRSE_ID,SUBJECT,CATALOG_NBR,CLASS_NBR,CLASS_SECTION,STRM,LOAD_DTTM_PC,LASTUPDDTTM_PC) values ('KCITY','014511','POL-SCI',' 370',17320,'0002','4527',to_date('04-APR-16','DD-MON-RR'),to_date('04-APR-16','DD-MON-RR'));
Insert into BBCRSSHARE.CS_SEC_CRSE (INSTITUTION,CRSE_ID,SUBJECT,CATALOG_NBR,CLASS_NBR,CLASS_SECTION,STRM,LOAD_DTTM_PC,LASTUPDDTTM_PC) values ('ROLLA','001115','HISTORY','2001',71225,'1A4','4435',to_date('04-APR-16','DD-MON-RR'),to_date('04-APR-16','DD-MON-RR'));
Insert into BBCRSSHARE.CS_SEC_CRSE (INSTITUTION,CRSE_ID,SUBJECT,CATALOG_NBR,CLASS_NBR,CLASS_SECTION,STRM,LOAD_DTTM_PC,LASTUPDDTTM_PC) values ('ROLLA','001125','HISTORY','2510',72447,'1A','4427',to_date('04-APR-16','DD-MON-RR'),to_date('04-APR-16','DD-MON-RR'));
Insert into BBCRSSHARE.CS_SEC_CRSE (INSTITUTION,CRSE_ID,SUBJECT,CATALOG_NBR,CLASS_NBR,CLASS_SECTION,STRM,LOAD_DTTM_PC,LASTUPDDTTM_PC) values ('ROLLA','001131','HISTORY','4001',73454,'1A','4327',to_date('04-APR-16','DD-MON-RR'),to_date('04-APR-16','DD-MON-RR'));
Insert into BBCRSSHARE.CS_SEC_CRSE (INSTITUTION,CRSE_ID,SUBJECT,CATALOG_NBR,CLASS_NBR,CLASS_SECTION,STRM,LOAD_DTTM_PC,LASTUPDDTTM_PC) values ('ROLLA','000402','CIV ENG','5001',73432,'1B','4243',to_date('04-APR-16','DD-MON-RR'),to_date('04-APR-16','DD-MON-RR'));
Insert into BBCRSSHARE.CS_SEC_CRSE (INSTITUTION,CRSE_ID,SUBJECT,CATALOG_NBR,CLASS_NBR,CLASS_SECTION,STRM,LOAD_DTTM_PC,LASTUPDDTTM_PC) values ('ROLLA','003466','PHILOS','2001',73511,'1A','4427',to_date('04-APR-16','DD-MON-RR'),to_date('04-APR-16','DD-MON-RR'));
Insert into BBCRSSHARE.CS_SEC_CRSE (INSTITUTION,CRSE_ID,SUBJECT,CATALOG_NBR,CLASS_NBR,CLASS_SECTION,STRM,LOAD_DTTM_PC,LASTUPDDTTM_PC) values ('ROLLA','003466','PHILOS','2001',73759,'1B','4343',to_date('04-APR-16','DD-MON-RR'),to_date('04-APR-16','DD-MON-RR'));
Insert into BBCRSSHARE.CS_SEC_CRSE (INSTITUTION,CRSE_ID,SUBJECT,CATALOG_NBR,CLASS_NBR,CLASS_SECTION,STRM,LOAD_DTTM_PC,LASTUPDDTTM_PC) values ('ROLLA','003466','PHILOS','2001',73294,'1A','4327',to_date('04-APR-16','DD-MON-RR'),to_date('04-APR-16','DD-MON-RR'));
Insert into BBCRSSHARE.CS_SEC_CRSE (INSTITUTION,CRSE_ID,SUBJECT,CATALOG_NBR,CLASS_NBR,CLASS_SECTION,STRM,LOAD_DTTM_PC,LASTUPDDTTM_PC) values ('ROLLA','004149','HISTORY','3001',73452,'1A','4327',to_date('04-APR-16','DD-MON-RR'),to_date('04-APR-16','DD-MON-RR'));
Insert into BBCRSSHARE.CS_SEC_CRSE (INSTITUTION,CRSE_ID,SUBJECT,CATALOG_NBR,CLASS_NBR,CLASS_SECTION,STRM,LOAD_DTTM_PC,LASTUPDDTTM_PC) values ('ROLLA','300123','TCH COM','3001',73319,'1A','4427',to_date('04-APR-16','DD-MON-RR'),to_date('04-APR-16','DD-MON-RR'));
Insert into BBCRSSHARE.CS_SEC_CRSE (INSTITUTION,CRSE_ID,SUBJECT,CATALOG_NBR,CLASS_NBR,CLASS_SECTION,STRM,LOAD_DTTM_PC,LASTUPDDTTM_PC) values ('ROLLA','300123','TCH COM','3001',73320,'1B','4427',to_date('04-APR-16','DD-MON-RR'),to_date('04-APR-16','DD-MON-RR'));
Insert into BBCRSSHARE.CS_SEC_CRSE (INSTITUTION,CRSE_ID,SUBJECT,CATALOG_NBR,CLASS_NBR,CLASS_SECTION,STRM,LOAD_DTTM_PC,LASTUPDDTTM_PC) values ('ROLLA','300123','TCH COM','3001',73614,'1A','4343',to_date('04-APR-16','DD-MON-RR'),to_date('04-APR-16','DD-MON-RR'));
Insert into BBCRSSHARE.CS_SEC_CRSE (INSTITUTION,CRSE_ID,SUBJECT,CATALOG_NBR,CLASS_NBR,CLASS_SECTION,STRM,LOAD_DTTM_PC,LASTUPDDTTM_PC) values ('ROLLA','300123','TCH COM','3001',73316,'1A','4327',to_date('04-APR-16','DD-MON-RR'),to_date('04-APR-16','DD-MON-RR'));
Insert into BBCRSSHARE.CS_SEC_CRSE (INSTITUTION,CRSE_ID,SUBJECT,CATALOG_NBR,CLASS_NBR,CLASS_SECTION,STRM,LOAD_DTTM_PC,LASTUPDDTTM_PC) values ('ROLLA','300123','TCH COM','3001',73317,'1B','4327',to_date('04-APR-16','DD-MON-RR'),to_date('04-APR-16','DD-MON-RR'));
Insert into BBCRSSHARE.CS_SEC_CRSE (INSTITUTION,CRSE_ID,SUBJECT,CATALOG_NBR,CLASS_NBR,CLASS_SECTION,STRM,LOAD_DTTM_PC,LASTUPDDTTM_PC) values ('ROLLA','300130','TCH COM','5001',73615,'1A','4343',to_date('04-APR-16','DD-MON-RR'),to_date('04-APR-16','DD-MON-RR'));
Insert into BBCRSSHARE.CS_SEC_CRSE (INSTITUTION,CRSE_ID,SUBJECT,CATALOG_NBR,CLASS_NBR,CLASS_SECTION,STRM,LOAD_DTTM_PC,LASTUPDDTTM_PC) values ('ROLLA','301147','PHYSICS','4001',73678,'1A','4443',to_date('04-APR-16','DD-MON-RR'),to_date('04-APR-16','DD-MON-RR'));
Insert into BBCRSSHARE.CS_SEC_CRSE (INSTITUTION,CRSE_ID,SUBJECT,CATALOG_NBR,CLASS_NBR,CLASS_SECTION,STRM,LOAD_DTTM_PC,LASTUPDDTTM_PC) values ('ROLLA','301147','PHYSICS','4001',73521,'1A','4343',to_date('04-APR-16','DD-MON-RR'),to_date('04-APR-16','DD-MON-RR'));
Insert into BBCRSSHARE.CS_SEC_CRSE (INSTITUTION,CRSE_ID,SUBJECT,CATALOG_NBR,CLASS_NBR,CLASS_SECTION,STRM,LOAD_DTTM_PC,LASTUPDDTTM_PC) values ('ROLLA','301257','TCH COM','3570',73642,'1A','4443',to_date('04-APR-16','DD-MON-RR'),to_date('04-APR-16','DD-MON-RR'));
Insert into BBCRSSHARE.CS_SEC_CRSE (INSTITUTION,CRSE_ID,SUBJECT,CATALOG_NBR,CLASS_NBR,CLASS_SECTION,STRM,LOAD_DTTM_PC,LASTUPDDTTM_PC) values ('ROLLA','301257','TCH COM','3570',73439,'1A','4427',to_date('04-APR-16','DD-MON-RR'),to_date('04-APR-16','DD-MON-RR'));
Insert into BBCRSSHARE.CS_SEC_CRSE (INSTITUTION,CRSE_ID,SUBJECT,CATALOG_NBR,CLASS_NBR,CLASS_SECTION,STRM,LOAD_DTTM_PC,LASTUPDDTTM_PC) values ('ROLLA','000900','ENGLISH','3560',73643,'1E','4443',to_date('04-APR-16','DD-MON-RR'),to_date('04-APR-16','DD-MON-RR'));
Insert into BBCRSSHARE.CS_SEC_CRSE (INSTITUTION,CRSE_ID,SUBJECT,CATALOG_NBR,CLASS_NBR,CLASS_SECTION,STRM,LOAD_DTTM_PC,LASTUPDDTTM_PC) values ('ROLLA','000900','ENGLISH','3560',72641,'1G','4427',to_date('04-APR-16','DD-MON-RR'),to_date('04-APR-16','DD-MON-RR'));
Insert into BBCRSSHARE.CS_SEC_CRSE (INSTITUTION,CRSE_ID,SUBJECT,CATALOG_NBR,CLASS_NBR,CLASS_SECTION,STRM,LOAD_DTTM_PC,LASTUPDDTTM_PC) values ('ROLLA','000900','ENGLISH','3560',73252,'1E','4343',to_date('04-APR-16','DD-MON-RR'),to_date('04-APR-16','DD-MON-RR'));
Insert into BBCRSSHARE.CS_SEC_CRSE (INSTITUTION,CRSE_ID,SUBJECT,CATALOG_NBR,CLASS_NBR,CLASS_SECTION,STRM,LOAD_DTTM_PC,LASTUPDDTTM_PC) values ('ROLLA','000900','ENGLISH','3560',73176,'1G','4327',to_date('04-APR-16','DD-MON-RR'),to_date('04-APR-16','DD-MON-RR'));
Insert into BBCRSSHARE.CS_SEC_CRSE (INSTITUTION,CRSE_ID,SUBJECT,CATALOG_NBR,CLASS_NBR,CLASS_SECTION,STRM,LOAD_DTTM_PC,LASTUPDDTTM_PC) values ('ROLLA','000918','ENGLISH','3001',73644,'1A','4443',to_date('04-APR-16','DD-MON-RR'),to_date('04-APR-16','DD-MON-RR'));
Insert into BBCRSSHARE.CS_SEC_CRSE (INSTITUTION,CRSE_ID,SUBJECT,CATALOG_NBR,CLASS_NBR,CLASS_SECTION,STRM,LOAD_DTTM_PC,LASTUPDDTTM_PC) values ('ROLLA','000918','ENGLISH','3001',73613,'1A','4343',to_date('04-APR-16','DD-MON-RR'),to_date('04-APR-16','DD-MON-RR'));
Insert into BBCRSSHARE.CS_SEC_CRSE (INSTITUTION,CRSE_ID,SUBJECT,CATALOG_NBR,CLASS_NBR,CLASS_SECTION,STRM,LOAD_DTTM_PC,LASTUPDDTTM_PC) values ('ROLLA','000955','ENV ENG','5001',73616,'1B','4343',to_date('04-APR-16','DD-MON-RR'),to_date('04-APR-16','DD-MON-RR'));
Insert into BBCRSSHARE.CS_SEC_CRSE (INSTITUTION,CRSE_ID,SUBJECT,CATALOG_NBR,CLASS_NBR,CLASS_SECTION,STRM,LOAD_DTTM_PC,LASTUPDDTTM_PC) values ('ROLLA','000955','ENV ENG','5001',73431,'1B','4243',to_date('04-APR-16','DD-MON-RR'),to_date('04-APR-16','DD-MON-RR'));
Insert into BBCRSSHARE.CS_SEC_CRSE (INSTITUTION,CRSE_ID,SUBJECT,CATALOG_NBR,CLASS_NBR,CLASS_SECTION,STRM,LOAD_DTTM_PC,LASTUPDDTTM_PC) values ('ROLLA','300910','ELEC ENG','5001',73151,'1A','4327',to_date('04-APR-16','DD-MON-RR'),to_date('04-APR-16','DD-MON-RR'));
Insert into BBCRSSHARE.CS_SEC_CRSE (INSTITUTION,CRSE_ID,SUBJECT,CATALOG_NBR,CLASS_NBR,CLASS_SECTION,STRM,LOAD_DTTM_PC,LASTUPDDTTM_PC) values ('ROLLA','300910','ELEC ENG','5001',73561,'1DIA','4327',to_date('04-APR-16','DD-MON-RR'),to_date('04-APR-16','DD-MON-RR'));
Insert into BBCRSSHARE.CS_SEC_CRSE (INSTITUTION,CRSE_ID,SUBJECT,CATALOG_NBR,CLASS_NBR,CLASS_SECTION,STRM,LOAD_DTTM_PC,LASTUPDDTTM_PC) values ('ROLLA','300910','ELEC ENG','5001',73562,'1MSA','4327',to_date('04-APR-16','DD-MON-RR'),to_date('04-APR-16','DD-MON-RR'));
Insert into BBCRSSHARE.CS_SEC_CRSE (INSTITUTION,CRSE_ID,SUBJECT,CATALOG_NBR,CLASS_NBR,CLASS_SECTION,STRM,LOAD_DTTM_PC,LASTUPDDTTM_PC) values ('ROLLA','300910','ELEC ENG','5001',73447,'1C','4243',to_date('04-APR-16','DD-MON-RR'),to_date('04-APR-16','DD-MON-RR'));
Insert into BBCRSSHARE.CS_SEC_CRSE (INSTITUTION,CRSE_ID,SUBJECT,CATALOG_NBR,CLASS_NBR,CLASS_SECTION,STRM,LOAD_DTTM_PC,LASTUPDDTTM_PC) values ('ROLLA','001606','PHILOS','4345',72412,'1A','4443',to_date('04-APR-16','DD-MON-RR'),to_date('04-APR-16','DD-MON-RR'));
Insert into BBCRSSHARE.CS_SEC_CRSE (INSTITUTION,CRSE_ID,SUBJECT,CATALOG_NBR,CLASS_NBR,CLASS_SECTION,STRM,LOAD_DTTM_PC,LASTUPDDTTM_PC) values ('ROLLA','001606','PHILOS','4345',72764,'1A','4343',to_date('04-APR-16','DD-MON-RR'),to_date('04-APR-16','DD-MON-RR'));
Insert into BBCRSSHARE.CS_SEC_CRSE (INSTITUTION,CRSE_ID,SUBJECT,CATALOG_NBR,CLASS_NBR,CLASS_SECTION,STRM,LOAD_DTTM_PC,LASTUPDDTTM_PC) values ('ROLLA','001610','PHILOS','4399',72707,'1A','4443',to_date('04-APR-16','DD-MON-RR'),to_date('04-APR-16','DD-MON-RR'));
Insert into BBCRSSHARE.CS_SEC_CRSE (INSTITUTION,CRSE_ID,SUBJECT,CATALOG_NBR,CLASS_NBR,CLASS_SECTION,STRM,LOAD_DTTM_PC,LASTUPDDTTM_PC) values ('STLOU','103824','ENGL','2120',14787,'001','4327',to_date('04-APR-16','DD-MON-RR'),to_date('04-APR-16','DD-MON-RR'));
Insert into BBCRSSHARE.CS_SEC_CRSE (INSTITUTION,CRSE_ID,SUBJECT,CATALOG_NBR,CLASS_NBR,CLASS_SECTION,STRM,LOAD_DTTM_PC,LASTUPDDTTM_PC) values ('STLOU','103824','ENGL','2120',14788,'002','4327',to_date('04-APR-16','DD-MON-RR'),to_date('04-APR-16','DD-MON-RR'));
Insert into BBCRSSHARE.CS_SEC_CRSE (INSTITUTION,CRSE_ID,SUBJECT,CATALOG_NBR,CLASS_NBR,CLASS_SECTION,STRM,LOAD_DTTM_PC,LASTUPDDTTM_PC) values ('STLOU','103953','ENGL','4160',14789,'003','4327',to_date('04-APR-16','DD-MON-RR'),to_date('04-APR-16','DD-MON-RR'));
Insert into BBCRSSHARE.CS_SEC_CRSE (INSTITUTION,CRSE_ID,SUBJECT,CATALOG_NBR,CLASS_NBR,CLASS_SECTION,STRM,LOAD_DTTM_PC,LASTUPDDTTM_PC) values ('STLOU','109123','SOC WK','6900',15289,'G04','4243',to_date('04-APR-16','DD-MON-RR'),to_date('04-APR-16','DD-MON-RR'));
Insert into BBCRSSHARE.CS_SEC_CRSE (INSTITUTION,CRSE_ID,SUBJECT,CATALOG_NBR,CLASS_NBR,CLASS_SECTION,STRM,LOAD_DTTM_PC,LASTUPDDTTM_PC) values ('STLOU','107739','PHYSICS','4323',15349,'001','4243',to_date('04-APR-16','DD-MON-RR'),to_date('04-APR-16','DD-MON-RR'));
Insert into BBCRSSHARE.CS_SEC_CRSE (INSTITUTION,CRSE_ID,SUBJECT,CATALOG_NBR,CLASS_NBR,CLASS_SECTION,STRM,LOAD_DTTM_PC,LASTUPDDTTM_PC) values ('STLOU','111274','TCH ED','6265',15334,'G01','4243',to_date('04-APR-16','DD-MON-RR'),to_date('04-APR-16','DD-MON-RR'));
Insert into BBCRSSHARE.CS_SEC_CRSE (INSTITUTION,CRSE_ID,SUBJECT,CATALOG_NBR,CLASS_NBR,CLASS_SECTION,STRM,LOAD_DTTM_PC,LASTUPDDTTM_PC) values ('STLOU','101566','BIOL','4920',14847,'002','4327',to_date('04-APR-16','DD-MON-RR'),to_date('04-APR-16','DD-MON-RR'));
Insert into BBCRSSHARE.CS_SEC_CRSE (INSTITUTION,CRSE_ID,SUBJECT,CATALOG_NBR,CLASS_NBR,CLASS_SECTION,STRM,LOAD_DTTM_PC,LASTUPDDTTM_PC) values ('STLOU','107331','PHIL','3302',14766,'001','4327',to_date('04-APR-16','DD-MON-RR'),to_date('04-APR-16','DD-MON-RR'));
Insert into BBCRSSHARE.CS_SEC_CRSE (INSTITUTION,CRSE_ID,SUBJECT,CATALOG_NBR,CLASS_NBR,CLASS_SECTION,STRM,LOAD_DTTM_PC,LASTUPDDTTM_PC) values ('STLOU','109123','SOC WK','6900',14646,'G04','4343',to_date('04-APR-16','DD-MON-RR'),to_date('04-APR-16','DD-MON-RR'));
Insert into BBCRSSHARE.CS_SEC_CRSE (INSTITUTION,CRSE_ID,SUBJECT,CATALOG_NBR,CLASS_NBR,CLASS_SECTION,STRM,LOAD_DTTM_PC,LASTUPDDTTM_PC) values ('STLOU','110540','ANTHRO','2192',15002,'007','4343',to_date('04-APR-16','DD-MON-RR'),to_date('04-APR-16','DD-MON-RR'));
Insert into BBCRSSHARE.CS_SEC_CRSE (INSTITUTION,CRSE_ID,SUBJECT,CATALOG_NBR,CLASS_NBR,CLASS_SECTION,STRM,LOAD_DTTM_PC,LASTUPDDTTM_PC) values ('STLOU','107229','PHIL','1130',15150,'002','4343',to_date('04-APR-16','DD-MON-RR'),to_date('04-APR-16','DD-MON-RR'));
Insert into BBCRSSHARE.CS_SEC_CRSE (INSTITUTION,CRSE_ID,SUBJECT,CATALOG_NBR,CLASS_NBR,CLASS_SECTION,STRM,LOAD_DTTM_PC,LASTUPDDTTM_PC) values ('STLOU','111116','SOC','3291',14996,'001','4343',to_date('04-APR-16','DD-MON-RR'),to_date('04-APR-16','DD-MON-RR'));
Insert into BBCRSSHARE.CS_SEC_CRSE (INSTITUTION,CRSE_ID,SUBJECT,CATALOG_NBR,CLASS_NBR,CLASS_SECTION,STRM,LOAD_DTTM_PC,LASTUPDDTTM_PC) values ('STLOU','111423','SOC WK','6444',15525,'G01','4343',to_date('04-APR-16','DD-MON-RR'),to_date('04-APR-16','DD-MON-RR'));
Insert into BBCRSSHARE.CS_SEC_CRSE (INSTITUTION,CRSE_ID,SUBJECT,CATALOG_NBR,CLASS_NBR,CLASS_SECTION,STRM,LOAD_DTTM_PC,LASTUPDDTTM_PC) values ('STLOU','103953','ENGL','4160',15302,'003','4343',to_date('04-APR-16','DD-MON-RR'),to_date('04-APR-16','DD-MON-RR'));
Insert into BBCRSSHARE.CS_SEC_CRSE (INSTITUTION,CRSE_ID,SUBJECT,CATALOG_NBR,CLASS_NBR,CLASS_SECTION,STRM,LOAD_DTTM_PC,LASTUPDDTTM_PC) values ('STLOU','107803','PHYSICS','6463',15133,'G01','4343',to_date('04-APR-16','DD-MON-RR'),to_date('04-APR-16','DD-MON-RR'));
Insert into BBCRSSHARE.CS_SEC_CRSE (INSTITUTION,CRSE_ID,SUBJECT,CATALOG_NBR,CLASS_NBR,CLASS_SECTION,STRM,LOAD_DTTM_PC,LASTUPDDTTM_PC) values ('STLOU','103953','ENGL','4160',15301,'001','4343',to_date('04-APR-16','DD-MON-RR'),to_date('04-APR-16','DD-MON-RR'));
Insert into BBCRSSHARE.CS_SEC_CRSE (INSTITUTION,CRSE_ID,SUBJECT,CATALOG_NBR,CLASS_NBR,CLASS_SECTION,STRM,LOAD_DTTM_PC,LASTUPDDTTM_PC) values ('STLOU','108008','POL SCI','3430',14976,'001','4343',to_date('04-APR-16','DD-MON-RR'),to_date('04-APR-16','DD-MON-RR'));
Insert into BBCRSSHARE.CS_SEC_CRSE (INSTITUTION,CRSE_ID,SUBJECT,CATALOG_NBR,CLASS_NBR,CLASS_SECTION,STRM,LOAD_DTTM_PC,LASTUPDDTTM_PC) values ('STLOU','107333','PHIL','3304',22019,'001','4427',to_date('04-APR-16','DD-MON-RR'),to_date('04-APR-16','DD-MON-RR'));
Insert into BBCRSSHARE.CS_SEC_CRSE (INSTITUTION,CRSE_ID,SUBJECT,CATALOG_NBR,CLASS_NBR,CLASS_SECTION,STRM,LOAD_DTTM_PC,LASTUPDDTTM_PC) values ('STLOU','103953','ENGL','4160',22218,'006','4427',to_date('04-APR-16','DD-MON-RR'),to_date('04-APR-16','DD-MON-RR'));
Insert into BBCRSSHARE.CS_SEC_CRSE (INSTITUTION,CRSE_ID,SUBJECT,CATALOG_NBR,CLASS_NBR,CLASS_SECTION,STRM,LOAD_DTTM_PC,LASTUPDDTTM_PC) values ('STLOU','103953','ENGL','4160',22219,'007','4427',to_date('04-APR-16','DD-MON-RR'),to_date('04-APR-16','DD-MON-RR'));
Insert into BBCRSSHARE.CS_SEC_CRSE (INSTITUTION,CRSE_ID,SUBJECT,CATALOG_NBR,CLASS_NBR,CLASS_SECTION,STRM,LOAD_DTTM_PC,LASTUPDDTTM_PC) values ('STLOU','104748','HIST','2219',11913,'001','4427',to_date('04-APR-16','DD-MON-RR'),to_date('04-APR-16','DD-MON-RR'));
Insert into BBCRSSHARE.CS_SEC_CRSE (INSTITUTION,CRSE_ID,SUBJECT,CATALOG_NBR,CLASS_NBR,CLASS_SECTION,STRM,LOAD_DTTM_PC,LASTUPDDTTM_PC) values ('STLOU','111423','SOC WK','6444',22495,'G01','4427',to_date('04-APR-16','DD-MON-RR'),to_date('04-APR-16','DD-MON-RR'));
Insert into BBCRSSHARE.CS_SEC_CRSE (INSTITUTION,CRSE_ID,SUBJECT,CATALOG_NBR,CLASS_NBR,CLASS_SECTION,STRM,LOAD_DTTM_PC,LASTUPDDTTM_PC) values ('STLOU','108059','POL SCI','3890',12941,'001','4443',to_date('04-APR-16','DD-MON-RR'),to_date('04-APR-16','DD-MON-RR'));
Insert into BBCRSSHARE.CS_SEC_CRSE (INSTITUTION,CRSE_ID,SUBJECT,CATALOG_NBR,CLASS_NBR,CLASS_SECTION,STRM,LOAD_DTTM_PC,LASTUPDDTTM_PC) values ('STLOU','101458','BIOL','3920',22179,'001','4427',to_date('04-APR-16','DD-MON-RR'),to_date('04-APR-16','DD-MON-RR'));
Insert into BBCRSSHARE.CS_SEC_CRSE (INSTITUTION,CRSE_ID,SUBJECT,CATALOG_NBR,CLASS_NBR,CLASS_SECTION,STRM,LOAD_DTTM_PC,LASTUPDDTTM_PC) values ('STLOU','111423','SOC WK','6444',15242,'G01','4443',to_date('04-APR-16','DD-MON-RR'),to_date('04-APR-16','DD-MON-RR'));
Insert into BBCRSSHARE.CS_SEC_CRSE (INSTITUTION,CRSE_ID,SUBJECT,CATALOG_NBR,CLASS_NBR,CLASS_SECTION,STRM,LOAD_DTTM_PC,LASTUPDDTTM_PC) values ('STLOU','103953','ENGL','4160',15192,'001','4443',to_date('04-APR-16','DD-MON-RR'),to_date('04-APR-16','DD-MON-RR'));
Insert into BBCRSSHARE.CS_SEC_CRSE (INSTITUTION,CRSE_ID,SUBJECT,CATALOG_NBR,CLASS_NBR,CLASS_SECTION,STRM,LOAD_DTTM_PC,LASTUPDDTTM_PC) values ('STLOU','111531','TCH ED','6275',12106,'G01','4435',to_date('04-APR-16','DD-MON-RR'),to_date('04-APR-16','DD-MON-RR'));
Insert into BBCRSSHARE.CS_SEC_CRSE (INSTITUTION,CRSE_ID,SUBJECT,CATALOG_NBR,CLASS_NBR,CLASS_SECTION,STRM,LOAD_DTTM_PC,LASTUPDDTTM_PC) values ('STLOU','111529','NURSE','7529',15269,'G01','4443',to_date('04-APR-16','DD-MON-RR'),to_date('04-APR-16','DD-MON-RR'));
Insert into BBCRSSHARE.CS_SEC_CRSE (INSTITUTION,CRSE_ID,SUBJECT,CATALOG_NBR,CLASS_NBR,CLASS_SECTION,STRM,LOAD_DTTM_PC,LASTUPDDTTM_PC) values ('STLOU','110620','NURSE','7212',13013,'G01','4443',to_date('04-APR-16','DD-MON-RR'),to_date('04-APR-16','DD-MON-RR'));
Insert into BBCRSSHARE.CS_SEC_CRSE (INSTITUTION,CRSE_ID,SUBJECT,CATALOG_NBR,CLASS_NBR,CLASS_SECTION,STRM,LOAD_DTTM_PC,LASTUPDDTTM_PC) values ('STLOU','102269','CMP SCI','5700',15250,'G01','4443',to_date('04-APR-16','DD-MON-RR'),to_date('04-APR-16','DD-MON-RR'));
Insert into BBCRSSHARE.CS_SEC_CRSE (INSTITUTION,CRSE_ID,SUBJECT,CATALOG_NBR,CLASS_NBR,CLASS_SECTION,STRM,LOAD_DTTM_PC,LASTUPDDTTM_PC) values ('STLOU','109123','SOC WK','6900',15241,'G05','4443',to_date('04-APR-16','DD-MON-RR'),to_date('04-APR-16','DD-MON-RR'));
Insert into BBCRSSHARE.CS_SEC_CRSE (INSTITUTION,CRSE_ID,SUBJECT,CATALOG_NBR,CLASS_NBR,CLASS_SECTION,STRM,LOAD_DTTM_PC,LASTUPDDTTM_PC) values ('COLUM','013515','SOC_WK','7001',67107,'01','4243',to_date('04-APR-16','DD-MON-RR'),to_date('04-APR-16','DD-MON-RR'));
Insert into BBCRSSHARE.CS_SEC_CRSE (INSTITUTION,CRSE_ID,SUBJECT,CATALOG_NBR,CLASS_NBR,CLASS_SECTION,STRM,LOAD_DTTM_PC,LASTUPDDTTM_PC) values ('COLUM','002280','CV_ENG','4500',68234,'01','4243',to_date('04-APR-16','DD-MON-RR'),to_date('04-APR-16','DD-MON-RR'));
Insert into BBCRSSHARE.CS_SEC_CRSE (INSTITUTION,CRSE_ID,SUBJECT,CATALOG_NBR,CLASS_NBR,CLASS_SECTION,STRM,LOAD_DTTM_PC,LASTUPDDTTM_PC) values ('COLUM','002280','CV_ENG','4500',62887,'01','4343',to_date('04-APR-16','DD-MON-RR'),to_date('04-APR-16','DD-MON-RR'));
Insert into BBCRSSHARE.CS_SEC_CRSE (INSTITUTION,CRSE_ID,SUBJECT,CATALOG_NBR,CLASS_NBR,CLASS_SECTION,STRM,LOAD_DTTM_PC,LASTUPDDTTM_PC) values ('COLUM','013515','SOC_WK','7001',67209,'01','4343',to_date('04-APR-16','DD-MON-RR'),to_date('04-APR-16','DD-MON-RR'));
Insert into BBCRSSHARE.CS_SEC_CRSE (INSTITUTION,CRSE_ID,SUBJECT,CATALOG_NBR,CLASS_NBR,CLASS_SECTION,STRM,LOAD_DTTM_PC,LASTUPDDTTM_PC) values ('COLUM','009160','MATH','4960',53055,'01','4327',to_date('04-APR-16','DD-MON-RR'),to_date('04-APR-16','DD-MON-RR'));
Insert into BBCRSSHARE.CS_SEC_CRSE (INSTITUTION,CRSE_ID,SUBJECT,CATALOG_NBR,CLASS_NBR,CLASS_SECTION,STRM,LOAD_DTTM_PC,LASTUPDDTTM_PC) values ('COLUM','009161','MATH','7960',55457,'01','4327',to_date('04-APR-16','DD-MON-RR'),to_date('04-APR-16','DD-MON-RR'));
Insert into BBCRSSHARE.CS_SEC_CRSE (INSTITUTION,CRSE_ID,SUBJECT,CATALOG_NBR,CLASS_NBR,CLASS_SECTION,STRM,LOAD_DTTM_PC,LASTUPDDTTM_PC) values ('COLUM','013515','SOC_WK','7001',67222,'02','4343',to_date('04-APR-16','DD-MON-RR'),to_date('04-APR-16','DD-MON-RR'));
Insert into BBCRSSHARE.CS_SEC_CRSE (INSTITUTION,CRSE_ID,SUBJECT,CATALOG_NBR,CLASS_NBR,CLASS_SECTION,STRM,LOAD_DTTM_PC,LASTUPDDTTM_PC) values ('COLUM','013515','SOC_WK','7001',68488,'04','4343',to_date('04-APR-16','DD-MON-RR'),to_date('04-APR-16','DD-MON-RR'));
Insert into BBCRSSHARE.CS_SEC_CRSE (INSTITUTION,CRSE_ID,SUBJECT,CATALOG_NBR,CLASS_NBR,CLASS_SECTION,STRM,LOAD_DTTM_PC,LASTUPDDTTM_PC) values ('COLUM','013515','SOC_WK','7001',68489,'05','4343',to_date('04-APR-16','DD-MON-RR'),to_date('04-APR-16','DD-MON-RR'));
Insert into BBCRSSHARE.CS_SEC_CRSE (INSTITUTION,CRSE_ID,SUBJECT,CATALOG_NBR,CLASS_NBR,CLASS_SECTION,STRM,LOAD_DTTM_PC,LASTUPDDTTM_PC) values ('COLUM','013515','SOC_WK','7001',68490,'06','4343',to_date('04-APR-16','DD-MON-RR'),to_date('04-APR-16','DD-MON-RR'));
Insert into BBCRSSHARE.CS_SEC_CRSE (INSTITUTION,CRSE_ID,SUBJECT,CATALOG_NBR,CLASS_NBR,CLASS_SECTION,STRM,LOAD_DTTM_PC,LASTUPDDTTM_PC) values ('COLUM','019551','SOC_WK','8220',68420,'01','4343',to_date('04-APR-16','DD-MON-RR'),to_date('04-APR-16','DD-MON-RR'));
Insert into BBCRSSHARE.CS_SEC_CRSE (INSTITUTION,CRSE_ID,SUBJECT,CATALOG_NBR,CLASS_NBR,CLASS_SECTION,STRM,LOAD_DTTM_PC,LASTUPDDTTM_PC) values ('COLUM','019551','SOC_WK','8220',68421,'02','4343',to_date('04-APR-16','DD-MON-RR'),to_date('04-APR-16','DD-MON-RR'));
Insert into BBCRSSHARE.CS_SEC_CRSE (INSTITUTION,CRSE_ID,SUBJECT,CATALOG_NBR,CLASS_NBR,CLASS_SECTION,STRM,LOAD_DTTM_PC,LASTUPDDTTM_PC) values ('COLUM','019551','SOC_WK','8220',68422,'03','4343',to_date('04-APR-16','DD-MON-RR'),to_date('04-APR-16','DD-MON-RR'));
Insert into BBCRSSHARE.CS_SEC_CRSE (INSTITUTION,CRSE_ID,SUBJECT,CATALOG_NBR,CLASS_NBR,CLASS_SECTION,STRM,LOAD_DTTM_PC,LASTUPDDTTM_PC) values ('COLUM','019551','SOC_WK','8220',68423,'04','4343',to_date('04-APR-16','DD-MON-RR'),to_date('04-APR-16','DD-MON-RR'));
--------------------------------------------------------
--  DDL for Index PROP_OFFER_TERM_INDEX
--------------------------------------------------------

  CREATE INDEX "CSADMIN"."PROP_OFFER_TERM_INDEX" ON "CSADMIN"."TBL_PROPOSAL" ("PROP_OFFER_TERM") 
  PCTFREE 10 INITRANS 2 MAXTRANS 255 COMPUTE STATISTICS NOLOGGING 
  STORAGE(INITIAL 65536 NEXT 1048576 MINEXTENTS 1 MAXEXTENTS 2147483645
  PCTINCREASE 0 FREELISTS 1 FREELIST GROUPS 1 BUFFER_POOL DEFAULT FLASH_CACHE DEFAULT CELL_FLASH_CACHE DEFAULT)
  TABLESPACE "COURSE_SHARE" ;
--------------------------------------------------------
--  DDL for Index TABLE1_PK
--------------------------------------------------------

  CREATE UNIQUE INDEX "CSADMIN"."TABLE1_PK" ON "CSADMIN"."TBL_OFFER_STATUS" ("OFFER_STATUS") 
  PCTFREE 10 INITRANS 2 MAXTRANS 255 COMPUTE STATISTICS NOLOGGING 
  STORAGE(INITIAL 65536 NEXT 1048576 MINEXTENTS 1 MAXEXTENTS 2147483645
  PCTINCREASE 0 FREELISTS 1 FREELIST GROUPS 1 BUFFER_POOL DEFAULT FLASH_CACHE DEFAULT CELL_FLASH_CACHE DEFAULT)
  TABLESPACE "COURSE_SHARE" ;
--------------------------------------------------------
--  DDL for Index TBL_ACAD_ORG_PK
--------------------------------------------------------

  CREATE UNIQUE INDEX "CSADMIN"."TBL_ACAD_ORG_PK" ON "CSADMIN"."TBL_ACAD_ORG" ("ACAD_ORG") 
  PCTFREE 10 INITRANS 2 MAXTRANS 255 COMPUTE STATISTICS NOLOGGING 
  STORAGE(INITIAL 65536 NEXT 1048576 MINEXTENTS 1 MAXEXTENTS 2147483645
  PCTINCREASE 0 FREELISTS 1 FREELIST GROUPS 1 BUFFER_POOL DEFAULT FLASH_CACHE DEFAULT CELL_FLASH_CACHE DEFAULT)
  TABLESPACE "COURSE_SHARE" ;
--------------------------------------------------------
--  DDL for Index TBL_CAREER_PK
--------------------------------------------------------

  CREATE UNIQUE INDEX "CSADMIN"."TBL_CAREER_PK" ON "CSADMIN"."TBL_CAREER" ("ACAD_CAREER") 
  PCTFREE 10 INITRANS 2 MAXTRANS 255 COMPUTE STATISTICS NOLOGGING 
  STORAGE(INITIAL 65536 NEXT 1048576 MINEXTENTS 1 MAXEXTENTS 2147483645
  PCTINCREASE 0 FREELISTS 1 FREELIST GROUPS 1 BUFFER_POOL DEFAULT FLASH_CACHE DEFAULT CELL_FLASH_CACHE DEFAULT)
  TABLESPACE "COURSE_SHARE" ;
--------------------------------------------------------
--  DDL for Index TBL_COMMENTS_PK
--------------------------------------------------------

  CREATE UNIQUE INDEX "CSADMIN"."TBL_COMMENTS_PK" ON "CSADMIN"."TBL_COMMENTS" ("COMMENT_ID") 
  PCTFREE 10 INITRANS 2 MAXTRANS 255 COMPUTE STATISTICS NOLOGGING 
  STORAGE(INITIAL 65536 NEXT 1048576 MINEXTENTS 1 MAXEXTENTS 2147483645
  PCTINCREASE 0 FREELISTS 1 FREELIST GROUPS 1 BUFFER_POOL DEFAULT FLASH_CACHE DEFAULT CELL_FLASH_CACHE DEFAULT)
  TABLESPACE "COURSE_SHARE" ;
--------------------------------------------------------
--  DDL for Index TBL_COURSE_STATUS_PK
--------------------------------------------------------

  CREATE UNIQUE INDEX "CSADMIN"."TBL_COURSE_STATUS_PK" ON "CSADMIN"."TBL_COURSE_STATUS" ("COURSE_STATUS") 
  PCTFREE 10 INITRANS 2 MAXTRANS 255 COMPUTE STATISTICS NOLOGGING 
  STORAGE(INITIAL 65536 NEXT 1048576 MINEXTENTS 1 MAXEXTENTS 2147483645
  PCTINCREASE 0 FREELISTS 1 FREELIST GROUPS 1 BUFFER_POOL DEFAULT FLASH_CACHE DEFAULT CELL_FLASH_CACHE DEFAULT)
  TABLESPACE "COURSE_SHARE" ;
--------------------------------------------------------
--  DDL for Index TBL_FACULTY_TYPE_PK
--------------------------------------------------------

  CREATE UNIQUE INDEX "CSADMIN"."TBL_FACULTY_TYPE_PK" ON "CSADMIN"."TBL_FACULTY_TYPE" ("FACULTY_TYPE") 
  PCTFREE 10 INITRANS 2 MAXTRANS 255 COMPUTE STATISTICS NOLOGGING 
  STORAGE(INITIAL 65536 NEXT 1048576 MINEXTENTS 1 MAXEXTENTS 2147483645
  PCTINCREASE 0 FREELISTS 1 FREELIST GROUPS 1 BUFFER_POOL DEFAULT FLASH_CACHE DEFAULT CELL_FLASH_CACHE DEFAULT)
  TABLESPACE "COURSE_SHARE" ;
--------------------------------------------------------
--  DDL for Index TBL_INSTITUTION_PK
--------------------------------------------------------

  CREATE UNIQUE INDEX "CSADMIN"."TBL_INSTITUTION_PK" ON "CSADMIN"."TBL_INSTITUTION" ("INSTITUTION") 
  PCTFREE 10 INITRANS 2 MAXTRANS 255 COMPUTE STATISTICS NOLOGGING 
  STORAGE(INITIAL 65536 NEXT 1048576 MINEXTENTS 1 MAXEXTENTS 2147483645
  PCTINCREASE 0 FREELISTS 1 FREELIST GROUPS 1 BUFFER_POOL DEFAULT FLASH_CACHE DEFAULT CELL_FLASH_CACHE DEFAULT)
  TABLESPACE "COURSE_SHARE" ;
--------------------------------------------------------
--  DDL for Index TBL_LOGIN_PK
--------------------------------------------------------

  CREATE UNIQUE INDEX "CSADMIN"."TBL_LOGIN_PK" ON "CSADMIN"."TBL_LOGIN" ("SSO") 
  PCTFREE 10 INITRANS 2 MAXTRANS 255 COMPUTE STATISTICS NOLOGGING 
  STORAGE(INITIAL 65536 NEXT 1048576 MINEXTENTS 1 MAXEXTENTS 2147483645
  PCTINCREASE 0 FREELISTS 1 FREELIST GROUPS 1 BUFFER_POOL DEFAULT FLASH_CACHE DEFAULT CELL_FLASH_CACHE DEFAULT)
  TABLESPACE "COURSE_SHARE" ;
--------------------------------------------------------
--  DDL for Index TBL_LOGIN_UK1
--------------------------------------------------------

  CREATE UNIQUE INDEX "CSADMIN"."TBL_LOGIN_UK1" ON "CSADMIN"."TBL_LOGIN" ("USER_ID") 
  PCTFREE 10 INITRANS 2 MAXTRANS 255 COMPUTE STATISTICS NOLOGGING 
  STORAGE(INITIAL 65536 NEXT 1048576 MINEXTENTS 1 MAXEXTENTS 2147483645
  PCTINCREASE 0 FREELISTS 1 FREELIST GROUPS 1 BUFFER_POOL DEFAULT FLASH_CACHE DEFAULT CELL_FLASH_CACHE DEFAULT)
  TABLESPACE "COURSE_SHARE" ;
--------------------------------------------------------
--  DDL for Index TBL_PROPOSAL_PK
--------------------------------------------------------

  CREATE UNIQUE INDEX "CSADMIN"."TBL_PROPOSAL_PK" ON "CSADMIN"."TBL_PROPOSAL" ("PROPID") 
  PCTFREE 10 INITRANS 2 MAXTRANS 255 COMPUTE STATISTICS NOLOGGING 
  STORAGE(INITIAL 65536 NEXT 1048576 MINEXTENTS 1 MAXEXTENTS 2147483645
  PCTINCREASE 0 FREELISTS 1 FREELIST GROUPS 1 BUFFER_POOL DEFAULT FLASH_CACHE DEFAULT CELL_FLASH_CACHE DEFAULT)
  TABLESPACE "COURSE_SHARE" ;
--------------------------------------------------------
--  DDL for Index TBL_PROP_FACULTY_PK
--------------------------------------------------------

  CREATE UNIQUE INDEX "CSADMIN"."TBL_PROP_FACULTY_PK" ON "CSADMIN"."TBL_PROP_FACULTY" ("PROPID", "CRSE_SEQ_NUM", "COURSE_TYPE", "USER_ID") 
  PCTFREE 10 INITRANS 2 MAXTRANS 255 COMPUTE STATISTICS NOLOGGING 
  STORAGE(INITIAL 65536 NEXT 1048576 MINEXTENTS 1 MAXEXTENTS 2147483645
  PCTINCREASE 0 FREELISTS 1 FREELIST GROUPS 1 BUFFER_POOL DEFAULT FLASH_CACHE DEFAULT CELL_FLASH_CACHE DEFAULT)
  TABLESPACE "COURSE_SHARE" ;
--------------------------------------------------------
--  DDL for Index TBL_PROP_PRI_COURSES_PK
--------------------------------------------------------

  CREATE UNIQUE INDEX "CSADMIN"."TBL_PROP_PRI_COURSES_PK" ON "CSADMIN"."TBL_PROP_PRI_COURSES" ("PROPID", "PRI_SEQ_NUM") 
  PCTFREE 10 INITRANS 2 MAXTRANS 255 COMPUTE STATISTICS NOLOGGING 
  STORAGE(INITIAL 65536 NEXT 1048576 MINEXTENTS 1 MAXEXTENTS 2147483645
  PCTINCREASE 0 FREELISTS 1 FREELIST GROUPS 1 BUFFER_POOL DEFAULT FLASH_CACHE DEFAULT CELL_FLASH_CACHE DEFAULT)
  TABLESPACE "COURSE_SHARE" ;
--------------------------------------------------------
--  DDL for Index TBL_PROP_SEC_COURSES_PK
--------------------------------------------------------

  CREATE UNIQUE INDEX "CSADMIN"."TBL_PROP_SEC_COURSES_PK" ON "CSADMIN"."TBL_PROP_SEC_COURSES" ("PROPID", "PRI_SEQ_NUM", "SEC_SEQ_NUM") 
  PCTFREE 10 INITRANS 2 MAXTRANS 255 COMPUTE STATISTICS NOLOGGING 
  STORAGE(INITIAL 65536 NEXT 1048576 MINEXTENTS 1 MAXEXTENTS 2147483645
  PCTINCREASE 0 FREELISTS 1 FREELIST GROUPS 1 BUFFER_POOL DEFAULT FLASH_CACHE DEFAULT CELL_FLASH_CACHE DEFAULT)
  TABLESPACE "COURSE_SHARE" ;
--------------------------------------------------------
--  DDL for Index TBL_SHARED_PRI_COURSES_PK
--------------------------------------------------------

  CREATE UNIQUE INDEX "CSADMIN"."TBL_SHARED_PRI_COURSES_PK" ON "CSADMIN"."TBL_SHARED_PRI_COURSES" ("PROPID", "PRI_COURSE_ID") 
  PCTFREE 10 INITRANS 2 MAXTRANS 255 COMPUTE STATISTICS NOLOGGING 
  STORAGE(INITIAL 65536 NEXT 1048576 MINEXTENTS 1 MAXEXTENTS 2147483645
  PCTINCREASE 0 FREELISTS 1 FREELIST GROUPS 1 BUFFER_POOL DEFAULT FLASH_CACHE DEFAULT CELL_FLASH_CACHE DEFAULT)
  TABLESPACE "COURSE_SHARE" ;
--------------------------------------------------------
--  DDL for Index TBL_SHARED_SEC_COURSES_PK
--------------------------------------------------------

  CREATE UNIQUE INDEX "CSADMIN"."TBL_SHARED_SEC_COURSES_PK" ON "CSADMIN"."TBL_SHARED_SEC_COURSES" ("PROPID", "PRI_COURSE_ID", "SEC_COURSE_ID") 
  PCTFREE 10 INITRANS 2 MAXTRANS 255 COMPUTE STATISTICS NOLOGGING 
  STORAGE(INITIAL 65536 NEXT 1048576 MINEXTENTS 1 MAXEXTENTS 2147483645
  PCTINCREASE 0 FREELISTS 1 FREELIST GROUPS 1 BUFFER_POOL DEFAULT FLASH_CACHE DEFAULT CELL_FLASH_CACHE DEFAULT)
  TABLESPACE "COURSE_SHARE" ;
--------------------------------------------------------
--  DDL for Index TBL_TERM_PK
--------------------------------------------------------

  CREATE UNIQUE INDEX "CSADMIN"."TBL_TERM_PK" ON "CSADMIN"."TBL_TERM" ("STRM") 
  PCTFREE 10 INITRANS 2 MAXTRANS 255 COMPUTE STATISTICS NOLOGGING 
  STORAGE(INITIAL 65536 NEXT 1048576 MINEXTENTS 1 MAXEXTENTS 2147483645
  PCTINCREASE 0 FREELISTS 1 FREELIST GROUPS 1 BUFFER_POOL DEFAULT FLASH_CACHE DEFAULT CELL_FLASH_CACHE DEFAULT)
  TABLESPACE "COURSE_SHARE" ;
--------------------------------------------------------
--  DDL for Index TBL_USERS_PK
--------------------------------------------------------

  CREATE UNIQUE INDEX "CSADMIN"."TBL_USERS_PK" ON "CSADMIN"."TBL_USERS" ("USER_ID") 
  PCTFREE 10 INITRANS 2 MAXTRANS 255 COMPUTE STATISTICS NOLOGGING 
  STORAGE(INITIAL 65536 NEXT 1048576 MINEXTENTS 1 MAXEXTENTS 2147483645
  PCTINCREASE 0 FREELISTS 1 FREELIST GROUPS 1 BUFFER_POOL DEFAULT FLASH_CACHE DEFAULT CELL_FLASH_CACHE DEFAULT)
  TABLESPACE "COURSE_SHARE" ;
--------------------------------------------------------
--  Constraints for Table TBL_ACAD_ORG
--------------------------------------------------------

  ALTER TABLE "CSADMIN"."TBL_ACAD_ORG" ADD CONSTRAINT "TBL_ACAD_ORG_PK" PRIMARY KEY ("ACAD_ORG")
  USING INDEX PCTFREE 10 INITRANS 2 MAXTRANS 255 COMPUTE STATISTICS NOLOGGING 
  STORAGE(INITIAL 65536 NEXT 1048576 MINEXTENTS 1 MAXEXTENTS 2147483645
  PCTINCREASE 0 FREELISTS 1 FREELIST GROUPS 1 BUFFER_POOL DEFAULT FLASH_CACHE DEFAULT CELL_FLASH_CACHE DEFAULT)
  TABLESPACE "COURSE_SHARE"  ENABLE;
  ALTER TABLE "CSADMIN"."TBL_ACAD_ORG" MODIFY ("DESCRFORMAL" NOT NULL ENABLE);
  ALTER TABLE "CSADMIN"."TBL_ACAD_ORG" MODIFY ("DESCRSHORT" NOT NULL ENABLE);
  ALTER TABLE "CSADMIN"."TBL_ACAD_ORG" MODIFY ("DESCR" NOT NULL ENABLE);
  ALTER TABLE "CSADMIN"."TBL_ACAD_ORG" MODIFY ("EFF_STATUS" NOT NULL ENABLE);
  ALTER TABLE "CSADMIN"."TBL_ACAD_ORG" MODIFY ("ACAD_ORG" NOT NULL ENABLE);
--------------------------------------------------------
--  Constraints for Table TBL_CAREER
--------------------------------------------------------

  ALTER TABLE "CSADMIN"."TBL_CAREER" ADD CONSTRAINT "TBL_CAREER_PK" PRIMARY KEY ("ACAD_CAREER")
  USING INDEX PCTFREE 10 INITRANS 2 MAXTRANS 255 COMPUTE STATISTICS NOLOGGING 
  STORAGE(INITIAL 65536 NEXT 1048576 MINEXTENTS 1 MAXEXTENTS 2147483645
  PCTINCREASE 0 FREELISTS 1 FREELIST GROUPS 1 BUFFER_POOL DEFAULT FLASH_CACHE DEFAULT CELL_FLASH_CACHE DEFAULT)
  TABLESPACE "COURSE_SHARE"  ENABLE;
  ALTER TABLE "CSADMIN"."TBL_CAREER" MODIFY ("DESCR_SHORT" NOT NULL ENABLE);
  ALTER TABLE "CSADMIN"."TBL_CAREER" MODIFY ("DESCR" NOT NULL ENABLE);
  ALTER TABLE "CSADMIN"."TBL_CAREER" MODIFY ("ACAD_CAREER" NOT NULL ENABLE);
--------------------------------------------------------
--  Constraints for Table TBL_COMMENTS
--------------------------------------------------------

  ALTER TABLE "CSADMIN"."TBL_COMMENTS" MODIFY ("COMMENT_ID" NOT NULL ENABLE);
  ALTER TABLE "CSADMIN"."TBL_COMMENTS" ADD CONSTRAINT "TBL_COMMENTS_PK" PRIMARY KEY ("COMMENT_ID")
  USING INDEX PCTFREE 10 INITRANS 2 MAXTRANS 255 COMPUTE STATISTICS NOLOGGING 
  STORAGE(INITIAL 65536 NEXT 1048576 MINEXTENTS 1 MAXEXTENTS 2147483645
  PCTINCREASE 0 FREELISTS 1 FREELIST GROUPS 1 BUFFER_POOL DEFAULT FLASH_CACHE DEFAULT CELL_FLASH_CACHE DEFAULT)
  TABLESPACE "COURSE_SHARE"  ENABLE;
  ALTER TABLE "CSADMIN"."TBL_COMMENTS" MODIFY ("COM_TEXT" NOT NULL ENABLE);
  ALTER TABLE "CSADMIN"."TBL_COMMENTS" MODIFY ("USERID" NOT NULL ENABLE);
  ALTER TABLE "CSADMIN"."TBL_COMMENTS" MODIFY ("COM_TIMESTAMP" NOT NULL ENABLE);
  ALTER TABLE "CSADMIN"."TBL_COMMENTS" MODIFY ("PROPID" NOT NULL ENABLE);
--------------------------------------------------------
--  Constraints for Table TBL_COURSE_STATUS
--------------------------------------------------------

  ALTER TABLE "CSADMIN"."TBL_COURSE_STATUS" ADD CONSTRAINT "TBL_COURSE_STATUS_PK" PRIMARY KEY ("COURSE_STATUS")
  USING INDEX PCTFREE 10 INITRANS 2 MAXTRANS 255 COMPUTE STATISTICS NOLOGGING 
  STORAGE(INITIAL 65536 NEXT 1048576 MINEXTENTS 1 MAXEXTENTS 2147483645
  PCTINCREASE 0 FREELISTS 1 FREELIST GROUPS 1 BUFFER_POOL DEFAULT FLASH_CACHE DEFAULT CELL_FLASH_CACHE DEFAULT)
  TABLESPACE "COURSE_SHARE"  ENABLE;
  ALTER TABLE "CSADMIN"."TBL_COURSE_STATUS" MODIFY ("COURSE_STATUS" NOT NULL ENABLE);
--------------------------------------------------------
--  Constraints for Table TBL_FACULTY_TYPE
--------------------------------------------------------

  ALTER TABLE "CSADMIN"."TBL_FACULTY_TYPE" MODIFY ("FACULTY_TYPE" NOT NULL ENABLE);
  ALTER TABLE "CSADMIN"."TBL_FACULTY_TYPE" ADD CONSTRAINT "TBL_FACULTY_TYPE_PK" PRIMARY KEY ("FACULTY_TYPE")
  USING INDEX PCTFREE 10 INITRANS 2 MAXTRANS 255 COMPUTE STATISTICS NOLOGGING 
  STORAGE(INITIAL 65536 NEXT 1048576 MINEXTENTS 1 MAXEXTENTS 2147483645
  PCTINCREASE 0 FREELISTS 1 FREELIST GROUPS 1 BUFFER_POOL DEFAULT FLASH_CACHE DEFAULT CELL_FLASH_CACHE DEFAULT)
  TABLESPACE "COURSE_SHARE"  ENABLE;
--------------------------------------------------------
--  Constraints for Table TBL_INSTITUTION
--------------------------------------------------------

  ALTER TABLE "CSADMIN"."TBL_INSTITUTION" ADD CONSTRAINT "TBL_INSTITUTION_PK" PRIMARY KEY ("INSTITUTION")
  USING INDEX PCTFREE 10 INITRANS 2 MAXTRANS 255 COMPUTE STATISTICS NOLOGGING 
  STORAGE(INITIAL 65536 NEXT 1048576 MINEXTENTS 1 MAXEXTENTS 2147483645
  PCTINCREASE 0 FREELISTS 1 FREELIST GROUPS 1 BUFFER_POOL DEFAULT FLASH_CACHE DEFAULT CELL_FLASH_CACHE DEFAULT)
  TABLESPACE "COURSE_SHARE"  ENABLE;
  ALTER TABLE "CSADMIN"."TBL_INSTITUTION" MODIFY ("INSTIT_DESCR" NOT NULL ENABLE);
  ALTER TABLE "CSADMIN"."TBL_INSTITUTION" MODIFY ("INSTITUTION" NOT NULL ENABLE);
--------------------------------------------------------
--  Constraints for Table TBL_LOGIN
--------------------------------------------------------

  ALTER TABLE "CSADMIN"."TBL_LOGIN" MODIFY ("USER_TYPE" NOT NULL ENABLE);
  ALTER TABLE "CSADMIN"."TBL_LOGIN" ADD CONSTRAINT "TBL_LOGIN_PK" PRIMARY KEY ("SSO")
  USING INDEX PCTFREE 10 INITRANS 2 MAXTRANS 255 COMPUTE STATISTICS NOLOGGING 
  STORAGE(INITIAL 65536 NEXT 1048576 MINEXTENTS 1 MAXEXTENTS 2147483645
  PCTINCREASE 0 FREELISTS 1 FREELIST GROUPS 1 BUFFER_POOL DEFAULT FLASH_CACHE DEFAULT CELL_FLASH_CACHE DEFAULT)
  TABLESPACE "COURSE_SHARE"  ENABLE;
  ALTER TABLE "CSADMIN"."TBL_LOGIN" MODIFY ("HASHPASS" NOT NULL ENABLE);
  ALTER TABLE "CSADMIN"."TBL_LOGIN" MODIFY ("SSO" NOT NULL ENABLE);
  ALTER TABLE "CSADMIN"."TBL_LOGIN" ADD CONSTRAINT "TBL_LOGIN_UK1" UNIQUE ("USER_ID")
  USING INDEX PCTFREE 10 INITRANS 2 MAXTRANS 255 COMPUTE STATISTICS NOLOGGING 
  STORAGE(INITIAL 65536 NEXT 1048576 MINEXTENTS 1 MAXEXTENTS 2147483645
  PCTINCREASE 0 FREELISTS 1 FREELIST GROUPS 1 BUFFER_POOL DEFAULT FLASH_CACHE DEFAULT CELL_FLASH_CACHE DEFAULT)
  TABLESPACE "COURSE_SHARE"  ENABLE;
  ALTER TABLE "CSADMIN"."TBL_LOGIN" MODIFY ("USER_ID" NOT NULL ENABLE);
--------------------------------------------------------
--  Constraints for Table TBL_OFFER_STATUS
--------------------------------------------------------

  ALTER TABLE "CSADMIN"."TBL_OFFER_STATUS" ADD CONSTRAINT "TABLE1_PK" PRIMARY KEY ("OFFER_STATUS")
  USING INDEX PCTFREE 10 INITRANS 2 MAXTRANS 255 COMPUTE STATISTICS NOLOGGING 
  STORAGE(INITIAL 65536 NEXT 1048576 MINEXTENTS 1 MAXEXTENTS 2147483645
  PCTINCREASE 0 FREELISTS 1 FREELIST GROUPS 1 BUFFER_POOL DEFAULT FLASH_CACHE DEFAULT CELL_FLASH_CACHE DEFAULT)
  TABLESPACE "COURSE_SHARE"  ENABLE;
  ALTER TABLE "CSADMIN"."TBL_OFFER_STATUS" MODIFY ("OFFER_STATUS" NOT NULL ENABLE);
--------------------------------------------------------
--  Constraints for Table TBL_PROPOSAL
--------------------------------------------------------

  ALTER TABLE "CSADMIN"."TBL_PROPOSAL" MODIFY ("MOD_DATE" NOT NULL ENABLE);
  ALTER TABLE "CSADMIN"."TBL_PROPOSAL" MODIFY ("MOD_BY" NOT NULL ENABLE);
  ALTER TABLE "CSADMIN"."TBL_PROPOSAL" MODIFY ("INSERT_DATE" NOT NULL ENABLE);
  ALTER TABLE "CSADMIN"."TBL_PROPOSAL" MODIFY ("INSERT_BY" NOT NULL ENABLE);
  ALTER TABLE "CSADMIN"."TBL_PROPOSAL" MODIFY ("SUBMIT_DATE" NOT NULL ENABLE);
  ALTER TABLE "CSADMIN"."TBL_PROPOSAL" MODIFY ("SUBMITTED_BY" NOT NULL ENABLE);
  ALTER TABLE "CSADMIN"."TBL_PROPOSAL" MODIFY ("PROP_OFFER_STATUS" NOT NULL ENABLE);
  ALTER TABLE "CSADMIN"."TBL_PROPOSAL" ADD CONSTRAINT "TBL_PROPOSAL_PK" PRIMARY KEY ("PROPID")
  USING INDEX PCTFREE 10 INITRANS 2 MAXTRANS 255 COMPUTE STATISTICS NOLOGGING 
  STORAGE(INITIAL 65536 NEXT 1048576 MINEXTENTS 1 MAXEXTENTS 2147483645
  PCTINCREASE 0 FREELISTS 1 FREELIST GROUPS 1 BUFFER_POOL DEFAULT FLASH_CACHE DEFAULT CELL_FLASH_CACHE DEFAULT)
  TABLESPACE "COURSE_SHARE"  ENABLE;
  ALTER TABLE "CSADMIN"."TBL_PROPOSAL" MODIFY ("PROPID" NOT NULL ENABLE);
--------------------------------------------------------
--  Constraints for Table TBL_PROP_FACULTY
--------------------------------------------------------

  ALTER TABLE "CSADMIN"."TBL_PROP_FACULTY" MODIFY ("PROPID" NOT NULL ENABLE);
  ALTER TABLE "CSADMIN"."TBL_PROP_FACULTY" MODIFY ("CRSE_SEQ_NUM" NOT NULL ENABLE);
  ALTER TABLE "CSADMIN"."TBL_PROP_FACULTY" MODIFY ("COURSE_TYPE" NOT NULL ENABLE);
  ALTER TABLE "CSADMIN"."TBL_PROP_FACULTY" MODIFY ("USER_ID" NOT NULL ENABLE);
  ALTER TABLE "CSADMIN"."TBL_PROP_FACULTY" ADD CONSTRAINT "TBL_PROP_FACULTY_PK" PRIMARY KEY ("PROPID", "CRSE_SEQ_NUM", "COURSE_TYPE", "USER_ID")
  USING INDEX PCTFREE 10 INITRANS 2 MAXTRANS 255 COMPUTE STATISTICS NOLOGGING 
  STORAGE(INITIAL 65536 NEXT 1048576 MINEXTENTS 1 MAXEXTENTS 2147483645
  PCTINCREASE 0 FREELISTS 1 FREELIST GROUPS 1 BUFFER_POOL DEFAULT FLASH_CACHE DEFAULT CELL_FLASH_CACHE DEFAULT)
  TABLESPACE "COURSE_SHARE"  ENABLE;
--------------------------------------------------------
--  Constraints for Table TBL_PROP_PRI_COURSES
--------------------------------------------------------

  ALTER TABLE "CSADMIN"."TBL_PROP_PRI_COURSES" MODIFY ("PROPID" NOT NULL ENABLE);
  ALTER TABLE "CSADMIN"."TBL_PROP_PRI_COURSES" MODIFY ("PRI_SEQ_NUM" NOT NULL ENABLE);
  ALTER TABLE "CSADMIN"."TBL_PROP_PRI_COURSES" ADD CONSTRAINT "TBL_PROP_PRI_COURSES_PK" PRIMARY KEY ("PROPID", "PRI_SEQ_NUM")
  USING INDEX PCTFREE 10 INITRANS 2 MAXTRANS 255 COMPUTE STATISTICS NOLOGGING 
  STORAGE(INITIAL 65536 NEXT 1048576 MINEXTENTS 1 MAXEXTENTS 2147483645
  PCTINCREASE 0 FREELISTS 1 FREELIST GROUPS 1 BUFFER_POOL DEFAULT FLASH_CACHE DEFAULT CELL_FLASH_CACHE DEFAULT)
  TABLESPACE "COURSE_SHARE"  ENABLE;
--------------------------------------------------------
--  Constraints for Table TBL_PROP_SEC_COURSES
--------------------------------------------------------

  ALTER TABLE "CSADMIN"."TBL_PROP_SEC_COURSES" MODIFY ("PROPID" NOT NULL ENABLE);
  ALTER TABLE "CSADMIN"."TBL_PROP_SEC_COURSES" MODIFY ("PRI_SEQ_NUM" NOT NULL ENABLE);
  ALTER TABLE "CSADMIN"."TBL_PROP_SEC_COURSES" MODIFY ("SEC_SEQ_NUM" NOT NULL ENABLE);
  ALTER TABLE "CSADMIN"."TBL_PROP_SEC_COURSES" ADD CONSTRAINT "TBL_PROP_SEC_COURSES_PK" PRIMARY KEY ("PROPID", "PRI_SEQ_NUM", "SEC_SEQ_NUM")
  USING INDEX PCTFREE 10 INITRANS 2 MAXTRANS 255 COMPUTE STATISTICS NOLOGGING 
  STORAGE(INITIAL 65536 NEXT 1048576 MINEXTENTS 1 MAXEXTENTS 2147483645
  PCTINCREASE 0 FREELISTS 1 FREELIST GROUPS 1 BUFFER_POOL DEFAULT FLASH_CACHE DEFAULT CELL_FLASH_CACHE DEFAULT)
  TABLESPACE "COURSE_SHARE"  ENABLE;
--------------------------------------------------------
--  Constraints for Table TBL_SHARED_PRI_COURSES
--------------------------------------------------------

  ALTER TABLE "CSADMIN"."TBL_SHARED_PRI_COURSES" MODIFY ("PROPID" NOT NULL ENABLE);
  ALTER TABLE "CSADMIN"."TBL_SHARED_PRI_COURSES" MODIFY ("PRI_COURSE_ID" NOT NULL ENABLE);
  ALTER TABLE "CSADMIN"."TBL_SHARED_PRI_COURSES" ADD CONSTRAINT "TBL_SHARED_PRI_COURSES_PK" PRIMARY KEY ("PROPID", "PRI_COURSE_ID")
  USING INDEX PCTFREE 10 INITRANS 2 MAXTRANS 255 COMPUTE STATISTICS NOLOGGING 
  STORAGE(INITIAL 65536 NEXT 1048576 MINEXTENTS 1 MAXEXTENTS 2147483645
  PCTINCREASE 0 FREELISTS 1 FREELIST GROUPS 1 BUFFER_POOL DEFAULT FLASH_CACHE DEFAULT CELL_FLASH_CACHE DEFAULT)
  TABLESPACE "COURSE_SHARE"  ENABLE;
  ALTER TABLE "CSADMIN"."TBL_SHARED_PRI_COURSES" MODIFY ("INSTITUTION" NOT NULL ENABLE);
  ALTER TABLE "CSADMIN"."TBL_SHARED_PRI_COURSES" MODIFY ("SUBJECT" NOT NULL ENABLE);
  ALTER TABLE "CSADMIN"."TBL_SHARED_PRI_COURSES" MODIFY ("CATALOG_NUM" NOT NULL ENABLE);
  ALTER TABLE "CSADMIN"."TBL_SHARED_PRI_COURSES" MODIFY ("DESCR" NOT NULL ENABLE);
  ALTER TABLE "CSADMIN"."TBL_SHARED_PRI_COURSES" MODIFY ("CLASS_SECTION" NOT NULL ENABLE);
  ALTER TABLE "CSADMIN"."TBL_SHARED_PRI_COURSES" MODIFY ("MOD_BY" NOT NULL ENABLE);
  ALTER TABLE "CSADMIN"."TBL_SHARED_PRI_COURSES" MODIFY ("MOD_DATE" NOT NULL ENABLE);
--------------------------------------------------------
--  Constraints for Table TBL_SHARED_SEC_COURSES
--------------------------------------------------------

  ALTER TABLE "CSADMIN"."TBL_SHARED_SEC_COURSES" MODIFY ("PROPID" NOT NULL ENABLE);
  ALTER TABLE "CSADMIN"."TBL_SHARED_SEC_COURSES" MODIFY ("PRI_COURSE_ID" NOT NULL ENABLE);
  ALTER TABLE "CSADMIN"."TBL_SHARED_SEC_COURSES" MODIFY ("SEC_COURSE_ID" NOT NULL ENABLE);
  ALTER TABLE "CSADMIN"."TBL_SHARED_SEC_COURSES" MODIFY ("INSTITUTION" NOT NULL ENABLE);
  ALTER TABLE "CSADMIN"."TBL_SHARED_SEC_COURSES" MODIFY ("SUBJECT" NOT NULL ENABLE);
  ALTER TABLE "CSADMIN"."TBL_SHARED_SEC_COURSES" MODIFY ("CATALOG_NUM" NOT NULL ENABLE);
  ALTER TABLE "CSADMIN"."TBL_SHARED_SEC_COURSES" ADD CONSTRAINT "TBL_SHARED_SEC_COURSES_PK" PRIMARY KEY ("PROPID", "PRI_COURSE_ID", "SEC_COURSE_ID")
  USING INDEX PCTFREE 10 INITRANS 2 MAXTRANS 255 COMPUTE STATISTICS NOLOGGING 
  STORAGE(INITIAL 65536 NEXT 1048576 MINEXTENTS 1 MAXEXTENTS 2147483645
  PCTINCREASE 0 FREELISTS 1 FREELIST GROUPS 1 BUFFER_POOL DEFAULT FLASH_CACHE DEFAULT CELL_FLASH_CACHE DEFAULT)
  TABLESPACE "COURSE_SHARE"  ENABLE;
  ALTER TABLE "CSADMIN"."TBL_SHARED_SEC_COURSES" MODIFY ("MOD_BY" NOT NULL ENABLE);
  ALTER TABLE "CSADMIN"."TBL_SHARED_SEC_COURSES" MODIFY ("MOD_DATE" NOT NULL ENABLE);
--------------------------------------------------------
--  Constraints for Table TBL_TERM
--------------------------------------------------------

  ALTER TABLE "CSADMIN"."TBL_TERM" ADD CONSTRAINT "TBL_TERM_PK" PRIMARY KEY ("STRM")
  USING INDEX PCTFREE 10 INITRANS 2 MAXTRANS 255 COMPUTE STATISTICS NOLOGGING 
  STORAGE(INITIAL 65536 NEXT 1048576 MINEXTENTS 1 MAXEXTENTS 2147483645
  PCTINCREASE 0 FREELISTS 1 FREELIST GROUPS 1 BUFFER_POOL DEFAULT FLASH_CACHE DEFAULT CELL_FLASH_CACHE DEFAULT)
  TABLESPACE "COURSE_SHARE"  ENABLE;
  ALTER TABLE "CSADMIN"."TBL_TERM" MODIFY ("DESCRSHORT" NOT NULL ENABLE);
  ALTER TABLE "CSADMIN"."TBL_TERM" MODIFY ("DESCR" NOT NULL ENABLE);
  ALTER TABLE "CSADMIN"."TBL_TERM" MODIFY ("STRM" NOT NULL ENABLE);
--------------------------------------------------------
--  Constraints for Table TBL_USERS
--------------------------------------------------------

  ALTER TABLE "CSADMIN"."TBL_USERS" MODIFY ("USER_ID" NOT NULL ENABLE);
  ALTER TABLE "CSADMIN"."TBL_USERS" MODIFY ("LAST_NAME" NOT NULL ENABLE);
  ALTER TABLE "CSADMIN"."TBL_USERS" MODIFY ("FIRST_NAME" NOT NULL ENABLE);
  ALTER TABLE "CSADMIN"."TBL_USERS" MODIFY ("TITLE" NOT NULL ENABLE);
  ALTER TABLE "CSADMIN"."TBL_USERS" MODIFY ("PHONE" NOT NULL ENABLE);
  ALTER TABLE "CSADMIN"."TBL_USERS" MODIFY ("EMAIL" NOT NULL ENABLE);
  ALTER TABLE "CSADMIN"."TBL_USERS" ADD CONSTRAINT "TBL_USERS_PK" PRIMARY KEY ("USER_ID")
  USING INDEX PCTFREE 10 INITRANS 2 MAXTRANS 255 COMPUTE STATISTICS NOLOGGING 
  STORAGE(INITIAL 65536 NEXT 1048576 MINEXTENTS 1 MAXEXTENTS 2147483645
  PCTINCREASE 0 FREELISTS 1 FREELIST GROUPS 1 BUFFER_POOL DEFAULT FLASH_CACHE DEFAULT CELL_FLASH_CACHE DEFAULT)
  TABLESPACE "COURSE_SHARE"  ENABLE;
--------------------------------------------------------
--  Ref Constraints for Table TBL_PROPOSAL
--------------------------------------------------------

  ALTER TABLE "CSADMIN"."TBL_PROPOSAL" ADD CONSTRAINT "TBL_PROPOSAL_FK1" FOREIGN KEY ("PROP_OFFER_TERM")
	  REFERENCES "CSADMIN"."TBL_TERM" ("STRM") ENABLE;
  ALTER TABLE "CSADMIN"."TBL_PROPOSAL" ADD CONSTRAINT "TBL_PROPOSAL_FK2" FOREIGN KEY ("PROP_OFFER_STATUS")
	  REFERENCES "CSADMIN"."TBL_OFFER_STATUS" ("OFFER_STATUS") ENABLE;
--------------------------------------------------------
--  Ref Constraints for Table TBL_PROP_FACULTY
--------------------------------------------------------

  ALTER TABLE "CSADMIN"."TBL_PROP_FACULTY" ADD CONSTRAINT "TBL_PROP_FACULTY_FK1" FOREIGN KEY ("FACULTY_TYPE")
	  REFERENCES "CSADMIN"."TBL_FACULTY_TYPE" ("FACULTY_TYPE") ENABLE;
  ALTER TABLE "CSADMIN"."TBL_PROP_FACULTY" ADD CONSTRAINT "TBL_PROP_FACULTY_FK2" FOREIGN KEY ("USER_ID")
	  REFERENCES "CSADMIN"."TBL_USERS" ("USER_ID") ENABLE;
--------------------------------------------------------
--  Ref Constraints for Table TBL_PROP_PRI_COURSES
--------------------------------------------------------

  ALTER TABLE "CSADMIN"."TBL_PROP_PRI_COURSES" ADD CONSTRAINT "TBL_PROP_PRI_COURSES_FK1" FOREIGN KEY ("PROPID")
	  REFERENCES "CSADMIN"."TBL_PROPOSAL" ("PROPID") ENABLE;
  ALTER TABLE "CSADMIN"."TBL_PROP_PRI_COURSES" ADD CONSTRAINT "TBL_PROP_PRI_COURSES_FK2" FOREIGN KEY ("INSTITUTION")
	  REFERENCES "CSADMIN"."TBL_INSTITUTION" ("INSTITUTION") ENABLE;
  ALTER TABLE "CSADMIN"."TBL_PROP_PRI_COURSES" ADD CONSTRAINT "TBL_PROP_PRI_COURSES_FK3" FOREIGN KEY ("CAREER")
	  REFERENCES "CSADMIN"."TBL_CAREER" ("ACAD_CAREER") ENABLE;
  ALTER TABLE "CSADMIN"."TBL_PROP_PRI_COURSES" ADD CONSTRAINT "TBL_PROP_PRI_COURSES_FK4" FOREIGN KEY ("ACAD_ORG")
	  REFERENCES "CSADMIN"."TBL_ACAD_ORG" ("ACAD_ORG") ENABLE;
  ALTER TABLE "CSADMIN"."TBL_PROP_PRI_COURSES" ADD CONSTRAINT "TBL_PROP_PRI_COURSES_FK5" FOREIGN KEY ("COURSE_STATUS")
	  REFERENCES "CSADMIN"."TBL_COURSE_STATUS" ("COURSE_STATUS") ENABLE;
--------------------------------------------------------
--  Ref Constraints for Table TBL_PROP_SEC_COURSES
--------------------------------------------------------

  ALTER TABLE "CSADMIN"."TBL_PROP_SEC_COURSES" ADD CONSTRAINT "TBL_PROP_SEC_COURSES_FK1" FOREIGN KEY ("PROPID", "PRI_SEQ_NUM")
	  REFERENCES "CSADMIN"."TBL_PROP_PRI_COURSES" ("PROPID", "PRI_SEQ_NUM") ENABLE;
  ALTER TABLE "CSADMIN"."TBL_PROP_SEC_COURSES" ADD CONSTRAINT "TBL_PROP_SEC_COURSES_FK3" FOREIGN KEY ("INSTITUTION")
	  REFERENCES "CSADMIN"."TBL_INSTITUTION" ("INSTITUTION") ENABLE;
  ALTER TABLE "CSADMIN"."TBL_PROP_SEC_COURSES" ADD CONSTRAINT "TBL_PROP_SEC_COURSES_FK4" FOREIGN KEY ("CAREER")
	  REFERENCES "CSADMIN"."TBL_CAREER" ("ACAD_CAREER") ENABLE;
  ALTER TABLE "CSADMIN"."TBL_PROP_SEC_COURSES" ADD CONSTRAINT "TBL_PROP_SEC_COURSES_FK5" FOREIGN KEY ("ACAD_ORG")
	  REFERENCES "CSADMIN"."TBL_ACAD_ORG" ("ACAD_ORG") ENABLE;
  ALTER TABLE "CSADMIN"."TBL_PROP_SEC_COURSES" ADD CONSTRAINT "TBL_PROP_SEC_COURSES_FK6" FOREIGN KEY ("COURSE_STATUS")
	  REFERENCES "CSADMIN"."TBL_COURSE_STATUS" ("COURSE_STATUS") ENABLE;
--------------------------------------------------------
--  Ref Constraints for Table TBL_SHARED_PRI_COURSES
--------------------------------------------------------

  ALTER TABLE "CSADMIN"."TBL_SHARED_PRI_COURSES" ADD CONSTRAINT "TBL_SHARED_PRI_COURSES_FK1" FOREIGN KEY ("PROPID")
	  REFERENCES "CSADMIN"."TBL_PROPOSAL" ("PROPID") ENABLE;
--------------------------------------------------------
--  Ref Constraints for Table TBL_SHARED_SEC_COURSES
--------------------------------------------------------

  ALTER TABLE "CSADMIN"."TBL_SHARED_SEC_COURSES" ADD CONSTRAINT "TBL_SHARED_SEC_COURSES_FK1" FOREIGN KEY ("PROPID", "PRI_COURSE_ID")
	  REFERENCES "CSADMIN"."TBL_SHARED_PRI_COURSES" ("PROPID", "PRI_COURSE_ID") ENABLE;
--------------------------------------------------------
--  DDL for Trigger TBL_COMMENTS_TRG
--------------------------------------------------------

  CREATE OR REPLACE TRIGGER "CSADMIN"."TBL_COMMENTS_TRG" 
BEFORE INSERT ON TBL_COMMENTS 
FOR EACH ROW 
BEGIN
  <<COLUMN_SEQUENCES>>
  BEGIN
    NULL;
  END COLUMN_SEQUENCES;
END;
/
ALTER TRIGGER "CSADMIN"."TBL_COMMENTS_TRG" ENABLE;
--------------------------------------------------------
--  DDL for Trigger TBL_LOGIN_TRG
--------------------------------------------------------

  CREATE OR REPLACE TRIGGER "CSADMIN"."TBL_LOGIN_TRG" 
BEFORE INSERT ON TBL_LOGIN 
FOR EACH ROW 
BEGIN
  <<COLUMN_SEQUENCES>>
  BEGIN
    NULL;
  END COLUMN_SEQUENCES;
END;
/
ALTER TRIGGER "CSADMIN"."TBL_LOGIN_TRG" ENABLE;
--------------------------------------------------------
--  DDL for Trigger TBL_PROPOSAL_TRG
--------------------------------------------------------

  CREATE OR REPLACE TRIGGER "CSADMIN"."TBL_PROPOSAL_TRG" 
BEFORE INSERT ON TBL_PROPOSAL 
FOR EACH ROW 
BEGIN
  <<COLUMN_SEQUENCES>>
  BEGIN
    NULL;
  END COLUMN_SEQUENCES;
END;
/
ALTER TRIGGER "CSADMIN"."TBL_PROPOSAL_TRG" ENABLE;
--------------------------------------------------------
--  DDL for Trigger TBL_PROPOSAL_TRG1
--------------------------------------------------------

  CREATE OR REPLACE TRIGGER "CSADMIN"."TBL_PROPOSAL_TRG1" 
BEFORE INSERT ON TBL_PROPOSAL 
FOR EACH ROW 
BEGIN
  <<COLUMN_SEQUENCES>>
  BEGIN
    IF INSERTING AND :NEW.PROPID IS NULL THEN
      SELECT TBL_PROPOSAL_SEQ5.NEXTVAL INTO :NEW.PROPID FROM SYS.DUAL;
    END IF;
  END COLUMN_SEQUENCES;
END;
/
ALTER TRIGGER "CSADMIN"."TBL_PROPOSAL_TRG1" ENABLE;
--------------------------------------------------------
--  DDL for Trigger TBL_PROP_PRI_COURSES_TRG
--------------------------------------------------------

  CREATE OR REPLACE TRIGGER "CSADMIN"."TBL_PROP_PRI_COURSES_TRG" 
BEFORE INSERT ON TBL_PROP_PRI_COURSES 
FOR EACH ROW 
BEGIN
  <<COLUMN_SEQUENCES>>
  BEGIN
    NULL;
  END COLUMN_SEQUENCES;
END;
/
ALTER TRIGGER "CSADMIN"."TBL_PROP_PRI_COURSES_TRG" ENABLE;
--------------------------------------------------------
--  DDL for Trigger TBL_PROP_PRI_COURSES_TRG1
--------------------------------------------------------

  CREATE OR REPLACE TRIGGER "CSADMIN"."TBL_PROP_PRI_COURSES_TRG1" 
BEFORE INSERT ON TBL_PROP_PRI_COURSES 
FOR EACH ROW 
BEGIN
  <<COLUMN_SEQUENCES>>
  BEGIN
    IF INSERTING AND :NEW.PRI_SEQ_NUM IS NULL THEN
      SELECT TBL_PROP_PRI_COURSES_SEQ3.NEXTVAL INTO :NEW.PRI_SEQ_NUM FROM SYS.DUAL;
    END IF;
  END COLUMN_SEQUENCES;
END;
/
ALTER TRIGGER "CSADMIN"."TBL_PROP_PRI_COURSES_TRG1" ENABLE;
--------------------------------------------------------
--  DDL for Trigger TBL_PROP_SEC_COURSES_TRG
--------------------------------------------------------

  CREATE OR REPLACE TRIGGER "CSADMIN"."TBL_PROP_SEC_COURSES_TRG" 
BEFORE INSERT ON TBL_PROP_SEC_COURSES 
FOR EACH ROW 
BEGIN
  <<COLUMN_SEQUENCES>>
  BEGIN
    NULL;
  END COLUMN_SEQUENCES;
END;
/
ALTER TRIGGER "CSADMIN"."TBL_PROP_SEC_COURSES_TRG" ENABLE;
--------------------------------------------------------
--  DDL for Trigger TBL_PROP_SEC_COURSES_TRG1
--------------------------------------------------------

  CREATE OR REPLACE TRIGGER "CSADMIN"."TBL_PROP_SEC_COURSES_TRG1" 
BEFORE INSERT ON TBL_PROP_SEC_COURSES 
FOR EACH ROW 
BEGIN
  <<COLUMN_SEQUENCES>>
  BEGIN
    NULL;
  END COLUMN_SEQUENCES;
END;
/
ALTER TRIGGER "CSADMIN"."TBL_PROP_SEC_COURSES_TRG1" ENABLE;
--------------------------------------------------------
--  DDL for Trigger TBL_PROP_SEC_COURSES_TRG2
--------------------------------------------------------

  CREATE OR REPLACE TRIGGER "CSADMIN"."TBL_PROP_SEC_COURSES_TRG2" 
BEFORE INSERT ON TBL_PROP_SEC_COURSES 
FOR EACH ROW 
BEGIN
  <<COLUMN_SEQUENCES>>
  BEGIN
    IF INSERTING AND :NEW.PROPID IS NULL THEN
      SELECT TBL_PROP_SEC_COURSES_SEQ2.NEXTVAL INTO :NEW.PROPID FROM SYS.DUAL;
    END IF;
  END COLUMN_SEQUENCES;
END;
/
ALTER TRIGGER "CSADMIN"."TBL_PROP_SEC_COURSES_TRG2" ENABLE;
--------------------------------------------------------
--  DDL for Trigger TBL_PROP_SEC_COURSES_TRG3
--------------------------------------------------------

  CREATE OR REPLACE TRIGGER "CSADMIN"."TBL_PROP_SEC_COURSES_TRG3" 
BEFORE INSERT ON TBL_PROP_SEC_COURSES 
FOR EACH ROW 
BEGIN
  <<COLUMN_SEQUENCES>>
  BEGIN
    IF INSERTING AND :NEW.SEC_SEQ_NUM IS NULL THEN
      SELECT TBL_PROP_SEC_COURSES_SEQ3.NEXTVAL INTO :NEW.SEC_SEQ_NUM FROM SYS.DUAL;
    END IF;
  END COLUMN_SEQUENCES;
END;
/
ALTER TRIGGER "CSADMIN"."TBL_PROP_SEC_COURSES_TRG3" ENABLE;
